respondent_id,age,gender,financial_literacy,condition,scenario_id,loan_amount,applicant_credit_score,ai_recommendation,ai_confidence,ai_correct,t1,t2,t3,t4,t5,t6,t7,t8,t9,t10,t11,t12,trust_composite,agree_with_ai,response_time_sec,calibration_label
R001,49,male,4,surface,1,8000,610,deny,82,True,6,6,6,5,6,6,6,5,5,5,5,6,5.58,True,16.5,calibrated
R001,49,male,4,surface,2,15000,705,approve,91,True,7,7,6,7,6,6,7,6,6,7,5,7,6.42,True,15.3,calibrated
R001,49,male,4,surface,3,22000,640,approve,58,True,5,5,5,5,6,5,5,6,5,6,5,4,5.17,False,7.6,calibrated
R001,49,male,4,surface,4,5000,590,deny,74,True,6,6,6,5,5,5,6,6,7,6,5,5,5.67,False,26.1,calibrated
R001,49,male,4,surface,5,30000,720,approve,88,True,5,6,6,6,6,6,6,5,5,6,5,6,5.67,True,9.9,calibrated
R001,49,male,4,surface,6,12000,655,deny,63,False,3,5,4,3,3,4,5,5,4,5,5,4,4.17,False,12.5,over-trust
R001,49,male,4,surface,7,9000,680,approve,77,True,6,7,6,6,7,6,7,6,6,6,7,6,6.33,True,9.5,calibrated
R001,49,male,4,surface,8,18000,600,approve,55,False,4,3,4,3,4,4,4,4,4,4,4,3,3.75,False,10.0,calibrated
R001,49,male,4,surface,9,7000,730,approve,94,True,7,6,6,6,5,5,7,6,6,6,6,7,6.08,True,27.0,calibrated
R001,49,male,4,surface,10,25000,620,deny,69,True,5,4,3,4,4,5,4,6,5,5,4,6,4.58,False,17.8,calibrated
R002,38,male,4,counterfactual,1,8000,610,deny,82,True,7,7,7,7,6,7,6,6,7,7,7,7,6.75,True,7.7,calibrated
R002,38,male,4,counterfactual,2,15000,705,approve,91,True,7,5,6,6,7,6,6,7,6,7,7,6,6.33,True,15.1,calibrated
R002,38,male,4,counterfactual,3,22000,640,approve,58,True,5,5,5,6,5,6,6,4,5,4,4,4,4.92,True,15.5,calibrated
R002,38,male,4,counterfactual,4,5000,590,deny,74,True,6,6,6,6,6,7,6,7,7,7,7,7,6.5,True,9.5,calibrated
R002,38,male,4,counterfactual,5,30000,720,approve,88,True,6,7,5,5,7,6,5,5,6,5,7,5,5.75,True,10.5,calibrated
R002,38,male,4,counterfactual,6,12000,655,deny,63,False,4,4,4,4,4,4,5,4,5,4,4,3,4.08,False,10.4,over-trust
R002,38,male,4,counterfactual,7,9000,680,approve,77,True,7,6,7,7,7,7,7,7,6,7,6,6,6.67,True,22.9,calibrated
R002,38,male,4,counterfactual,8,18000,600,approve,55,False,3,4,4,3,4,3,2,4,2,5,3,4,3.42,False,13.0,calibrated
R002,38,male,4,counterfactual,9,7000,730,approve,94,True,6,7,5,7,5,6,6,7,6,6,6,6,6.08,False,13.0,calibrated
R002,38,male,4,counterfactual,10,25000,620,deny,69,True,7,6,6,6,6,6,6,6,7,6,7,7,6.33,True,14.5,calibrated
R003,31,female,3,counterfactual,1,8000,610,deny,82,True,5,5,6,6,5,6,6,6,5,7,5,6,5.67,True,4.9,calibrated
R003,31,female,3,counterfactual,2,15000,705,approve,91,True,5,6,7,6,6,5,7,6,6,6,6,6,6,True,20.5,calibrated
R003,31,female,3,counterfactual,3,22000,640,approve,58,True,5,5,6,5,6,5,5,5,6,6,5,5,5.33,True,6.1,calibrated
R003,31,female,3,counterfactual,4,5000,590,deny,74,True,7,7,6,5,6,6,6,6,6,6,6,5,6,True,15.4,calibrated
R003,31,female,3,counterfactual,5,30000,720,approve,88,True,6,6,6,7,6,7,7,6,7,6,5,6,6.25,True,22.2,calibrated
R003,31,female,3,counterfactual,6,12000,655,deny,63,False,4,3,4,3,3,3,2,3,2,4,2,3,3,False,16.0,calibrated
R003,31,female,3,counterfactual,7,9000,680,approve,77,True,5,5,6,5,6,7,5,5,7,6,6,7,5.83,True,15.6,calibrated
R003,31,female,3,counterfactual,8,18000,600,approve,55,False,4,2,3,2,4,4,3,4,3,3,4,1,3.08,False,21.4,calibrated
R003,31,female,3,counterfactual,9,7000,730,approve,94,True,6,6,6,5,4,5,6,5,6,6,7,5,5.58,False,17.0,calibrated
R003,31,female,3,counterfactual,10,25000,620,deny,69,True,5,6,6,7,5,7,6,7,7,5,6,6,6.08,True,15.3,calibrated
R004,38,female,3,surface,1,8000,610,deny,82,True,7,5,4,6,6,5,7,6,6,6,6,6,5.83,True,12.4,calibrated
R004,38,female,3,surface,2,15000,705,approve,91,True,5,5,6,6,6,6,7,5,7,7,7,6,6.08,False,9.0,calibrated
R004,38,female,3,surface,3,22000,640,approve,58,True,6,4,6,5,6,4,6,6,5,5,6,5,5.33,True,8.1,calibrated
R004,38,female,3,surface,4,5000,590,deny,74,True,6,6,5,5,5,6,4,5,5,5,5,5,5.17,True,9.1,calibrated
R004,38,female,3,surface,5,30000,720,approve,88,True,7,6,5,5,5,6,6,6,6,5,5,5,5.58,True,3.9,calibrated
R004,38,female,3,surface,6,12000,655,deny,63,False,4,4,5,3,4,4,6,4,6,4,4,4,4.33,False,24.2,over-trust
R004,38,female,3,surface,7,9000,680,approve,77,True,5,5,6,5,6,4,6,4,6,4,5,5,5.08,True,20.6,calibrated
R004,38,female,3,surface,8,18000,600,approve,55,False,4,3,3,2,3,4,3,5,3,4,4,3,3.42,False,18.2,calibrated
R004,38,female,3,surface,9,7000,730,approve,94,True,6,6,6,6,7,7,5,6,6,5,5,6,5.92,True,11.2,calibrated
R004,38,female,3,surface,10,25000,620,deny,69,True,5,7,5,5,5,4,4,5,5,6,5,6,5.17,True,15.3,calibrated
R005,46,male,3,counterfactual,1,8000,610,deny,82,True,6,5,6,4,4,6,6,6,6,4,5,4,5.17,False,16.6,calibrated
R005,46,male,3,counterfactual,2,15000,705,approve,91,True,7,7,6,6,7,6,6,6,7,6,6,7,6.42,True,17.4,calibrated
R005,46,male,3,counterfactual,3,22000,640,approve,58,True,6,6,5,5,5,6,6,6,6,6,6,5,5.67,True,8.8,calibrated
R005,46,male,3,counterfactual,4,5000,590,deny,74,True,6,7,7,6,5,5,6,6,7,7,6,7,6.25,True,10.4,calibrated
R005,46,male,3,counterfactual,5,30000,720,approve,88,True,7,4,6,5,7,6,5,7,5,7,7,7,6.08,True,6.2,calibrated
R005,46,male,3,counterfactual,6,12000,655,deny,63,False,4,4,3,4,3,3,5,3,2,4,3,2,3.33,False,18.1,calibrated
R005,46,male,3,counterfactual,7,9000,680,approve,77,True,6,7,6,6,6,6,7,7,5,5,6,7,6.17,True,16.5,calibrated
R005,46,male,3,counterfactual,8,18000,600,approve,55,False,2,2,2,1,1,3,4,1,2,3,1,2,2,False,6.9,calibrated
R005,46,male,3,counterfactual,9,7000,730,approve,94,True,6,7,7,6,6,7,6,7,7,7,5,7,6.5,True,17.7,calibrated
R005,46,male,3,counterfactual,10,25000,620,deny,69,True,7,5,6,7,7,6,6,5,7,5,5,6,6,True,10.0,calibrated
R006,24,female,4,none,1,8000,610,deny,82,True,5,5,5,5,6,4,4,6,5,5,6,5,5.08,False,5.0,calibrated
R006,24,female,4,none,2,15000,705,approve,91,True,6,6,6,6,6,5,5,5,6,5,5,5,5.5,False,26.6,calibrated
R006,24,female,4,none,3,22000,640,approve,58,True,5,6,5,5,4,5,3,5,4,4,4,5,4.58,True,19.2,calibrated
R006,24,female,4,none,4,5000,590,deny,74,True,6,6,6,5,5,6,7,6,7,6,5,6,5.92,True,19.7,calibrated
R006,24,female,4,none,5,30000,720,approve,88,True,5,5,4,6,6,4,5,6,5,4,5,6,5.08,True,14.3,calibrated
R006,24,female,4,none,6,12000,655,deny,63,False,4,6,5,5,5,5,5,6,5,6,5,4,5.08,False,10.7,over-trust
R006,24,female,4,none,7,9000,680,approve,77,True,6,6,6,6,5,5,4,6,6,5,4,6,5.42,True,11.4,calibrated
R006,24,female,4,none,8,18000,600,approve,55,False,4,5,4,4,4,4,5,4,4,4,4,4,4.17,True,14.7,over-trust
R006,24,female,4,none,9,7000,730,approve,94,True,7,7,7,7,6,7,6,7,7,7,5,7,6.67,True,9.8,calibrated
R006,24,female,4,none,10,25000,620,deny,69,True,5,4,4,4,4,5,4,5,4,3,5,6,4.42,True,13.5,calibrated
R007,25,male,4,none,1,8000,610,deny,82,True,6,6,5,7,5,6,5,5,6,5,7,6,5.75,False,15.7,calibrated
R007,25,male,4,none,2,15000,705,approve,91,True,5,4,6,3,5,6,5,6,6,6,6,4,5.17,True,18.0,calibrated
R007,25,male,4,none,3,22000,640,approve,58,True,4,4,6,4,4,5,4,4,5,4,4,4,4.33,False,13.9,calibrated
R007,25,male,4,none,4,5000,590,deny,74,True,5,5,4,6,6,5,5,5,6,6,5,5,5.25,True,7.9,calibrated
R007,25,male,4,none,5,30000,720,approve,88,True,6,6,5,6,5,5,5,6,6,6,5,6,5.58,True,16.2,calibrated
R007,25,male,4,none,6,12000,655,deny,63,False,4,3,3,2,5,5,4,5,4,5,4,5,4.08,True,15.2,over-trust
R007,25,male,4,none,7,9000,680,approve,77,True,5,6,5,5,5,5,5,6,6,4,6,4,5.17,True,10.7,calibrated
R007,25,male,4,none,8,18000,600,approve,55,False,4,4,5,4,4,5,4,4,4,4,2,4,4,False,15.1,over-trust
R007,25,male,4,none,9,7000,730,approve,94,True,5,5,4,4,6,6,6,6,5,5,5,5,5.17,True,18.1,calibrated
R007,25,male,4,none,10,25000,620,deny,69,True,4,3,4,4,5,4,5,6,4,5,5,5,4.5,True,17.9,calibrated
R008,22,female,4,surface,1,8000,610,deny,82,True,5,5,4,6,4,5,6,6,5,6,6,5,5.25,True,12.2,calibrated
R008,22,female,4,surface,2,15000,705,approve,91,True,5,6,6,6,7,6,5,6,6,5,6,6,5.83,True,8.6,calibrated
R008,22,female,4,surface,3,22000,640,approve,58,True,5,5,5,5,4,4,6,5,6,4,5,6,5,True,17.3,calibrated
R008,22,female,4,surface,4,5000,590,deny,74,True,5,5,6,5,5,7,6,7,5,6,6,6,5.75,True,6.7,calibrated
R008,22,female,4,surface,5,30000,720,approve,88,True,6,6,6,5,6,6,6,6,6,6,5,6,5.83,True,19.4,calibrated
R008,22,female,4,surface,6,12000,655,deny,63,False,5,5,4,4,5,3,3,5,4,4,5,3,4.17,False,11.7,over-trust
R008,22,female,4,surface,7,9000,680,approve,77,True,5,6,6,5,6,6,5,5,6,7,6,6,5.75,False,20.6,calibrated
R008,22,female,4,surface,8,18000,600,approve,55,False,3,4,4,3,3,3,3,4,3,3,3,4,3.33,False,15.1,calibrated
R008,22,female,4,surface,9,7000,730,approve,94,True,5,7,6,6,5,6,5,6,5,6,4,6,5.58,True,19.5,calibrated
R008,22,female,4,surface,10,25000,620,deny,69,True,6,6,6,5,4,5,6,6,6,5,6,6,5.58,True,10.2,calibrated
R009,37,male,4,counterfactual,1,8000,610,deny,82,True,6,6,6,5,7,6,5,6,6,6,4,5,5.67,True,15.7,calibrated
R009,37,male,4,counterfactual,2,15000,705,approve,91,True,7,7,7,7,7,7,7,6,7,5,6,7,6.67,True,22.2,calibrated
R009,37,male,4,counterfactual,3,22000,640,approve,58,True,7,6,7,6,5,6,6,6,6,6,5,6,6,True,16.5,calibrated
R009,37,male,4,counterfactual,4,5000,590,deny,74,True,7,6,7,6,6,6,6,6,7,7,5,7,6.33,True,11.6,calibrated
R009,37,male,4,counterfactual,5,30000,720,approve,88,True,6,5,7,6,7,7,6,6,7,6,7,7,6.42,True,13.4,calibrated
R009,37,male,4,counterfactual,6,12000,655,deny,63,False,2,4,3,3,3,3,3,3,2,3,4,2,2.92,False,10.8,calibrated
R009,37,male,4,counterfactual,7,9000,680,approve,77,True,5,4,4,6,4,4,6,5,5,4,4,6,4.75,False,7.1,calibrated
R009,37,male,4,counterfactual,8,18000,600,approve,55,False,3,3,3,3,4,3,3,3,3,4,4,3,3.25,False,19.2,calibrated
R009,37,male,4,counterfactual,9,7000,730,approve,94,True,6,7,5,7,6,6,7,7,6,7,7,7,6.5,True,15.9,calibrated
R009,37,male,4,counterfactual,10,25000,620,deny,69,True,5,5,6,5,6,6,6,5,7,6,6,6,5.75,True,21.9,calibrated
R010,18,male,2,none,1,8000,610,deny,82,True,4,4,5,4,6,6,6,5,5,5,5,3,4.83,False,12.2,calibrated
R010,18,male,2,none,2,15000,705,approve,91,True,6,5,6,5,5,4,6,6,6,5,5,6,5.42,True,16.9,calibrated
R010,18,male,2,none,3,22000,640,approve,58,True,5,6,4,5,5,5,6,4,6,5,4,4,4.92,True,17.7,calibrated
R010,18,male,2,none,4,5000,590,deny,74,True,6,5,4,4,5,5,4,5,5,5,4,4,4.67,True,10.1,calibrated
R010,18,male,2,none,5,30000,720,approve,88,True,6,4,5,5,6,5,6,4,6,6,5,5,5.25,True,14.9,calibrated
R010,18,male,2,none,6,12000,655,deny,63,False,4,4,5,5,5,6,4,5,6,4,4,6,4.83,True,13.1,over-trust
R010,18,male,2,none,7,9000,680,approve,77,True,6,4,4,5,5,6,6,4,5,5,6,6,5.17,True,12.0,calibrated
R010,18,male,2,none,8,18000,600,approve,55,False,3,4,3,3,4,4,4,4,3,2,3,3,3.33,False,6.7,calibrated
R010,18,male,2,none,9,7000,730,approve,94,True,4,5,6,5,5,5,6,6,5,5,6,6,5.33,True,16.3,calibrated
R010,18,male,2,none,10,25000,620,deny,69,True,5,5,6,5,5,6,5,5,5,5,4,6,5.17,True,15.2,calibrated
R011,21,prefer_not_to_say,3,counterfactual,1,8000,610,deny,82,True,7,6,6,7,7,5,7,6,7,6,3,6,6.08,False,19.1,calibrated
R011,21,prefer_not_to_say,3,counterfactual,2,15000,705,approve,91,True,6,7,5,7,7,7,7,7,7,6,7,5,6.5,True,15.1,calibrated
R011,21,prefer_not_to_say,3,counterfactual,3,22000,640,approve,58,True,6,6,5,6,6,5,5,7,5,7,5,5,5.67,True,14.2,calibrated
R011,21,prefer_not_to_say,3,counterfactual,4,5000,590,deny,74,True,6,6,6,6,6,6,5,5,6,7,5,7,5.92,False,3.0,calibrated
R011,21,prefer_not_to_say,3,counterfactual,5,30000,720,approve,88,True,7,7,6,7,5,7,7,6,6,5,7,7,6.42,True,12.9,calibrated
R011,21,prefer_not_to_say,3,counterfactual,6,12000,655,deny,63,False,3,4,4,4,4,3,3,4,2,3,3,4,3.42,False,12.7,calibrated
R011,21,prefer_not_to_say,3,counterfactual,7,9000,680,approve,77,True,5,7,7,4,4,6,6,7,6,7,7,7,6.08,True,21.5,calibrated
R011,21,prefer_not_to_say,3,counterfactual,8,18000,600,approve,55,False,2,2,3,2,2,3,3,2,2,3,2,2,2.33,False,15.3,calibrated
R011,21,prefer_not_to_say,3,counterfactual,9,7000,730,approve,94,True,6,7,7,7,7,6,7,7,7,7,7,6,6.75,True,19.7,calibrated
R011,21,prefer_not_to_say,3,counterfactual,10,25000,620,deny,69,True,5,6,7,6,7,5,7,6,6,4,6,7,6,True,20.5,calibrated
R012,35,male,4,none,1,8000,610,deny,82,True,6,5,5,5,6,6,5,6,5,5,6,5,5.42,True,4.2,calibrated
R012,35,male,4,none,2,15000,705,approve,91,True,6,5,6,6,7,5,5,6,6,6,7,6,5.92,True,10.0,calibrated
R012,35,male,4,none,3,22000,640,approve,58,True,4,5,4,5,4,3,3,4,3,3,4,4,3.83,False,23.0,under-trust
R012,35,male,4,none,4,5000,590,deny,74,True,4,4,5,4,5,5,5,5,5,4,5,4,4.58,True,14.5,calibrated
R012,35,male,4,none,5,30000,720,approve,88,True,6,5,6,5,4,5,6,5,6,5,5,5,5.25,True,21.4,calibrated
R012,35,male,4,none,6,12000,655,deny,63,False,4,4,6,4,5,4,4,5,3,5,3,5,4.33,False,14.8,over-trust
R012,35,male,4,none,7,9000,680,approve,77,True,7,6,5,5,6,6,6,6,6,7,6,5,5.92,True,11.9,calibrated
R012,35,male,4,none,8,18000,600,approve,55,False,4,5,4,5,5,5,3,4,4,3,4,3,4.08,True,13.6,over-trust
R012,35,male,4,none,9,7000,730,approve,94,True,4,4,5,5,5,6,4,5,6,5,4,5,4.83,True,12.6,calibrated
R012,35,male,4,none,10,25000,620,deny,69,True,3,3,5,4,5,4,5,4,5,3,4,4,4.08,False,8.8,calibrated
R013,31,nonbinary,3,none,1,8000,610,deny,82,True,5,7,6,6,6,5,5,5,5,6,5,4,5.42,True,4.6,calibrated
R013,31,nonbinary,3,none,2,15000,705,approve,91,True,6,6,6,5,6,6,5,5,5,7,6,6,5.75,True,15.8,calibrated
R013,31,nonbinary,3,none,3,22000,640,approve,58,True,5,5,3,4,3,3,3,4,3,3,4,5,3.75,True,17.7,under-trust
R013,31,nonbinary,3,none,4,5000,590,deny,74,True,5,5,5,5,5,5,5,4,5,6,5,6,5.08,True,16.1,calibrated
R013,31,nonbinary,3,none,5,30000,720,approve,88,True,5,5,6,6,6,5,7,5,5,6,4,4,5.33,False,15.4,calibrated
R013,31,nonbinary,3,none,6,12000,655,deny,63,False,4,4,3,3,4,4,4,5,4,3,5,4,3.92,False,13.5,calibrated
R013,31,nonbinary,3,none,7,9000,680,approve,77,True,6,4,4,6,5,4,5,7,5,5,7,5,5.25,True,15.9,calibrated
R013,31,nonbinary,3,none,8,18000,600,approve,55,False,3,2,3,3,3,3,3,2,3,4,2,3,2.83,False,6.8,calibrated
R013,31,nonbinary,3,none,9,7000,730,approve,94,True,7,6,6,6,6,5,7,7,7,7,7,7,6.5,True,17.6,calibrated
R013,31,nonbinary,3,none,10,25000,620,deny,69,True,4,4,3,4,3,4,3,4,3,4,4,4,3.67,False,16.4,under-trust
R014,33,female,3,surface,1,8000,610,deny,82,True,6,6,5,5,6,6,6,6,6,6,5,5,5.67,False,12.1,calibrated
R014,33,female,3,surface,2,15000,705,approve,91,True,6,6,6,5,5,6,5,6,6,5,6,4,5.5,True,14.7,calibrated
R014,33,female,3,surface,3,22000,640,approve,58,True,5,6,4,6,3,5,3,5,5,4,5,5,4.67,True,14.4,calibrated
R014,33,female,3,surface,4,5000,590,deny,74,True,7,7,7,6,6,6,7,7,6,6,6,7,6.5,True,22.7,calibrated
R014,33,female,3,surface,5,30000,720,approve,88,True,5,5,6,6,6,6,7,6,7,6,6,6,6,True,12.7,calibrated
R014,33,female,3,surface,6,12000,655,deny,63,False,4,3,5,4,4,4,4,3,3,3,4,4,3.75,True,14.6,calibrated
R014,33,female,3,surface,7,9000,680,approve,77,True,6,5,5,5,6,5,5,5,4,6,6,5,5.25,False,14.6,calibrated
R014,33,female,3,surface,8,18000,600,approve,55,False,3,3,3,2,2,4,4,3,2,3,3,3,2.92,False,22.5,calibrated
R014,33,female,3,surface,9,7000,730,approve,94,True,5,5,5,5,6,6,4,6,7,5,6,6,5.5,True,13.3,calibrated
R014,33,female,3,surface,10,25000,620,deny,69,True,3,3,6,5,4,4,4,3,4,5,5,3,4.08,False,11.2,calibrated
R015,37,male,2,counterfactual,1,8000,610,deny,82,True,5,6,6,5,6,7,7,6,7,7,7,6,6.25,True,5.4,calibrated
R015,37,male,2,counterfactual,2,15000,705,approve,91,True,6,6,6,7,7,6,7,7,5,7,7,6,6.42,True,3,calibrated
R015,37,male,2,counterfactual,3,22000,640,approve,58,True,5,6,6,6,7,6,6,7,6,7,7,6,6.25,True,15.2,calibrated
R015,37,male,2,counterfactual,4,5000,590,deny,74,True,5,7,6,5,5,6,6,6,6,6,6,6,5.83,True,8.8,calibrated
R015,37,male,2,counterfactual,5,30000,720,approve,88,True,6,7,7,7,6,6,7,7,7,6,7,6,6.58,True,21.1,calibrated
R015,37,male,2,counterfactual,6,12000,655,deny,63,False,4,3,4,5,4,3,4,4,4,4,4,3,3.83,True,18.6,calibrated
R015,37,male,2,counterfactual,7,9000,680,approve,77,True,6,5,6,5,6,5,5,7,6,7,6,5,5.75,True,17.2,calibrated
R015,37,male,2,counterfactual,8,18000,600,approve,55,False,4,5,4,4,4,2,4,4,3,2,4,4,3.67,True,17.9,calibrated
R015,37,male,2,counterfactual,9,7000,730,approve,94,True,5,7,6,7,6,6,7,7,7,7,7,7,6.58,True,13.9,calibrated
R015,37,male,2,counterfactual,10,25000,620,deny,69,True,6,6,7,7,7,6,6,7,6,5,7,6,6.33,True,23.2,calibrated
R016,44,female,3,counterfactual,1,8000,610,deny,82,True,5,6,5,5,6,6,6,6,7,6,6,7,5.92,True,3,calibrated
R016,44,female,3,counterfactual,2,15000,705,approve,91,True,6,7,7,6,6,7,7,7,7,7,7,7,6.75,True,16.8,calibrated
R016,44,female,3,counterfactual,3,22000,640,approve,58,True,5,4,5,6,5,5,5,5,6,6,6,5,5.25,True,21.7,calibrated
R016,44,female,3,counterfactual,4,5000,590,deny,74,True,7,6,5,6,6,7,5,5,6,7,5,6,5.92,False,12.8,calibrated
R016,44,female,3,counterfactual,5,30000,720,approve,88,True,6,6,7,7,7,7,6,7,6,7,7,6,6.58,True,17.8,calibrated
R016,44,female,3,counterfactual,6,12000,655,deny,63,False,2,3,4,3,3,3,3,3,3,3,3,3,3,False,7.8,calibrated
R016,44,female,3,counterfactual,7,9000,680,approve,77,True,6,6,6,5,6,4,5,6,6,5,6,6,5.58,True,15.1,calibrated
R016,44,female,3,counterfactual,8,18000,600,approve,55,False,2,2,4,5,3,3,4,3,2,2,4,3,3.08,True,19.7,calibrated
R016,44,female,3,counterfactual,9,7000,730,approve,94,True,6,6,5,5,5,6,7,6,6,6,5,6,5.75,True,11.6,calibrated
R016,44,female,3,counterfactual,10,25000,620,deny,69,True,6,6,6,5,5,7,7,6,6,7,7,6,6.17,False,9.4,calibrated
R017,40,male,3,counterfactual,1,8000,610,deny,82,True,7,6,6,6,6,6,6,6,7,6,7,6,6.25,True,6.2,calibrated
R017,40,male,3,counterfactual,2,15000,705,approve,91,True,5,5,5,5,7,6,5,6,6,6,6,5,5.58,True,8.7,calibrated
R017,40,male,3,counterfactual,3,22000,640,approve,58,True,6,6,7,5,6,6,5,4,5,6,5,5,5.5,False,5.6,calibrated
R017,40,male,3,counterfactual,4,5000,590,deny,74,True,6,7,7,7,7,7,7,6,7,7,5,6,6.58,True,13.6,calibrated
R017,40,male,3,counterfactual,5,30000,720,approve,88,True,7,7,6,6,7,6,7,7,7,7,6,7,6.67,True,11.1,calibrated
R017,40,male,3,counterfactual,6,12000,655,deny,63,False,3,3,2,2,1,2,3,1,3,2,4,2,2.33,False,13.3,calibrated
R017,40,male,3,counterfactual,7,9000,680,approve,77,True,6,6,6,6,7,6,7,7,6,5,6,7,6.25,True,13.2,calibrated
R017,40,male,3,counterfactual,8,18000,600,approve,55,False,2,3,4,3,4,3,2,3,4,4,3,3,3.17,True,20.7,calibrated
R017,40,male,3,counterfactual,9,7000,730,approve,94,True,7,7,7,7,7,7,7,7,7,6,7,7,6.92,True,13.5,calibrated
R017,40,male,3,counterfactual,10,25000,620,deny,69,True,6,6,5,7,5,5,5,6,5,6,6,6,5.67,True,8.7,calibrated
R018,32,male,2,none,1,8000,610,deny,82,True,6,7,5,5,6,6,6,7,6,5,6,5,5.83,True,10.1,calibrated
R018,32,male,2,none,2,15000,705,approve,91,True,6,5,6,5,6,5,7,7,5,6,6,6,5.83,True,17.6,calibrated
R018,32,male,2,none,3,22000,640,approve,58,True,5,4,6,5,4,5,4,4,5,4,5,4,4.58,True,3,calibrated
R018,32,male,2,none,4,5000,590,deny,74,True,5,6,5,5,3,6,6,5,5,6,5,6,5.25,False,3,calibrated
R018,32,male,2,none,5,30000,720,approve,88,True,5,6,4,4,6,5,5,6,5,6,4,5,5.08,True,15.4,calibrated
R018,32,male,2,none,6,12000,655,deny,63,False,4,5,4,6,4,4,4,5,4,4,4,5,4.42,True,22.8,over-trust
R018,32,male,2,none,7,9000,680,approve,77,True,5,4,5,5,6,6,5,7,5,4,5,6,5.25,True,22.1,calibrated
R018,32,male,2,none,8,18000,600,approve,55,False,4,4,3,5,4,5,4,2,4,4,3,4,3.83,True,17.2,calibrated
R018,32,male,2,none,9,7000,730,approve,94,True,6,5,5,7,6,6,7,6,6,6,6,6,6,True,16.2,calibrated
R018,32,male,2,none,10,25000,620,deny,69,True,5,5,4,5,5,5,4,5,4,4,5,5,4.67,False,17.2,calibrated
R019,42,female,2,counterfactual,1,8000,610,deny,82,True,6,6,5,6,7,7,6,6,7,7,7,7,6.42,False,19.0,calibrated
R019,42,female,2,counterfactual,2,15000,705,approve,91,True,7,6,7,5,7,7,6,7,5,6,5,6,6.17,True,6.8,calibrated
R019,42,female,2,counterfactual,3,22000,640,approve,58,True,6,6,5,6,6,6,5,6,6,6,6,7,5.92,True,12.6,calibrated
R019,42,female,2,counterfactual,4,5000,590,deny,74,True,7,7,7,6,6,7,6,7,6,6,5,7,6.42,True,21.9,calibrated
R019,42,female,2,counterfactual,5,30000,720,approve,88,True,6,6,7,7,7,7,7,7,7,7,7,6,6.75,True,12.2,calibrated
R019,42,female,2,counterfactual,6,12000,655,deny,63,False,4,4,3,4,4,4,5,4,3,4,3,5,3.92,True,15.7,calibrated
R019,42,female,2,counterfactual,7,9000,680,approve,77,True,7,6,7,7,6,7,7,7,5,6,7,6,6.5,True,13.7,calibrated
R019,42,female,2,counterfactual,8,18000,600,approve,55,False,2,2,3,2,2,3,2,3,2,3,2,5,2.58,False,21.3,calibrated
R019,42,female,2,counterfactual,9,7000,730,approve,94,True,7,7,7,7,6,7,7,7,6,7,6,7,6.75,True,19.8,calibrated
R019,42,female,2,counterfactual,10,25000,620,deny,69,True,5,6,7,6,6,6,5,5,5,5,6,5,5.58,True,10.6,calibrated
R020,23,female,4,none,1,8000,610,deny,82,True,6,5,5,6,7,6,6,4,7,5,6,7,5.83,True,14.5,calibrated
R020,23,female,4,none,2,15000,705,approve,91,True,6,7,7,7,7,7,6,6,7,7,5,6,6.5,True,15.2,calibrated
R020,23,female,4,none,3,22000,640,approve,58,True,4,5,3,6,5,5,4,4,5,5,3,5,4.5,True,4.6,calibrated
R020,23,female,4,none,4,5000,590,deny,74,True,5,6,5,5,5,3,5,5,3,5,5,4,4.67,True,16.4,calibrated
R020,23,female,4,none,5,30000,720,approve,88,True,6,5,4,4,6,5,7,5,5,6,6,5,5.33,True,9.5,calibrated
R020,23,female,4,none,6,12000,655,deny,63,False,5,5,4,4,5,4,5,5,5,5,5,5,4.75,True,15.2,over-trust
R020,23,female,4,none,7,9000,680,approve,77,True,4,5,3,2,4,4,5,4,4,5,4,6,4.17,True,19.2,calibrated
R020,23,female,4,none,8,18000,600,approve,55,False,4,5,3,4,4,4,3,4,3,4,4,4,3.83,False,18.0,calibrated
R020,23,female,4,none,9,7000,730,approve,94,True,4,6,4,6,4,6,6,6,6,4,5,6,5.25,False,16.1,calibrated
R020,23,female,4,none,10,25000,620,deny,69,True,4,5,5,5,4,5,4,5,5,5,5,6,4.83,False,8.6,calibrated
R021,52,male,1,counterfactual,1,8000,610,deny,82,True,7,7,6,6,7,7,7,7,5,7,6,6,6.5,True,8.7,calibrated
R021,52,male,1,counterfactual,2,15000,705,approve,91,True,6,7,7,6,7,6,7,7,5,7,7,7,6.58,True,5.8,calibrated
R021,52,male,1,counterfactual,3,22000,640,approve,58,True,6,5,5,5,5,3,5,5,4,6,5,6,5,True,14.3,calibrated
R021,52,male,1,counterfactual,4,5000,590,deny,74,True,5,6,6,5,5,5,6,6,4,6,6,5,5.42,False,18.8,calibrated
R021,52,male,1,counterfactual,5,30000,720,approve,88,True,7,7,6,7,5,6,7,5,6,7,7,7,6.42,True,16.9,calibrated
R021,52,male,1,counterfactual,6,12000,655,deny,63,False,5,4,4,4,5,3,3,3,4,3,3,3,3.67,True,7.6,calibrated
R021,52,male,1,counterfactual,7,9000,680,approve,77,True,4,6,5,4,5,5,5,6,6,6,4,6,5.17,False,16.4,calibrated
R021,52,male,1,counterfactual,8,18000,600,approve,55,False,3,2,3,4,3,3,3,3,3,4,3,2,3,False,15.2,calibrated
R021,52,male,1,counterfactual,9,7000,730,approve,94,True,6,7,7,6,6,7,5,6,5,7,7,5,6.17,True,11.9,calibrated
R021,52,male,1,counterfactual,10,25000,620,deny,69,True,6,6,5,6,5,5,5,5,5,5,5,5,5.25,False,9.0,calibrated
R022,35,male,4,surface,1,8000,610,deny,82,True,6,6,5,5,5,6,5,6,5,6,5,4,5.33,True,5.0,calibrated
R022,35,male,4,surface,2,15000,705,approve,91,True,5,6,6,5,4,4,6,6,5,6,5,5,5.25,False,18.5,calibrated
R022,35,male,4,surface,3,22000,640,approve,58,True,5,4,6,5,5,6,6,3,5,5,4,5,4.92,False,15.8,calibrated
R022,35,male,4,surface,4,5000,590,deny,74,True,6,5,6,5,6,6,6,5,6,6,5,6,5.67,False,23.4,calibrated
R022,35,male,4,surface,5,30000,720,approve,88,True,7,6,6,4,5,6,5,7,5,5,5,7,5.67,False,17.6,calibrated
R022,35,male,4,surface,6,12000,655,deny,63,False,5,5,4,5,4,5,4,4,5,4,3,4,4.33,True,4.9,over-trust
R022,35,male,4,surface,7,9000,680,approve,77,True,5,5,6,5,5,5,5,5,5,4,6,4,5,False,12.5,calibrated
R022,35,male,4,surface,8,18000,600,approve,55,False,3,3,2,3,3,3,4,2,2,3,4,3,2.92,False,19.0,calibrated
R022,35,male,4,surface,9,7000,730,approve,94,True,5,6,5,6,6,6,6,6,6,5,6,6,5.75,True,22.0,calibrated
R022,35,male,4,surface,10,25000,620,deny,69,True,5,5,5,4,6,5,6,4,5,5,5,6,5.08,True,19.0,calibrated
R023,38,nonbinary,2,none,1,8000,610,deny,82,True,7,4,6,6,6,6,5,5,6,6,4,5,5.5,True,13.9,calibrated
R023,38,nonbinary,2,none,2,15000,705,approve,91,True,7,5,7,6,6,6,5,5,5,7,6,7,6,True,24.7,calibrated
R023,38,nonbinary,2,none,3,22000,640,approve,58,True,4,4,5,6,4,5,6,6,6,4,5,6,5.08,True,16.8,calibrated
R023,38,nonbinary,2,none,4,5000,590,deny,74,True,5,6,4,5,3,5,4,5,4,5,5,4,4.58,True,15.8,calibrated
R023,38,nonbinary,2,none,5,30000,720,approve,88,True,6,4,6,5,5,4,6,4,6,4,4,5,4.92,False,15.4,calibrated
R023,38,nonbinary,2,none,6,12000,655,deny,63,False,3,4,4,4,4,4,4,4,4,3,4,4,3.83,True,9.0,calibrated
R023,38,nonbinary,2,none,7,9000,680,approve,77,True,5,6,5,6,5,6,6,5,6,6,7,5,5.67,True,18.5,calibrated
R023,38,nonbinary,2,none,8,18000,600,approve,55,False,3,2,3,3,3,1,2,3,3,2,3,2,2.5,False,15.0,calibrated
R023,38,nonbinary,2,none,9,7000,730,approve,94,True,6,4,5,6,6,5,7,5,6,4,5,5,5.33,True,19.8,calibrated
R023,38,nonbinary,2,none,10,25000,620,deny,69,True,4,4,5,4,4,5,4,4,6,4,5,4,4.42,True,6.9,calibrated
R024,30,female,3,none,1,8000,610,deny,82,True,5,4,3,5,5,5,3,5,6,5,4,4,4.5,False,19.0,calibrated
R024,30,female,3,none,2,15000,705,approve,91,True,5,6,6,5,5,4,5,6,7,4,4,6,5.25,True,19.8,calibrated
R024,30,female,3,none,3,22000,640,approve,58,True,4,3,4,5,4,4,4,4,4,4,4,2,3.83,True,3,under-trust
R024,30,female,3,none,4,5000,590,deny,74,True,5,5,4,4,5,5,5,4,5,3,5,5,4.58,False,14.1,calibrated
R024,30,female,3,none,5,30000,720,approve,88,True,7,7,7,6,6,6,6,7,6,5,6,6,6.25,True,15.7,calibrated
R024,30,female,3,none,6,12000,655,deny,63,False,5,5,3,3,3,4,5,4,4,2,4,3,3.75,True,15.7,calibrated
R024,30,female,3,none,7,9000,680,approve,77,True,5,6,5,4,5,5,4,4,5,4,5,5,4.75,True,11.9,calibrated
R024,30,female,3,none,8,18000,600,approve,55,False,4,4,5,5,3,3,4,4,3,4,3,3,3.75,True,18.7,calibrated
R024,30,female,3,none,9,7000,730,approve,94,True,3,6,5,5,6,7,5,4,5,6,4,5,5.08,True,15.7,calibrated
R024,30,female,3,none,10,25000,620,deny,69,True,5,5,4,4,4,5,5,3,5,6,5,5,4.67,True,10.1,calibrated
R025,36,male,4,none,1,8000,610,deny,82,True,4,5,6,5,5,5,4,6,5,6,5,5,5.08,True,14.6,calibrated
R025,36,male,4,none,2,15000,705,approve,91,True,6,6,6,6,5,6,6,5,5,6,6,7,5.83,True,9.8,calibrated
R025,36,male,4,none,3,22000,640,approve,58,True,4,3,4,4,4,4,4,4,3,3,4,4,3.75,False,11.5,under-trust
R025,36,male,4,none,4,5000,590,deny,74,True,5,3,4,4,5,4,5,4,6,5,5,6,4.67,True,7.9,calibrated
R025,36,male,4,none,5,30000,720,approve,88,True,5,6,4,6,5,7,5,6,6,5,5,4,5.33,False,14.1,calibrated
R025,36,male,4,none,6,12000,655,deny,63,False,4,4,4,2,5,3,3,3,4,5,4,5,3.83,False,16.8,calibrated
R025,36,male,4,none,7,9000,680,approve,77,True,6,5,5,5,6,6,5,5,5,7,5,5,5.42,True,12.1,calibrated
R025,36,male,4,none,8,18000,600,approve,55,False,3,3,4,3,3,3,3,4,3,3,2,3,3.08,False,7.4,calibrated
R025,36,male,4,none,9,7000,730,approve,94,True,4,5,5,6,5,5,5,6,6,5,6,4,5.17,True,22.5,calibrated
R025,36,male,4,none,10,25000,620,deny,69,True,5,6,3,5,6,6,4,5,5,5,4,5,4.92,True,9.8,calibrated
R026,44,nonbinary,3,counterfactual,1,8000,610,deny,82,True,6,7,7,6,6,7,6,6,6,5,7,6,6.25,True,8.8,calibrated
R026,44,nonbinary,3,counterfactual,2,15000,705,approve,91,True,5,5,6,6,6,6,6,7,6,6,5,6,5.83,True,16.6,calibrated
R026,44,nonbinary,3,counterfactual,3,22000,640,approve,58,True,6,5,6,6,5,5,6,6,5,5,6,6,5.58,False,21.8,calibrated
R026,44,nonbinary,3,counterfactual,4,5000,590,deny,74,True,5,5,6,6,6,7,6,6,6,6,7,5,5.92,True,22.5,calibrated
R026,44,nonbinary,3,counterfactual,5,30000,720,approve,88,True,6,5,5,6,6,7,5,6,6,6,7,7,6,True,19.3,calibrated
R026,44,nonbinary,3,counterfactual,6,12000,655,deny,63,False,4,4,2,3,3,3,3,3,3,2,3,3,3,False,20.9,calibrated
R026,44,nonbinary,3,counterfactual,7,9000,680,approve,77,True,6,6,5,5,6,5,5,6,5,6,5,6,5.5,False,10.9,calibrated
R026,44,nonbinary,3,counterfactual,8,18000,600,approve,55,False,1,2,2,2,1,1,1,2,2,3,3,3,1.92,False,13.8,calibrated
R026,44,nonbinary,3,counterfactual,9,7000,730,approve,94,True,7,6,7,6,7,7,7,7,7,7,6,7,6.75,True,15.6,calibrated
R026,44,nonbinary,3,counterfactual,10,25000,620,deny,69,True,7,6,6,6,5,6,5,6,7,6,7,6,6.08,False,18.9,calibrated
R027,38,female,2,none,1,8000,610,deny,82,True,5,6,6,5,6,6,6,5,5,6,5,6,5.58,True,20.1,calibrated
R027,38,female,2,none,2,15000,705,approve,91,True,4,5,6,6,6,4,4,5,6,5,6,4,5.08,False,12.7,calibrated
R027,38,female,2,none,3,22000,640,approve,58,True,4,4,4,6,4,5,5,5,4,5,4,6,4.67,True,17.9,calibrated
R027,38,female,2,none,4,5000,590,deny,74,True,4,4,4,6,5,4,5,4,4,4,5,5,4.5,True,12.5,calibrated
R027,38,female,2,none,5,30000,720,approve,88,True,6,5,4,5,5,5,6,6,4,5,6,5,5.17,True,9.7,calibrated
R027,38,female,2,none,6,12000,655,deny,63,False,4,4,3,4,4,4,4,4,4,5,4,3,3.92,False,14.3,calibrated
R027,38,female,2,none,7,9000,680,approve,77,True,5,5,5,6,5,4,6,6,5,4,6,6,5.25,False,7.0,calibrated
R027,38,female,2,none,8,18000,600,approve,55,False,5,4,5,4,5,5,4,4,5,4,5,5,4.58,False,15.7,over-trust
R027,38,female,2,none,9,7000,730,approve,94,True,6,6,5,6,6,6,5,4,4,7,7,5,5.58,False,10.9,calibrated
R027,38,female,2,none,10,25000,620,deny,69,True,5,5,5,5,4,4,4,5,4,6,5,4,4.67,True,13.2,calibrated
R028,43,female,3,none,1,8000,610,deny,82,True,6,6,5,6,6,5,5,6,6,7,5,6,5.75,True,15.1,calibrated
R028,43,female,3,none,2,15000,705,approve,91,True,5,5,5,6,6,5,7,5,5,4,7,5,5.42,True,15.6,calibrated
R028,43,female,3,none,3,22000,640,approve,58,True,4,4,3,5,4,3,5,4,3,3,5,3,3.83,True,18.5,under-trust
R028,43,female,3,none,4,5000,590,deny,74,True,4,5,4,4,4,5,5,4,5,4,4,5,4.42,False,24.8,calibrated
R028,43,female,3,none,5,30000,720,approve,88,True,5,5,6,6,5,5,5,6,6,5,6,6,5.5,False,14.3,calibrated
R028,43,female,3,none,6,12000,655,deny,63,False,4,5,5,4,4,3,4,4,4,5,4,2,4,False,17.9,over-trust
R028,43,female,3,none,7,9000,680,approve,77,True,6,5,5,4,5,4,4,4,6,5,5,4,4.75,True,12.6,calibrated
R028,43,female,3,none,8,18000,600,approve,55,False,4,3,2,4,4,3,3,5,4,4,4,3,3.58,False,7.0,calibrated
R028,43,female,3,none,9,7000,730,approve,94,True,5,6,5,6,6,6,6,7,5,5,6,5,5.67,False,13.5,calibrated
R028,43,female,3,none,10,25000,620,deny,69,True,4,4,4,5,4,4,5,5,6,5,5,5,4.67,True,14.1,calibrated
R029,18,male,3,surface,1,8000,610,deny,82,True,5,6,7,5,6,5,6,6,6,6,6,5,5.75,True,13.4,calibrated
R029,18,male,3,surface,2,15000,705,approve,91,True,6,6,6,5,5,6,6,6,5,7,7,6,5.92,False,19.8,calibrated
R029,18,male,3,surface,3,22000,640,approve,58,True,5,4,6,6,4,5,4,5,4,5,4,4,4.67,True,11.2,calibrated
R029,18,male,3,surface,4,5000,590,deny,74,True,5,6,5,5,4,4,6,7,6,5,7,5,5.42,True,11.2,calibrated
R029,18,male,3,surface,5,30000,720,approve,88,True,6,6,6,6,5,5,5,5,5,5,7,5,5.5,False,13.6,calibrated
R029,18,male,3,surface,6,12000,655,deny,63,False,6,6,4,6,5,5,6,4,4,5,4,4,4.92,False,11.1,over-trust
R029,18,male,3,surface,7,9000,680,approve,77,True,6,5,6,6,4,6,5,5,5,4,6,5,5.25,True,3,calibrated
R029,18,male,3,surface,8,18000,600,approve,55,False,4,4,4,5,4,5,5,3,4,3,5,5,4.25,True,14.9,over-trust
R029,18,male,3,surface,9,7000,730,approve,94,True,7,6,7,6,6,7,6,6,7,5,7,7,6.42,True,12.2,calibrated
R029,18,male,3,surface,10,25000,620,deny,69,True,5,6,6,5,5,5,6,6,5,7,6,5,5.58,True,15.7,calibrated
R030,18,female,2,counterfactual,1,8000,610,deny,82,True,7,7,7,6,7,7,6,4,7,7,6,7,6.5,True,20.6,calibrated
R030,18,female,2,counterfactual,2,15000,705,approve,91,True,6,7,7,6,7,6,6,6,6,7,7,5,6.33,True,5.2,calibrated
R030,18,female,2,counterfactual,3,22000,640,approve,58,True,5,7,7,5,6,5,6,4,6,7,6,7,5.92,True,13.7,calibrated
R030,18,female,2,counterfactual,4,5000,590,deny,74,True,5,6,7,5,6,6,5,6,5,6,4,7,5.67,True,17.0,calibrated
R030,18,female,2,counterfactual,5,30000,720,approve,88,True,7,6,7,6,6,7,7,7,7,6,6,6,6.5,True,19.6,calibrated
R030,18,female,2,counterfactual,6,12000,655,deny,63,False,3,3,2,2,4,4,3,2,3,3,3,4,3,False,14.6,calibrated
R030,18,female,2,counterfactual,7,9000,680,approve,77,True,6,7,6,6,5,6,6,6,5,7,6,6,6,True,20.1,calibrated
R030,18,female,2,counterfactual,8,18000,600,approve,55,False,3,3,3,2,2,1,3,3,2,3,3,2,2.5,True,16.4,calibrated
R030,18,female,2,counterfactual,9,7000,730,approve,94,True,7,6,7,6,6,7,7,7,6,7,6,7,6.58,False,6.0,calibrated
R030,18,female,2,counterfactual,10,25000,620,deny,69,True,6,6,7,7,6,5,5,5,5,6,6,6,5.83,False,13.4,calibrated
R031,27,prefer_not_to_say,4,none,1,8000,610,deny,82,True,5,5,6,6,6,7,6,4,7,6,5,5,5.67,True,15.4,calibrated
R031,27,prefer_not_to_say,4,none,2,15000,705,approve,91,True,6,6,5,6,6,6,6,5,6,4,7,6,5.75,True,17.0,calibrated
R031,27,prefer_not_to_say,4,none,3,22000,640,approve,58,True,4,6,4,5,5,5,4,3,4,5,4,4,4.42,True,12.0,calibrated
R031,27,prefer_not_to_say,4,none,4,5000,590,deny,74,True,5,4,5,6,4,4,3,5,4,4,4,5,4.42,True,11.6,calibrated
R031,27,prefer_not_to_say,4,none,5,30000,720,approve,88,True,6,4,4,6,5,4,4,4,6,4,5,6,4.83,False,24.1,calibrated
R031,27,prefer_not_to_say,4,none,6,12000,655,deny,63,False,3,5,4,5,4,4,4,4,4,6,4,3,4.17,True,19.5,over-trust
R031,27,prefer_not_to_say,4,none,7,9000,680,approve,77,True,3,5,6,5,6,5,5,6,5,6,7,6,5.42,False,12.2,calibrated
R031,27,prefer_not_to_say,4,none,8,18000,600,approve,55,False,4,3,4,3,2,4,4,4,5,4,5,4,3.83,True,18.7,calibrated
R031,27,prefer_not_to_say,4,none,9,7000,730,approve,94,True,6,5,6,6,5,5,6,6,5,5,7,5,5.58,True,16.3,calibrated
R031,27,prefer_not_to_say,4,none,10,25000,620,deny,69,True,5,5,6,5,5,5,5,4,3,5,4,5,4.75,True,4.2,calibrated
R032,42,male,5,surface,1,8000,610,deny,82,True,6,7,7,5,7,7,6,7,6,7,7,7,6.58,True,16.9,calibrated
R032,42,male,5,surface,2,15000,705,approve,91,True,6,6,4,6,5,5,5,6,5,7,5,6,5.5,False,13.6,calibrated
R032,42,male,5,surface,3,22000,640,approve,58,True,6,5,4,6,5,4,5,5,5,5,4,4,4.83,True,15.5,calibrated
R032,42,male,5,surface,4,5000,590,deny,74,True,7,7,6,6,6,5,6,6,7,6,6,7,6.25,True,8.3,calibrated
R032,42,male,5,surface,5,30000,720,approve,88,True,6,5,7,5,6,5,5,5,5,6,5,6,5.5,True,13.8,calibrated
R032,42,male,5,surface,6,12000,655,deny,63,False,4,4,5,3,5,4,3,4,3,4,4,4,3.92,False,17.4,calibrated
R032,42,male,5,surface,7,9000,680,approve,77,True,5,6,5,5,5,6,5,5,5,5,4,6,5.17,False,26.0,calibrated
R032,42,male,5,surface,8,18000,600,approve,55,False,3,1,2,4,2,3,3,3,3,3,2,5,2.83,False,22.9,calibrated
R032,42,male,5,surface,9,7000,730,approve,94,True,5,6,6,6,6,5,7,6,4,5,7,6,5.75,True,15.6,calibrated
R032,42,male,5,surface,10,25000,620,deny,69,True,6,6,4,7,6,5,5,6,6,6,4,5,5.5,True,20.3,calibrated
R033,52,female,4,none,1,8000,610,deny,82,True,6,6,6,6,5,5,6,6,5,7,6,4,5.67,True,22.2,calibrated
R033,52,female,4,none,2,15000,705,approve,91,True,6,5,5,5,6,5,6,5,4,5,5,5,5.17,True,7.9,calibrated
R033,52,female,4,none,3,22000,640,approve,58,True,6,5,5,4,5,5,6,4,4,5,5,4,4.83,True,15.1,calibrated
R033,52,female,4,none,4,5000,590,deny,74,True,5,5,3,6,6,6,5,5,6,6,6,5,5.33,True,13.4,calibrated
R033,52,female,4,none,5,30000,720,approve,88,True,6,6,5,5,5,5,6,6,5,5,6,4,5.33,False,12.9,calibrated
R033,52,female,4,none,6,12000,655,deny,63,False,3,4,4,2,3,3,3,3,3,4,3,4,3.25,False,12.5,calibrated
R033,52,female,4,none,7,9000,680,approve,77,True,5,4,5,5,5,5,5,4,5,5,4,5,4.75,True,7.6,calibrated
R033,52,female,4,none,8,18000,600,approve,55,False,4,5,5,3,4,4,3,4,4,4,5,4,4.08,False,10.7,over-trust
R033,52,female,4,none,9,7000,730,approve,94,True,5,4,6,4,6,5,4,5,4,6,5,5,4.92,True,8.6,calibrated
R033,52,female,4,none,10,25000,620,deny,69,True,5,4,6,4,4,4,3,4,5,4,5,5,4.42,True,3,calibrated
R034,18,male,4,surface,1,8000,610,deny,82,True,5,6,6,5,5,6,5,6,5,5,5,7,5.5,False,11.8,calibrated
R034,18,male,4,surface,2,15000,705,approve,91,True,5,6,5,6,6,6,6,5,6,5,6,5,5.58,True,12.9,calibrated
R034,18,male,4,surface,3,22000,640,approve,58,True,4,5,4,4,6,5,4,5,5,4,5,4,4.58,True,17.0,calibrated
R034,18,male,4,surface,4,5000,590,deny,74,True,5,6,4,6,6,5,5,5,5,6,5,6,5.33,True,16.8,calibrated
R034,18,male,4,surface,5,30000,720,approve,88,True,6,4,5,5,7,5,6,4,3,6,4,7,5.17,False,11.2,calibrated
R034,18,male,4,surface,6,12000,655,deny,63,False,3,4,4,3,4,4,4,3,4,4,4,4,3.75,True,21.0,calibrated
R034,18,male,4,surface,7,9000,680,approve,77,True,6,5,6,5,7,6,5,5,6,4,6,6,5.58,True,17.7,calibrated
R034,18,male,4,surface,8,18000,600,approve,55,False,5,4,6,4,3,4,4,6,5,5,3,4,4.42,False,11.9,over-trust
R034,18,male,4,surface,9,7000,730,approve,94,True,6,5,6,7,7,6,6,6,5,6,7,6,6.08,True,7.7,calibrated
R034,18,male,4,surface,10,25000,620,deny,69,True,6,6,6,7,6,6,7,6,6,5,6,6,6.08,True,14.9,calibrated
R035,18,male,2,none,1,8000,610,deny,82,True,5,7,6,6,7,6,7,5,5,5,6,5,5.83,True,10.3,calibrated
R035,18,male,2,none,2,15000,705,approve,91,True,5,6,6,6,7,6,6,7,6,5,7,6,6.08,True,12.3,calibrated
R035,18,male,2,none,3,22000,640,approve,58,True,4,3,3,2,5,4,3,4,3,4,4,4,3.58,True,12.9,under-trust
R035,18,male,2,none,4,5000,590,deny,74,True,4,6,4,5,3,4,5,4,6,5,5,5,4.67,True,20.6,calibrated
R035,18,male,2,none,5,30000,720,approve,88,True,7,5,6,4,6,6,6,6,5,5,5,6,5.58,True,23.2,calibrated
R035,18,male,2,none,6,12000,655,deny,63,False,3,3,3,5,4,5,4,4,5,3,4,4,3.92,True,14.9,calibrated
R035,18,male,2,none,7,9000,680,approve,77,True,6,5,5,6,4,4,7,5,6,5,5,5,5.25,False,17.4,calibrated
R035,18,male,2,none,8,18000,600,approve,55,False,4,3,5,3,3,4,4,4,5,3,2,4,3.67,False,11.7,calibrated
R035,18,male,2,none,9,7000,730,approve,94,True,6,6,6,5,6,5,6,6,4,5,5,5,5.42,False,16.0,calibrated
R035,18,male,2,none,10,25000,620,deny,69,True,6,5,5,5,4,4,5,4,5,5,4,5,4.75,True,15.4,calibrated
R036,48,male,1,counterfactual,1,8000,610,deny,82,True,6,7,6,5,5,6,5,6,6,6,5,7,5.83,True,9.9,calibrated
R036,48,male,1,counterfactual,2,15000,705,approve,91,True,6,6,7,5,6,6,7,7,6,7,6,6,6.25,True,16.4,calibrated
R036,48,male,1,counterfactual,3,22000,640,approve,58,True,4,5,5,5,5,6,4,6,4,5,5,5,4.92,True,14.5,calibrated
R036,48,male,1,counterfactual,4,5000,590,deny,74,True,6,6,6,6,5,6,6,5,5,6,5,7,5.75,False,15.8,calibrated
R036,48,male,1,counterfactual,5,30000,720,approve,88,True,5,5,6,4,5,5,4,6,6,4,4,5,4.92,True,15.8,calibrated
R036,48,male,1,counterfactual,6,12000,655,deny,63,False,3,4,4,4,3,4,4,4,4,4,3,5,3.83,False,10.2,calibrated
R036,48,male,1,counterfactual,7,9000,680,approve,77,True,6,6,7,6,6,7,7,6,7,7,7,7,6.58,True,14.7,calibrated
R036,48,male,1,counterfactual,8,18000,600,approve,55,False,3,3,2,3,2,2,1,2,3,2,2,3,2.33,False,11.0,calibrated
R036,48,male,1,counterfactual,9,7000,730,approve,94,True,5,6,6,6,5,6,5,6,6,6,7,4,5.67,True,22.4,calibrated
R036,48,male,1,counterfactual,10,25000,620,deny,69,True,5,4,5,5,5,5,5,5,6,6,7,4,5.17,False,15.5,calibrated
R037,31,nonbinary,3,surface,1,8000,610,deny,82,True,6,6,6,6,6,7,7,6,6,6,6,6,6.17,True,5.9,calibrated
R037,31,nonbinary,3,surface,2,15000,705,approve,91,True,5,7,6,5,7,6,7,5,5,6,6,6,5.92,True,13.4,calibrated
R037,31,nonbinary,3,surface,3,22000,640,approve,58,True,4,4,4,5,3,5,6,5,3,5,4,4,4.33,False,14.0,calibrated
R037,31,nonbinary,3,surface,4,5000,590,deny,74,True,6,5,5,5,5,5,5,4,5,6,5,6,5.17,True,10.2,calibrated
R037,31,nonbinary,3,surface,5,30000,720,approve,88,True,6,5,5,6,6,5,7,6,6,6,7,5,5.83,True,18.4,calibrated
R037,31,nonbinary,3,surface,6,12000,655,deny,63,False,4,5,4,5,4,3,4,3,4,4,5,3,4,True,10.3,over-trust
R037,31,nonbinary,3,surface,7,9000,680,approve,77,True,6,6,5,6,6,6,5,5,6,6,5,5,5.58,False,12.5,calibrated
R037,31,nonbinary,3,surface,8,18000,600,approve,55,False,3,4,2,3,3,2,3,3,2,3,3,1,2.67,False,18.4,calibrated
R037,31,nonbinary,3,surface,9,7000,730,approve,94,True,7,7,6,7,6,7,7,5,6,6,7,6,6.42,True,12.9,calibrated
R037,31,nonbinary,3,surface,10,25000,620,deny,69,True,4,5,4,4,4,6,4,5,4,5,6,5,4.67,True,17.9,calibrated
R038,22,male,2,counterfactual,1,8000,610,deny,82,True,6,7,6,7,6,7,7,6,6,6,6,7,6.42,True,4.0,calibrated
R038,22,male,2,counterfactual,2,15000,705,approve,91,True,7,7,7,6,7,6,7,7,6,6,7,5,6.5,True,16.4,calibrated
R038,22,male,2,counterfactual,3,22000,640,approve,58,True,5,5,6,5,5,6,6,5,6,6,5,6,5.5,False,15.5,calibrated
R038,22,male,2,counterfactual,4,5000,590,deny,74,True,7,5,6,6,5,7,7,6,6,7,6,7,6.25,True,14.8,calibrated
R038,22,male,2,counterfactual,5,30000,720,approve,88,True,6,7,6,6,6,6,7,6,7,7,6,7,6.42,True,6.4,calibrated
R038,22,male,2,counterfactual,6,12000,655,deny,63,False,3,4,3,4,3,4,4,3,4,4,4,3,3.58,False,3.6,calibrated
R038,22,male,2,counterfactual,7,9000,680,approve,77,True,6,6,7,7,7,6,6,7,7,6,6,6,6.42,True,20.4,calibrated
R038,22,male,2,counterfactual,8,18000,600,approve,55,False,2,3,2,3,3,4,3,3,2,3,3,3,2.83,False,12.1,calibrated
R038,22,male,2,counterfactual,9,7000,730,approve,94,True,5,6,6,6,6,6,7,6,6,6,6,6,6,True,17.6,calibrated
R038,22,male,2,counterfactual,10,25000,620,deny,69,True,5,7,7,6,7,6,5,6,6,7,6,7,6.25,True,18.1,calibrated
R039,28,female,3,none,1,8000,610,deny,82,True,6,7,5,4,6,5,5,5,5,5,5,4,5.17,True,17.6,calibrated
R039,28,female,3,none,2,15000,705,approve,91,True,6,5,4,4,3,4,4,5,5,5,4,4,4.42,False,7.8,calibrated
R039,28,female,3,none,3,22000,640,approve,58,True,5,5,5,5,5,6,6,4,5,6,5,6,5.25,True,13.9,calibrated
R039,28,female,3,none,4,5000,590,deny,74,True,4,4,4,5,5,5,4,5,4,4,4,4,4.33,False,21.4,calibrated
R039,28,female,3,none,5,30000,720,approve,88,True,6,7,4,5,4,5,4,5,5,4,5,4,4.83,True,18.8,calibrated
R039,28,female,3,none,6,12000,655,deny,63,False,5,4,4,4,4,5,5,4,4,5,5,4,4.42,True,18.1,over-trust
R039,28,female,3,none,7,9000,680,approve,77,True,5,4,5,6,6,5,4,6,6,4,6,5,5.17,False,13.8,calibrated
R039,28,female,3,none,8,18000,600,approve,55,False,4,3,5,4,4,5,4,3,3,4,5,3,3.92,True,3.7,calibrated
R039,28,female,3,none,9,7000,730,approve,94,True,5,6,6,6,6,6,7,6,5,4,5,6,5.67,True,8.5,calibrated
R039,28,female,3,none,10,25000,620,deny,69,True,5,6,5,4,5,4,5,6,7,6,5,6,5.33,True,16.6,calibrated
R040,36,female,3,none,1,8000,610,deny,82,True,3,4,5,4,3,5,4,4,5,4,3,4,4,True,8.2,calibrated
R040,36,female,3,none,2,15000,705,approve,91,True,6,6,6,5,7,5,6,6,6,7,6,6,6,False,3,calibrated
R040,36,female,3,none,3,22000,640,approve,58,True,4,5,4,4,5,3,4,4,4,4,5,4,4.17,True,15.0,calibrated
R040,36,female,3,none,4,5000,590,deny,74,True,5,5,5,4,4,4,4,5,5,5,6,5,4.75,False,20.8,calibrated
R040,36,female,3,none,5,30000,720,approve,88,True,6,6,4,4,4,5,3,5,5,5,5,4,4.67,False,11.9,calibrated
R040,36,female,3,none,6,12000,655,deny,63,False,5,5,3,5,5,4,4,3,5,3,2,5,4.08,True,17.5,over-trust
R040,36,female,3,none,7,9000,680,approve,77,True,3,6,5,6,5,5,5,5,4,6,6,4,5,False,14.0,calibrated
R040,36,female,3,none,8,18000,600,approve,55,False,5,5,5,3,3,4,4,4,3,4,4,6,4.17,False,19.0,over-trust
R040,36,female,3,none,9,7000,730,approve,94,True,4,6,5,4,7,5,5,6,5,5,4,6,5.17,True,9.8,calibrated
R040,36,female,3,none,10,25000,620,deny,69,True,3,5,4,4,4,5,3,4,4,3,4,6,4.08,True,11.4,calibrated
R041,27,male,2,none,1,8000,610,deny,82,True,5,4,5,6,5,4,4,4,5,5,5,5,4.75,True,4.6,calibrated
R041,27,male,2,none,2,15000,705,approve,91,True,6,6,7,6,7,5,5,6,5,6,5,6,5.83,True,16.2,calibrated
R041,27,male,2,none,3,22000,640,approve,58,True,4,5,5,4,5,5,5,4,5,5,5,6,4.83,False,9.2,calibrated
R041,27,male,2,none,4,5000,590,deny,74,True,6,4,6,6,5,5,5,4,5,4,6,4,5,True,16.8,calibrated
R041,27,male,2,none,5,30000,720,approve,88,True,5,5,6,6,6,6,5,5,4,6,5,5,5.33,False,14.1,calibrated
R041,27,male,2,none,6,12000,655,deny,63,False,5,4,3,4,4,3,3,3,3,4,4,4,3.67,True,12.5,calibrated
R041,27,male,2,none,7,9000,680,approve,77,True,4,6,6,6,6,5,5,5,5,6,6,5,5.42,True,11.0,calibrated
R041,27,male,2,none,8,18000,600,approve,55,False,3,3,3,3,4,4,2,4,4,3,3,3,3.25,False,14.6,calibrated
R041,27,male,2,none,9,7000,730,approve,94,True,6,4,4,5,5,4,6,6,6,6,5,4,5.08,False,9.5,calibrated
R041,27,male,2,none,10,25000,620,deny,69,True,6,5,5,5,4,5,6,6,5,5,6,5,5.25,False,4.3,calibrated
R042,52,female,3,none,1,8000,610,deny,82,True,6,6,6,5,4,6,5,6,5,6,6,5,5.5,False,17.3,calibrated
R042,52,female,3,none,2,15000,705,approve,91,True,6,5,6,6,4,5,6,6,6,5,5,5,5.42,True,18.0,calibrated
R042,52,female,3,none,3,22000,640,approve,58,True,4,4,3,4,5,3,3,2,3,5,4,4,3.67,False,14.5,under-trust
R042,52,female,3,none,4,5000,590,deny,74,True,5,4,4,5,4,4,5,4,4,4,3,4,4.17,True,19.0,calibrated
R042,52,female,3,none,5,30000,720,approve,88,True,5,5,6,6,6,5,5,6,4,5,5,6,5.33,True,10.8,calibrated
R042,52,female,3,none,6,12000,655,deny,63,False,2,2,3,3,3,2,2,3,3,4,3,3,2.75,True,8.3,calibrated
R042,52,female,3,none,7,9000,680,approve,77,True,6,6,5,4,6,7,5,6,5,6,5,7,5.67,True,20.3,calibrated
R042,52,female,3,none,8,18000,600,approve,55,False,3,3,4,3,3,2,4,4,4,2,3,3,3.17,True,14.2,calibrated
R042,52,female,3,none,9,7000,730,approve,94,True,5,5,6,6,5,6,6,4,6,6,6,7,5.67,False,12.9,calibrated
R042,52,female,3,none,10,25000,620,deny,69,True,5,4,4,5,4,4,4,4,4,4,5,4,4.25,True,14.7,calibrated
R043,31,male,3,surface,1,8000,610,deny,82,True,5,5,5,6,6,5,5,5,6,6,6,5,5.42,True,13.2,calibrated
R043,31,male,3,surface,2,15000,705,approve,91,True,6,7,7,6,6,6,5,6,7,6,6,7,6.25,True,20.5,calibrated
R043,31,male,3,surface,3,22000,640,approve,58,True,5,4,4,5,6,6,5,5,4,4,5,6,4.92,False,9.9,calibrated
R043,31,male,3,surface,4,5000,590,deny,74,True,5,6,6,5,6,4,6,6,5,5,6,5,5.42,True,5.7,calibrated
R043,31,male,3,surface,5,30000,720,approve,88,True,6,7,7,6,6,6,7,5,5,6,5,6,6,True,9.7,calibrated
R043,31,male,3,surface,6,12000,655,deny,63,False,4,3,2,4,3,4,3,3,2,3,4,3,3.17,False,12.2,calibrated
R043,31,male,3,surface,7,9000,680,approve,77,True,5,7,4,6,7,5,5,5,5,5,6,6,5.5,True,6.3,calibrated
R043,31,male,3,surface,8,18000,600,approve,55,False,4,4,4,5,4,4,5,4,3,3,4,4,4,False,5.1,over-trust
R043,31,male,3,surface,9,7000,730,approve,94,True,6,7,7,7,6,6,6,6,6,6,6,7,6.33,True,13.1,calibrated
R043,31,male,3,surface,10,25000,620,deny,69,True,7,5,6,5,5,4,6,5,6,6,6,5,5.5,True,17.8,calibrated
R044,18,female,4,surface,1,8000,610,deny,82,True,5,5,6,5,5,4,5,4,6,5,6,5,5.08,False,20.1,calibrated
R044,18,female,4,surface,2,15000,705,approve,91,True,6,6,7,6,5,6,7,6,4,7,6,6,6,True,8.9,calibrated
R044,18,female,4,surface,3,22000,640,approve,58,True,4,4,4,5,3,3,5,4,3,4,3,4,3.83,True,17.6,under-trust
R044,18,female,4,surface,4,5000,590,deny,74,True,4,4,6,5,5,5,4,5,5,4,4,4,4.58,False,14.4,calibrated
R044,18,female,4,surface,5,30000,720,approve,88,True,5,5,5,6,4,6,6,5,6,6,5,5,5.33,True,9.5,calibrated
R044,18,female,4,surface,6,12000,655,deny,63,False,4,5,4,4,5,6,5,4,3,4,4,4,4.33,True,11.5,over-trust
R044,18,female,4,surface,7,9000,680,approve,77,True,5,6,5,5,6,5,5,5,4,5,5,5,5.08,True,18.1,calibrated
R044,18,female,4,surface,8,18000,600,approve,55,False,3,2,4,3,4,3,4,2,3,3,3,3,3.08,False,15.0,calibrated
R044,18,female,4,surface,9,7000,730,approve,94,True,6,6,6,6,6,4,7,5,6,5,5,7,5.75,True,23.1,calibrated
R044,18,female,4,surface,10,25000,620,deny,69,True,5,5,5,6,6,5,5,6,6,5,5,6,5.42,True,16.4,calibrated
R045,18,female,3,surface,1,8000,610,deny,82,True,5,5,6,5,5,6,5,5,5,6,6,6,5.42,True,11.4,calibrated
R045,18,female,3,surface,2,15000,705,approve,91,True,6,6,5,5,6,7,5,5,6,4,6,5,5.5,True,20.0,calibrated
R045,18,female,3,surface,3,22000,640,approve,58,True,5,6,6,4,5,5,5,4,5,4,6,6,5.08,True,18.6,calibrated
R045,18,female,3,surface,4,5000,590,deny,74,True,6,5,6,5,6,6,5,5,5,7,6,6,5.67,True,13.1,calibrated
R045,18,female,3,surface,5,30000,720,approve,88,True,6,5,5,6,5,5,6,6,5,7,6,5,5.58,False,18.9,calibrated
R045,18,female,3,surface,6,12000,655,deny,63,False,5,4,4,3,4,5,3,3,3,3,5,4,3.83,False,20.7,calibrated
R045,18,female,3,surface,7,9000,680,approve,77,True,5,7,6,7,5,5,5,5,5,6,5,6,5.58,True,9.1,calibrated
R045,18,female,3,surface,8,18000,600,approve,55,False,4,3,3,1,5,3,4,3,3,2,3,4,3.17,True,12.5,calibrated
R045,18,female,3,surface,9,7000,730,approve,94,True,7,6,7,6,6,6,6,6,5,5,5,4,5.75,True,22.0,calibrated
R045,18,female,3,surface,10,25000,620,deny,69,True,5,5,4,6,6,5,5,4,4,6,4,6,5,True,10.4,calibrated
R046,31,female,2,counterfactual,1,8000,610,deny,82,True,7,7,7,7,6,6,7,6,6,7,5,7,6.5,True,11.8,calibrated
R046,31,female,2,counterfactual,2,15000,705,approve,91,True,7,6,6,7,7,6,6,7,6,7,7,7,6.58,True,12.6,calibrated
R046,31,female,2,counterfactual,3,22000,640,approve,58,True,5,6,6,6,5,6,6,5,5,6,6,5,5.58,True,21.3,calibrated
R046,31,female,2,counterfactual,4,5000,590,deny,74,True,7,6,6,6,7,6,6,6,6,7,7,6,6.33,False,7.0,calibrated
R046,31,female,2,counterfactual,5,30000,720,approve,88,True,6,6,7,6,6,5,7,7,7,7,7,6,6.42,True,19.0,calibrated
R046,31,female,2,counterfactual,6,12000,655,deny,63,False,3,5,3,4,3,3,2,4,5,3,3,4,3.5,True,9.8,calibrated
R046,31,female,2,counterfactual,7,9000,680,approve,77,True,6,6,6,6,6,6,7,5,6,6,6,5,5.92,True,19.5,calibrated
R046,31,female,2,counterfactual,8,18000,600,approve,55,False,3,3,2,3,2,3,3,2,3,3,1,3,2.58,False,19.8,calibrated
R046,31,female,2,counterfactual,9,7000,730,approve,94,True,7,6,7,7,7,6,6,5,6,6,7,7,6.42,False,23.1,calibrated
R046,31,female,2,counterfactual,10,25000,620,deny,69,True,6,7,6,6,6,6,5,6,6,5,7,6,6,True,23.3,calibrated
R047,22,male,3,none,1,8000,610,deny,82,True,5,5,5,4,4,3,3,5,5,5,4,5,4.42,False,17.5,calibrated
R047,22,male,3,none,2,15000,705,approve,91,True,5,5,6,6,5,5,4,6,7,7,4,6,5.5,False,7.1,calibrated
R047,22,male,3,none,3,22000,640,approve,58,True,4,4,5,4,5,6,5,4,4,4,6,5,4.67,False,14.3,calibrated
R047,22,male,3,none,4,5000,590,deny,74,True,5,5,4,4,5,6,4,5,5,3,5,6,4.75,False,16.0,calibrated
R047,22,male,3,none,5,30000,720,approve,88,True,6,6,4,6,5,4,4,6,4,5,5,5,5,True,3.1,calibrated
R047,22,male,3,none,6,12000,655,deny,63,False,4,4,4,3,3,4,3,5,5,4,4,4,3.92,False,7.3,calibrated
R047,22,male,3,none,7,9000,680,approve,77,True,5,4,4,5,5,5,5,4,4,6,6,4,4.75,False,16.9,calibrated
R047,22,male,3,none,8,18000,600,approve,55,False,4,5,6,5,4,5,4,4,5,5,5,4,4.67,False,14.3,over-trust
R047,22,male,3,none,9,7000,730,approve,94,True,5,6,5,5,5,5,6,6,5,6,5,6,5.42,True,13.6,calibrated
R047,22,male,3,none,10,25000,620,deny,69,True,6,5,6,6,6,5,5,6,5,5,4,5,5.33,True,8.5,calibrated
R048,29,female,4,none,1,8000,610,deny,82,True,5,6,5,5,6,5,5,6,4,6,5,5,5.25,True,25.3,calibrated
R048,29,female,4,none,2,15000,705,approve,91,True,5,5,6,5,4,4,4,6,5,6,5,6,5.08,True,17.9,calibrated
R048,29,female,4,none,3,22000,640,approve,58,True,4,4,5,5,4,4,3,4,4,5,6,4,4.33,False,12.0,calibrated
R048,29,female,4,none,4,5000,590,deny,74,True,5,5,5,5,5,5,5,6,5,4,6,3,4.92,True,9.1,calibrated
R048,29,female,4,none,5,30000,720,approve,88,True,4,5,5,4,6,6,5,5,5,5,5,5,5,True,9.5,calibrated
R048,29,female,4,none,6,12000,655,deny,63,False,4,4,3,4,3,4,4,5,3,4,4,5,3.92,False,11.4,calibrated
R048,29,female,4,none,7,9000,680,approve,77,True,6,6,6,6,5,6,6,6,6,7,4,6,5.83,False,15.9,calibrated
R048,29,female,4,none,8,18000,600,approve,55,False,4,4,4,4,3,5,4,4,3,4,4,4,3.92,False,8.3,calibrated
R048,29,female,4,none,9,7000,730,approve,94,True,6,5,6,6,6,5,5,6,7,6,6,5,5.75,True,12.1,calibrated
R048,29,female,4,none,10,25000,620,deny,69,True,4,4,4,3,5,4,4,5,5,4,5,5,4.33,False,6.7,calibrated
R049,30,female,3,surface,1,8000,610,deny,82,True,5,5,6,5,5,5,6,7,6,5,5,6,5.5,True,20.9,calibrated
R049,30,female,3,surface,2,15000,705,approve,91,True,6,5,7,6,5,6,6,7,7,5,7,6,6.08,True,16.5,calibrated
R049,30,female,3,surface,3,22000,640,approve,58,True,5,5,5,4,4,5,4,5,2,5,5,5,4.5,True,5.3,calibrated
R049,30,female,3,surface,4,5000,590,deny,74,True,6,4,5,4,6,4,4,4,5,5,5,4,4.67,True,13.2,calibrated
R049,30,female,3,surface,5,30000,720,approve,88,True,6,5,5,5,6,6,5,6,5,7,6,5,5.58,True,19.9,calibrated
R049,30,female,3,surface,6,12000,655,deny,63,False,4,3,5,4,4,4,4,4,3,3,4,4,3.83,False,7.7,calibrated
R049,30,female,3,surface,7,9000,680,approve,77,True,5,5,5,5,5,6,5,6,5,5,5,5,5.17,False,18.8,calibrated
R049,30,female,3,surface,8,18000,600,approve,55,False,4,3,4,3,4,4,3,4,5,3,4,4,3.75,False,22.5,calibrated
R049,30,female,3,surface,9,7000,730,approve,94,True,7,7,7,7,7,7,6,7,7,7,6,7,6.83,True,16.5,calibrated
R049,30,female,3,surface,10,25000,620,deny,69,True,5,5,4,5,5,4,5,4,5,4,4,4,4.5,True,10.7,calibrated
R050,41,male,2,surface,1,8000,610,deny,82,True,5,5,6,7,5,7,6,7,5,5,6,5,5.75,True,4.3,calibrated
R050,41,male,2,surface,2,15000,705,approve,91,True,6,6,7,6,5,4,5,7,6,6,6,6,5.83,True,10.4,calibrated
R050,41,male,2,surface,3,22000,640,approve,58,True,5,4,5,5,5,4,4,4,3,6,4,5,4.5,False,10.1,calibrated
R050,41,male,2,surface,4,5000,590,deny,74,True,7,7,6,6,6,7,6,5,6,5,6,5,6,True,8.3,calibrated
R050,41,male,2,surface,5,30000,720,approve,88,True,6,7,7,7,6,7,6,6,6,6,6,6,6.33,True,11.2,calibrated
R050,41,male,2,surface,6,12000,655,deny,63,False,4,4,5,3,3,3,4,4,3,2,3,4,3.5,False,16.8,calibrated
R050,41,male,2,surface,7,9000,680,approve,77,True,7,6,5,6,5,7,6,6,6,6,6,7,6.08,False,16.3,calibrated
R050,41,male,2,surface,8,18000,600,approve,55,False,4,3,3,3,3,3,2,3,2,3,3,3,2.92,False,14.4,calibrated
R050,41,male,2,surface,9,7000,730,approve,94,True,7,7,7,7,7,7,6,7,7,6,7,6,6.75,True,20.5,calibrated
R050,41,male,2,surface,10,25000,620,deny,69,True,4,5,5,5,5,5,5,6,5,5,5,5,5,True,21.1,calibrated
R051,29,male,4,none,1,8000,610,deny,82,True,4,5,5,5,5,5,5,5,5,5,5,6,5,False,18.7,calibrated
R051,29,male,4,none,2,15000,705,approve,91,True,5,6,5,5,4,6,5,5,6,5,5,5,5.17,False,5.1,calibrated
R051,29,male,4,none,3,22000,640,approve,58,True,3,4,6,3,5,5,6,5,5,5,5,4,4.67,False,12.4,calibrated
R051,29,male,4,none,4,5000,590,deny,74,True,4,5,3,4,4,5,5,3,5,5,4,4,4.25,False,14.7,calibrated
R051,29,male,4,none,5,30000,720,approve,88,True,7,6,6,6,6,4,7,5,5,7,6,6,5.92,True,13.3,calibrated
R051,29,male,4,none,6,12000,655,deny,63,False,3,3,3,4,5,3,5,3,2,4,3,3,3.42,True,23.9,calibrated
R051,29,male,4,none,7,9000,680,approve,77,True,5,4,6,6,6,5,5,5,5,3,6,6,5.17,True,9.8,calibrated
R051,29,male,4,none,8,18000,600,approve,55,False,4,4,4,5,4,3,2,4,5,3,3,5,3.83,False,14.0,calibrated
R051,29,male,4,none,9,7000,730,approve,94,True,5,5,5,5,6,6,6,6,7,6,5,6,5.67,True,12.0,calibrated
R051,29,male,4,none,10,25000,620,deny,69,True,5,4,3,4,3,4,3,3,4,4,4,2,3.58,True,16.4,under-trust
R052,52,female,3,surface,1,8000,610,deny,82,True,7,5,6,6,7,4,7,6,5,5,5,7,5.83,True,13.7,calibrated
R052,52,female,3,surface,2,15000,705,approve,91,True,6,6,5,6,7,7,5,5,6,6,5,5,5.75,True,16.4,calibrated
R052,52,female,3,surface,3,22000,640,approve,58,True,5,3,5,5,4,5,4,4,4,5,3,5,4.33,False,8.4,calibrated
R052,52,female,3,surface,4,5000,590,deny,74,True,6,5,4,6,5,6,5,4,5,5,4,4,4.92,True,3,calibrated
R052,52,female,3,surface,5,30000,720,approve,88,True,5,7,7,6,7,6,6,5,6,6,6,7,6.17,True,3,calibrated
R052,52,female,3,surface,6,12000,655,deny,63,False,4,4,4,4,5,5,3,4,3,5,4,5,4.17,True,18.8,over-trust
R052,52,female,3,surface,7,9000,680,approve,77,True,5,5,5,6,6,5,6,5,4,5,4,7,5.25,False,17.6,calibrated
R052,52,female,3,surface,8,18000,600,approve,55,False,4,3,4,4,4,5,6,4,4,3,5,3,4.08,True,10.6,over-trust
R052,52,female,3,surface,9,7000,730,approve,94,True,6,7,6,7,6,6,7,6,7,6,6,6,6.33,True,8.5,calibrated
R052,52,female,3,surface,10,25000,620,deny,69,True,4,5,5,4,5,4,6,6,4,5,6,5,4.92,False,12.3,calibrated
R053,53,male,1,none,1,8000,610,deny,82,True,6,5,5,6,5,5,5,6,6,5,4,6,5.33,True,16.3,calibrated
R053,53,male,1,none,2,15000,705,approve,91,True,6,6,6,5,5,5,5,5,6,6,5,6,5.5,False,12.7,calibrated
R053,53,male,1,none,3,22000,640,approve,58,True,5,5,3,4,4,3,5,5,5,5,5,6,4.58,True,7.7,calibrated
R053,53,male,1,none,4,5000,590,deny,74,True,6,5,4,5,5,6,4,5,6,5,6,5,5.17,True,23.6,calibrated
R053,53,male,1,none,5,30000,720,approve,88,True,6,5,6,6,5,6,6,6,6,6,6,6,5.83,True,9.9,calibrated
R053,53,male,1,none,6,12000,655,deny,63,False,3,3,4,3,4,4,4,4,5,3,3,5,3.75,False,19.3,calibrated
R053,53,male,1,none,7,9000,680,approve,77,True,4,5,4,5,6,5,3,4,6,5,5,5,4.75,False,17.9,calibrated
R053,53,male,1,none,8,18000,600,approve,55,False,3,4,4,3,4,4,2,4,4,4,4,2,3.5,False,12.4,calibrated
R053,53,male,1,none,9,7000,730,approve,94,True,5,5,5,5,5,5,4,6,5,5,6,6,5.17,False,8.5,calibrated
R053,53,male,1,none,10,25000,620,deny,69,True,6,6,6,5,6,5,6,7,6,6,6,6,5.92,True,18.5,calibrated
R054,44,male,1,surface,1,8000,610,deny,82,True,5,4,5,4,7,5,5,6,4,6,5,5,5.08,True,14.7,calibrated
R054,44,male,1,surface,2,15000,705,approve,91,True,7,6,7,7,6,6,6,6,6,7,6,6,6.33,True,18.3,calibrated
R054,44,male,1,surface,3,22000,640,approve,58,True,5,5,6,4,6,5,6,6,6,4,6,6,5.42,True,19.1,calibrated
R054,44,male,1,surface,4,5000,590,deny,74,True,6,6,5,5,5,7,6,5,5,6,7,7,5.83,True,3.3,calibrated
R054,44,male,1,surface,5,30000,720,approve,88,True,6,5,6,5,6,6,6,6,6,7,5,6,5.83,False,15.1,calibrated
R054,44,male,1,surface,6,12000,655,deny,63,False,4,4,4,4,5,3,4,4,4,3,4,4,3.92,False,8.6,calibrated
R054,44,male,1,surface,7,9000,680,approve,77,True,6,4,5,5,6,5,6,4,5,6,6,5,5.25,False,14.0,calibrated
R054,44,male,1,surface,8,18000,600,approve,55,False,4,2,2,4,4,3,3,3,2,3,4,2,3,False,19.2,calibrated
R054,44,male,1,surface,9,7000,730,approve,94,True,6,6,5,6,6,6,6,6,5,6,6,7,5.92,True,13.7,calibrated
R054,44,male,1,surface,10,25000,620,deny,69,True,3,6,5,5,6,5,5,6,5,5,5,6,5.17,False,13.8,calibrated
R055,34,male,2,surface,1,8000,610,deny,82,True,6,6,5,6,5,6,6,6,5,7,4,6,5.67,True,13.4,calibrated
R055,34,male,2,surface,2,15000,705,approve,91,True,6,4,5,4,6,4,5,5,6,5,4,5,4.92,False,14.8,calibrated
R055,34,male,2,surface,3,22000,640,approve,58,True,4,5,5,6,4,4,3,4,4,5,5,5,4.5,True,15.5,calibrated
R055,34,male,2,surface,4,5000,590,deny,74,True,6,5,6,5,7,5,5,5,5,6,6,6,5.58,True,23.3,calibrated
R055,34,male,2,surface,5,30000,720,approve,88,True,7,6,7,7,6,6,6,7,7,5,7,7,6.5,True,23.1,calibrated
R055,34,male,2,surface,6,12000,655,deny,63,False,4,5,6,4,4,5,4,5,6,5,5,4,4.75,True,11.9,over-trust
R055,34,male,2,surface,7,9000,680,approve,77,True,5,7,6,7,5,6,6,6,6,4,4,6,5.67,True,22.9,calibrated
R055,34,male,2,surface,8,18000,600,approve,55,False,3,3,3,3,3,3,3,3,4,5,4,3,3.33,False,11.5,calibrated
R055,34,male,2,surface,9,7000,730,approve,94,True,3,6,6,6,6,6,5,4,5,6,5,4,5.17,False,14.6,calibrated
R055,34,male,2,surface,10,25000,620,deny,69,True,4,6,6,4,6,5,6,6,6,5,6,5,5.42,True,4.4,calibrated
R056,18,nonbinary,3,counterfactual,1,8000,610,deny,82,True,7,7,6,5,6,6,6,6,5,7,5,7,6.08,False,15.2,calibrated
R056,18,nonbinary,3,counterfactual,2,15000,705,approve,91,True,7,7,7,7,7,7,5,7,7,7,6,5,6.58,True,16.6,calibrated
R056,18,nonbinary,3,counterfactual,3,22000,640,approve,58,True,6,6,5,5,7,6,6,7,6,7,6,6,6.08,True,9.3,calibrated
R056,18,nonbinary,3,counterfactual,4,5000,590,deny,74,True,5,6,6,6,7,5,6,6,7,5,7,6,6,True,14.7,calibrated
R056,18,nonbinary,3,counterfactual,5,30000,720,approve,88,True,6,7,7,5,6,5,6,5,7,7,6,7,6.17,False,8.3,calibrated
R056,18,nonbinary,3,counterfactual,6,12000,655,deny,63,False,4,4,4,4,4,4,2,3,4,2,4,3,3.5,True,22.3,calibrated
R056,18,nonbinary,3,counterfactual,7,9000,680,approve,77,True,5,6,6,7,6,7,7,6,4,6,5,6,5.92,False,22.3,calibrated
R056,18,nonbinary,3,counterfactual,8,18000,600,approve,55,False,3,3,3,2,3,3,3,4,4,3,4,5,3.33,False,8.8,calibrated
R056,18,nonbinary,3,counterfactual,9,7000,730,approve,94,True,5,7,6,6,7,6,7,5,6,5,4,6,5.83,False,21.8,calibrated
R056,18,nonbinary,3,counterfactual,10,25000,620,deny,69,True,6,6,5,4,7,5,6,4,4,5,5,5,5.17,True,14.5,calibrated
R057,53,female,5,none,1,8000,610,deny,82,True,4,6,5,5,5,4,5,5,5,6,6,6,5.17,False,3,calibrated
R057,53,female,5,none,2,15000,705,approve,91,True,5,5,6,5,5,5,4,5,5,5,4,5,4.92,True,11.9,calibrated
R057,53,female,5,none,3,22000,640,approve,58,True,6,5,5,5,6,4,5,5,6,5,5,5,5.17,True,6.9,calibrated
R057,53,female,5,none,4,5000,590,deny,74,True,5,5,5,6,4,4,3,5,5,4,5,4,4.58,False,15.6,calibrated
R057,53,female,5,none,5,30000,720,approve,88,True,5,5,5,5,4,6,5,5,4,5,5,6,5,True,10.7,calibrated
R057,53,female,5,none,6,12000,655,deny,63,False,4,4,6,4,4,5,4,5,4,5,5,4,4.5,True,9.4,over-trust
R057,53,female,5,none,7,9000,680,approve,77,True,5,4,5,5,5,5,4,6,4,4,5,5,4.75,True,14.5,calibrated
R057,53,female,5,none,8,18000,600,approve,55,False,4,3,4,3,3,4,5,5,4,4,4,4,3.92,False,13.4,calibrated
R057,53,female,5,none,9,7000,730,approve,94,True,5,6,4,6,5,6,5,4,5,5,4,5,5,True,7.9,calibrated
R057,53,female,5,none,10,25000,620,deny,69,True,5,5,7,4,6,5,5,7,5,6,5,5,5.42,True,9.2,calibrated
R058,30,male,4,surface,1,8000,610,deny,82,True,6,5,5,6,4,6,4,4,6,5,4,5,5,False,11.6,calibrated
R058,30,male,4,surface,2,15000,705,approve,91,True,5,5,7,5,6,7,5,4,6,6,6,6,5.67,True,13.5,calibrated
R058,30,male,4,surface,3,22000,640,approve,58,True,3,4,5,5,5,3,5,5,5,5,5,5,4.58,True,19.8,calibrated
R058,30,male,4,surface,4,5000,590,deny,74,True,5,5,5,4,6,5,7,6,5,7,6,3,5.33,True,22.3,calibrated
R058,30,male,4,surface,5,30000,720,approve,88,True,5,5,6,5,6,6,4,6,6,4,5,5,5.25,False,14.5,calibrated
R058,30,male,4,surface,6,12000,655,deny,63,False,4,3,3,5,4,5,5,4,3,4,4,4,4,True,12.3,over-trust
R058,30,male,4,surface,7,9000,680,approve,77,True,6,5,5,6,5,5,6,5,5,5,6,6,5.42,True,6.8,calibrated
R058,30,male,4,surface,8,18000,600,approve,55,False,3,4,3,2,2,2,3,4,4,3,4,2,3,True,16.1,calibrated
R058,30,male,4,surface,9,7000,730,approve,94,True,6,6,5,6,6,7,5,5,6,6,6,7,5.92,True,8.4,calibrated
R058,30,male,4,surface,10,25000,620,deny,69,True,5,6,5,5,5,6,6,6,5,6,6,6,5.58,True,17.1,calibrated
R059,24,male,3,none,1,8000,610,deny,82,True,5,5,5,6,5,6,4,6,4,6,6,6,5.33,True,9.8,calibrated
R059,24,male,3,none,2,15000,705,approve,91,True,5,6,6,5,5,6,5,6,6,6,4,5,5.42,True,6.0,calibrated
R059,24,male,3,none,3,22000,640,approve,58,True,4,4,5,3,3,6,5,5,4,4,5,5,4.42,True,10.1,calibrated
R059,24,male,3,none,4,5000,590,deny,74,True,6,5,4,6,5,4,4,6,5,5,5,5,5,True,13.9,calibrated
R059,24,male,3,none,5,30000,720,approve,88,True,5,4,6,5,4,5,6,6,6,6,6,6,5.42,True,9.5,calibrated
R059,24,male,3,none,6,12000,655,deny,63,False,5,5,3,4,4,5,4,5,5,5,5,4,4.5,False,9.9,over-trust
R059,24,male,3,none,7,9000,680,approve,77,True,5,6,5,6,5,5,6,4,5,5,5,5,5.17,True,26.6,calibrated
R059,24,male,3,none,8,18000,600,approve,55,False,4,5,5,4,5,4,6,4,4,4,4,4,4.42,True,18.3,over-trust
R059,24,male,3,none,9,7000,730,approve,94,True,5,6,5,6,4,6,6,5,7,5,6,5,5.5,True,15.4,calibrated
R059,24,male,3,none,10,25000,620,deny,69,True,5,5,6,5,4,4,5,6,6,5,5,4,5,True,13.9,calibrated
R060,23,female,4,counterfactual,1,8000,610,deny,82,True,7,6,4,6,6,7,6,6,6,7,7,7,6.25,True,7.1,calibrated
R060,23,female,4,counterfactual,2,15000,705,approve,91,True,7,5,6,7,6,5,6,5,6,6,7,7,6.08,True,17.8,calibrated
R060,23,female,4,counterfactual,3,22000,640,approve,58,True,6,6,5,6,4,7,6,6,6,5,5,5,5.58,True,12.1,calibrated
R060,23,female,4,counterfactual,4,5000,590,deny,74,True,7,5,6,6,6,6,5,6,6,5,5,6,5.75,True,11.2,calibrated
R060,23,female,4,counterfactual,5,30000,720,approve,88,True,4,6,5,5,5,7,6,5,5,6,6,6,5.5,True,16.2,calibrated
R060,23,female,4,counterfactual,6,12000,655,deny,63,False,3,3,4,3,4,4,4,3,4,2,3,3,3.33,False,18.0,calibrated
R060,23,female,4,counterfactual,7,9000,680,approve,77,True,7,5,7,7,6,5,6,6,6,7,7,6,6.25,True,13.5,calibrated
R060,23,female,4,counterfactual,8,18000,600,approve,55,False,5,3,4,4,3,4,3,4,4,3,3,4,3.67,True,16.2,calibrated
R060,23,female,4,counterfactual,9,7000,730,approve,94,True,7,6,7,7,6,7,7,7,7,6,7,6,6.67,True,16.8,calibrated
R060,23,female,4,counterfactual,10,25000,620,deny,69,True,7,6,7,6,6,5,6,7,6,5,7,7,6.25,True,18.6,calibrated
R061,23,female,4,none,1,8000,610,deny,82,True,5,5,6,5,6,5,4,6,4,4,4,5,4.92,True,10.2,calibrated
R061,23,female,4,none,2,15000,705,approve,91,True,5,6,5,5,6,7,6,5,5,5,6,5,5.5,True,11.5,calibrated
R061,23,female,4,none,3,22000,640,approve,58,True,4,4,3,4,5,4,6,4,5,5,4,4,4.33,True,9.7,calibrated
R061,23,female,4,none,4,5000,590,deny,74,True,5,4,4,4,4,5,3,3,4,5,5,4,4.17,True,21.1,calibrated
R061,23,female,4,none,5,30000,720,approve,88,True,5,5,6,5,6,5,5,5,4,4,5,5,5,False,4.6,calibrated
R061,23,female,4,none,6,12000,655,deny,63,False,4,5,3,5,5,5,3,3,5,4,4,3,4.08,False,9.8,over-trust
R061,23,female,4,none,7,9000,680,approve,77,True,4,6,5,4,5,5,4,5,4,4,6,5,4.75,True,16.9,calibrated
R061,23,female,4,none,8,18000,600,approve,55,False,5,4,5,4,4,4,4,4,5,3,4,4,4.17,True,12.7,over-trust
R061,23,female,4,none,9,7000,730,approve,94,True,5,4,4,5,4,4,5,4,5,5,5,6,4.67,False,12.8,calibrated
R061,23,female,4,none,10,25000,620,deny,69,True,4,5,5,6,5,5,5,4,4,5,5,6,4.92,True,14.3,calibrated
R062,31,male,2,none,1,8000,610,deny,82,True,5,4,5,4,4,5,6,4,5,5,5,6,4.83,True,14.2,calibrated
R062,31,male,2,none,2,15000,705,approve,91,True,5,6,6,6,5,5,5,5,5,5,5,5,5.25,True,17.3,calibrated
R062,31,male,2,none,3,22000,640,approve,58,True,4,5,4,4,4,4,5,3,4,4,5,4,4.17,False,11.2,calibrated
R062,31,male,2,none,4,5000,590,deny,74,True,5,6,6,4,6,5,5,5,6,4,4,5,5.08,True,21.0,calibrated
R062,31,male,2,none,5,30000,720,approve,88,True,5,6,5,6,7,5,6,5,6,4,6,5,5.5,True,18.9,calibrated
R062,31,male,2,none,6,12000,655,deny,63,False,5,4,4,5,3,5,5,3,4,3,3,4,4,False,15.6,over-trust
R062,31,male,2,none,7,9000,680,approve,77,True,4,4,3,5,4,4,5,4,5,4,4,4,4.17,True,15.9,calibrated
R062,31,male,2,none,8,18000,600,approve,55,False,4,3,3,3,4,4,4,4,3,2,4,3,3.42,False,17.7,calibrated
R062,31,male,2,none,9,7000,730,approve,94,True,6,6,7,6,5,6,5,6,6,6,7,5,5.92,True,15.0,calibrated
R062,31,male,2,none,10,25000,620,deny,69,True,3,3,4,3,4,4,5,3,4,5,5,4,3.92,True,12.5,under-trust
R063,33,female,4,surface,1,8000,610,deny,82,True,7,5,6,7,5,6,5,5,6,6,5,7,5.83,True,18.7,calibrated
R063,33,female,4,surface,2,15000,705,approve,91,True,4,6,5,5,6,5,5,6,6,5,5,6,5.33,True,17.6,calibrated
R063,33,female,4,surface,3,22000,640,approve,58,True,5,5,5,6,5,6,5,5,4,5,5,6,5.17,True,17.1,calibrated
R063,33,female,4,surface,4,5000,590,deny,74,True,4,5,5,5,6,5,5,4,5,6,5,5,5,True,8.8,calibrated
R063,33,female,4,surface,5,30000,720,approve,88,True,6,6,5,6,5,6,5,5,5,6,6,5,5.5,True,11.4,calibrated
R063,33,female,4,surface,6,12000,655,deny,63,False,5,4,3,3,4,4,2,3,3,4,2,3,3.33,False,15.1,calibrated
R063,33,female,4,surface,7,9000,680,approve,77,True,6,5,7,5,7,5,6,6,6,6,6,6,5.92,True,15.9,calibrated
R063,33,female,4,surface,8,18000,600,approve,55,False,3,3,3,4,4,4,3,4,4,3,4,3,3.5,True,3.5,calibrated
R063,33,female,4,surface,9,7000,730,approve,94,True,6,5,7,7,7,6,7,6,6,5,6,5,6.08,False,7.8,calibrated
R063,33,female,4,surface,10,25000,620,deny,69,True,6,5,6,5,3,5,5,4,4,7,6,5,5.08,True,14.6,calibrated
R064,18,female,3,counterfactual,1,8000,610,deny,82,True,7,7,7,6,7,7,6,7,7,6,6,7,6.67,True,20.9,calibrated
R064,18,female,3,counterfactual,2,15000,705,approve,91,True,7,6,5,7,7,7,7,7,7,7,7,7,6.75,True,14.1,calibrated
R064,18,female,3,counterfactual,3,22000,640,approve,58,True,5,4,4,5,4,6,5,4,4,5,6,4,4.67,True,16.1,calibrated
R064,18,female,3,counterfactual,4,5000,590,deny,74,True,6,7,6,6,6,5,6,7,7,6,7,6,6.25,False,12.2,calibrated
R064,18,female,3,counterfactual,5,30000,720,approve,88,True,7,7,7,6,7,7,6,7,6,6,7,7,6.67,True,18.6,calibrated
R064,18,female,3,counterfactual,6,12000,655,deny,63,False,4,2,4,4,4,4,4,3,4,3,4,3,3.58,True,6.9,calibrated
R064,18,female,3,counterfactual,7,9000,680,approve,77,True,6,6,5,6,6,5,6,6,5,5,6,5,5.58,True,19.2,calibrated
R064,18,female,3,counterfactual,8,18000,600,approve,55,False,3,3,3,2,4,4,3,3,4,3,3,2,3.08,True,15.7,calibrated
R064,18,female,3,counterfactual,9,7000,730,approve,94,True,6,7,5,7,6,6,7,7,7,7,7,6,6.5,True,17.5,calibrated
R064,18,female,3,counterfactual,10,25000,620,deny,69,True,5,6,6,7,5,7,7,5,6,7,6,5,6,False,3,calibrated
R065,48,female,3,none,1,8000,610,deny,82,True,4,5,5,6,6,5,6,6,5,6,5,6,5.42,True,10.4,calibrated
R065,48,female,3,none,2,15000,705,approve,91,True,4,4,4,4,5,5,4,5,5,5,4,4,4.42,False,21.6,calibrated
R065,48,female,3,none,3,22000,640,approve,58,True,4,4,4,4,5,4,4,4,4,3,4,4,4,True,13.7,calibrated
R065,48,female,3,none,4,5000,590,deny,74,True,5,6,5,6,5,5,5,6,5,6,4,6,5.33,True,10.8,calibrated
R065,48,female,3,none,5,30000,720,approve,88,True,6,6,6,6,4,5,4,5,6,6,4,5,5.25,True,15.3,calibrated
R065,48,female,3,none,6,12000,655,deny,63,False,4,4,4,4,4,4,3,5,3,4,4,4,3.92,False,20.2,calibrated
R065,48,female,3,none,7,9000,680,approve,77,True,3,5,5,6,5,6,6,4,5,5,6,5,5.08,True,16.9,calibrated
R065,48,female,3,none,8,18000,600,approve,55,False,2,3,5,5,3,3,4,3,4,3,3,2,3.33,False,23.9,calibrated
R065,48,female,3,none,9,7000,730,approve,94,True,5,7,5,4,5,4,7,7,5,4,5,6,5.33,False,16.8,calibrated
R065,48,female,3,none,10,25000,620,deny,69,True,5,3,4,3,4,4,5,5,4,5,4,4,4.17,False,17.4,calibrated
R066,26,female,5,none,1,8000,610,deny,82,True,5,5,4,5,5,5,5,5,5,4,4,3,4.58,True,11.2,calibrated
R066,26,female,5,none,2,15000,705,approve,91,True,6,5,6,6,6,5,6,4,7,5,5,6,5.58,True,12.3,calibrated
R066,26,female,5,none,3,22000,640,approve,58,True,5,4,4,4,4,5,4,4,4,4,3,3,4,True,17.4,calibrated
R066,26,female,5,none,4,5000,590,deny,74,True,5,6,5,5,6,4,5,5,6,6,5,6,5.33,True,14.5,calibrated
R066,26,female,5,none,5,30000,720,approve,88,True,5,5,6,5,6,5,5,5,6,5,6,6,5.42,True,17.1,calibrated
R066,26,female,5,none,6,12000,655,deny,63,False,4,4,4,5,5,5,4,4,5,4,3,4,4.25,True,15.1,over-trust
R066,26,female,5,none,7,9000,680,approve,77,True,4,4,5,6,5,5,5,4,4,5,5,5,4.75,True,14.0,calibrated
R066,26,female,5,none,8,18000,600,approve,55,False,4,5,5,4,4,5,5,5,3,6,5,4,4.58,False,22.1,over-trust
R066,26,female,5,none,9,7000,730,approve,94,True,5,5,5,5,5,5,7,6,5,5,6,7,5.5,True,8.7,calibrated
R066,26,female,5,none,10,25000,620,deny,69,True,5,5,4,4,4,4,4,3,5,3,5,3,4.08,True,17.9,calibrated
R067,38,male,4,surface,1,8000,610,deny,82,True,4,6,4,4,5,5,4,5,5,4,5,4,4.58,False,20.6,calibrated
R067,38,male,4,surface,2,15000,705,approve,91,True,6,6,5,6,6,7,6,7,7,6,6,6,6.17,True,19.1,calibrated
R067,38,male,4,surface,3,22000,640,approve,58,True,6,5,4,5,5,3,5,4,4,6,5,5,4.75,True,15.2,calibrated
R067,38,male,4,surface,4,5000,590,deny,74,True,7,6,6,5,6,4,6,6,6,6,6,5,5.75,False,21.2,calibrated
R067,38,male,4,surface,5,30000,720,approve,88,True,6,5,5,6,6,5,5,5,5,5,4,4,5.08,True,15.0,calibrated
R067,38,male,4,surface,6,12000,655,deny,63,False,3,3,4,3,3,3,4,3,3,3,3,4,3.25,True,7.1,calibrated
R067,38,male,4,surface,7,9000,680,approve,77,True,5,6,6,6,6,6,6,6,5,5,6,5,5.67,True,16.5,calibrated
R067,38,male,4,surface,8,18000,600,approve,55,False,4,3,4,5,3,4,4,4,4,3,4,3,3.75,False,13.5,calibrated
R067,38,male,4,surface,9,7000,730,approve,94,True,6,6,6,6,7,5,6,6,7,7,6,6,6.17,True,10.6,calibrated
R067,38,male,4,surface,10,25000,620,deny,69,True,5,3,6,6,6,6,6,4,5,6,5,5,5.25,True,3,calibrated
R068,31,female,2,none,1,8000,610,deny,82,True,6,6,4,5,5,4,5,5,5,7,5,5,5.17,False,19.6,calibrated
R068,31,female,2,none,2,15000,705,approve,91,True,6,6,5,6,6,5,7,6,5,5,6,7,5.83,True,13.4,calibrated
R068,31,female,2,none,3,22000,640,approve,58,True,5,5,4,4,5,5,5,5,5,5,5,3,4.67,False,8.2,calibrated
R068,31,female,2,none,4,5000,590,deny,74,True,5,5,6,7,5,7,6,6,5,5,5,6,5.67,False,21.9,calibrated
R068,31,female,2,none,5,30000,720,approve,88,True,5,5,6,6,6,6,5,6,5,4,4,6,5.33,True,10.5,calibrated
R068,31,female,2,none,6,12000,655,deny,63,False,6,6,6,6,6,5,6,6,6,5,5,5,5.67,True,16.2,over-trust
R068,31,female,2,none,7,9000,680,approve,77,True,5,4,6,5,4,5,5,5,5,5,6,4,4.92,True,13.5,calibrated
R068,31,female,2,none,8,18000,600,approve,55,False,3,3,3,4,4,3,4,5,4,4,4,3,3.67,False,14.6,calibrated
R068,31,female,2,none,9,7000,730,approve,94,True,5,6,5,6,6,6,5,6,7,7,6,6,5.92,True,15.1,calibrated
R068,31,female,2,none,10,25000,620,deny,69,True,5,5,5,4,5,4,4,4,6,5,5,5,4.75,True,3,calibrated
R069,18,female,5,none,1,8000,610,deny,82,True,5,6,6,5,6,5,5,4,5,5,4,6,5.17,True,20.3,calibrated
R069,18,female,5,none,2,15000,705,approve,91,True,6,6,6,6,5,5,6,6,7,6,6,6,5.92,True,19.6,calibrated
R069,18,female,5,none,3,22000,640,approve,58,True,4,3,4,3,5,4,3,3,3,4,4,3,3.58,True,18.6,under-trust
R069,18,female,5,none,4,5000,590,deny,74,True,4,5,5,4,5,4,5,5,5,4,4,4,4.5,True,25.1,calibrated
R069,18,female,5,none,5,30000,720,approve,88,True,6,6,5,5,7,5,5,5,4,5,6,5,5.33,True,17.6,calibrated
R069,18,female,5,none,6,12000,655,deny,63,False,5,4,4,4,5,5,4,5,5,5,5,6,4.75,False,22.1,over-trust
R069,18,female,5,none,7,9000,680,approve,77,True,4,6,5,6,5,5,5,4,6,4,4,5,4.92,True,19.1,calibrated
R069,18,female,5,none,8,18000,600,approve,55,False,4,3,4,3,2,4,6,3,4,3,4,3,3.58,False,15.3,calibrated
R069,18,female,5,none,9,7000,730,approve,94,True,7,5,5,6,6,6,6,6,6,6,7,7,6.08,True,14.8,calibrated
R069,18,female,5,none,10,25000,620,deny,69,True,5,5,5,5,5,5,6,5,7,6,4,5,5.25,True,10.1,calibrated
R070,37,female,4,surface,1,8000,610,deny,82,True,5,6,6,5,7,6,5,6,6,6,6,6,5.83,True,19.9,calibrated
R070,37,female,4,surface,2,15000,705,approve,91,True,6,5,5,6,5,6,5,4,6,6,5,5,5.33,True,15.6,calibrated
R070,37,female,4,surface,3,22000,640,approve,58,True,5,5,4,5,6,5,5,5,4,4,4,4,4.67,False,12.1,calibrated
R070,37,female,4,surface,4,5000,590,deny,74,True,4,6,5,6,5,5,5,4,5,6,5,6,5.17,False,10.5,calibrated
R070,37,female,4,surface,5,30000,720,approve,88,True,4,7,5,4,4,5,6,5,5,5,5,5,5,False,13.0,calibrated
R070,37,female,4,surface,6,12000,655,deny,63,False,4,3,4,5,3,3,4,4,2,4,4,3,3.58,False,13.1,calibrated
R070,37,female,4,surface,7,9000,680,approve,77,True,6,5,7,5,7,6,7,5,6,7,5,4,5.83,True,18.4,calibrated
R070,37,female,4,surface,8,18000,600,approve,55,False,4,4,3,3,4,5,4,4,4,3,3,3,3.67,False,16.4,calibrated
R070,37,female,4,surface,9,7000,730,approve,94,True,5,5,6,5,6,6,5,6,5,5,6,6,5.5,True,21.7,calibrated
R070,37,female,4,surface,10,25000,620,deny,69,True,5,4,4,5,5,5,5,5,5,4,6,5,4.83,True,10.5,calibrated
R071,30,male,5,none,1,8000,610,deny,82,True,5,5,5,4,4,6,5,5,6,6,6,5,5.17,False,11.5,calibrated
R071,30,male,5,none,2,15000,705,approve,91,True,5,6,4,4,3,5,5,5,5,5,5,5,4.75,True,11.5,calibrated
R071,30,male,5,none,3,22000,640,approve,58,True,5,3,4,3,5,4,4,4,3,5,4,4,4,True,15.5,calibrated
R071,30,male,5,none,4,5000,590,deny,74,True,5,3,5,4,4,4,6,6,4,5,4,5,4.58,False,13.9,calibrated
R071,30,male,5,none,5,30000,720,approve,88,True,6,5,6,6,5,5,5,5,6,6,6,6,5.58,True,19.8,calibrated
R071,30,male,5,none,6,12000,655,deny,63,False,5,5,5,5,5,6,5,3,4,4,5,4,4.67,True,4.1,over-trust
R071,30,male,5,none,7,9000,680,approve,77,True,5,5,5,6,6,6,5,5,5,7,5,4,5.33,False,11.6,calibrated
R071,30,male,5,none,8,18000,600,approve,55,False,4,4,2,5,5,4,4,4,6,4,5,5,4.33,True,14.7,over-trust
R071,30,male,5,none,9,7000,730,approve,94,True,5,4,5,6,5,5,5,5,5,6,5,4,5,True,12.7,calibrated
R071,30,male,5,none,10,25000,620,deny,69,True,5,4,5,5,4,5,5,4,5,5,5,4,4.67,True,16.6,calibrated
R072,30,female,4,none,1,8000,610,deny,82,True,4,5,5,4,4,5,6,5,5,6,5,5,4.92,False,16.8,calibrated
R072,30,female,4,none,2,15000,705,approve,91,True,5,6,5,5,6,6,6,6,6,6,7,6,5.83,False,18.0,calibrated
R072,30,female,4,none,3,22000,640,approve,58,True,4,3,5,4,4,4,4,5,4,3,4,4,4,True,11.1,calibrated
R072,30,female,4,none,4,5000,590,deny,74,True,5,5,3,3,5,5,4,5,4,5,4,4,4.33,True,15.2,calibrated
R072,30,female,4,none,5,30000,720,approve,88,True,6,6,7,6,5,4,4,6,5,6,6,5,5.5,False,6.3,calibrated
R072,30,female,4,none,6,12000,655,deny,63,False,3,5,5,4,3,3,5,3,5,5,5,4,4.17,True,11.7,over-trust
R072,30,female,4,none,7,9000,680,approve,77,True,5,6,4,6,5,3,4,5,5,4,4,5,4.67,True,17.4,calibrated
R072,30,female,4,none,8,18000,600,approve,55,False,4,4,4,4,4,3,2,3,3,3,3,4,3.42,True,19.0,calibrated
R072,30,female,4,none,9,7000,730,approve,94,True,6,6,5,5,6,5,6,6,5,6,7,6,5.75,True,20.7,calibrated
R072,30,female,4,none,10,25000,620,deny,69,True,5,5,4,4,6,6,4,6,4,5,4,5,4.83,True,21.2,calibrated
R073,53,female,4,counterfactual,1,8000,610,deny,82,True,7,7,7,7,7,7,6,6,7,7,6,7,6.75,True,13.5,calibrated
R073,53,female,4,counterfactual,2,15000,705,approve,91,True,7,7,7,7,6,6,7,7,7,6,7,6,6.67,True,20.2,calibrated
R073,53,female,4,counterfactual,3,22000,640,approve,58,True,4,5,5,7,6,5,6,6,5,5,6,6,5.5,True,12.1,calibrated
R073,53,female,4,counterfactual,4,5000,590,deny,74,True,4,5,6,6,5,5,6,5,6,7,6,6,5.58,True,30.7,calibrated
R073,53,female,4,counterfactual,5,30000,720,approve,88,True,6,5,7,4,6,7,7,7,7,7,6,6,6.25,True,12.2,calibrated
R073,53,female,4,counterfactual,6,12000,655,deny,63,False,3,2,2,3,4,3,4,3,2,3,2,3,2.83,False,14.8,calibrated
R073,53,female,4,counterfactual,7,9000,680,approve,77,True,6,6,6,6,6,6,7,6,6,6,7,7,6.25,True,17.8,calibrated
R073,53,female,4,counterfactual,8,18000,600,approve,55,False,2,2,5,2,3,3,2,2,4,3,4,3,2.92,False,13.5,calibrated
R073,53,female,4,counterfactual,9,7000,730,approve,94,True,7,6,6,6,7,7,7,7,7,7,7,7,6.75,True,11.9,calibrated
R073,53,female,4,counterfactual,10,25000,620,deny,69,True,5,6,5,6,6,6,6,5,6,6,7,5,5.75,True,10.1,calibrated
R074,32,male,3,counterfactual,1,8000,610,deny,82,True,5,6,5,7,5,5,5,6,7,7,5,6,5.75,True,18.3,calibrated
R074,32,male,3,counterfactual,2,15000,705,approve,91,True,6,7,6,7,7,6,7,6,7,6,7,7,6.58,True,16.0,calibrated
R074,32,male,3,counterfactual,3,22000,640,approve,58,True,5,5,5,6,6,5,5,4,5,6,5,5,5.17,True,13.4,calibrated
R074,32,male,3,counterfactual,4,5000,590,deny,74,True,6,6,6,6,5,5,7,7,6,6,5,6,5.92,True,18.9,calibrated
R074,32,male,3,counterfactual,5,30000,720,approve,88,True,7,5,7,7,7,5,6,7,7,7,7,7,6.58,True,14.2,calibrated
R074,32,male,3,counterfactual,6,12000,655,deny,63,False,4,3,3,3,3,2,3,3,4,3,2,3,3,False,17.2,calibrated
R074,32,male,3,counterfactual,7,9000,680,approve,77,True,6,6,4,6,6,6,7,6,7,7,6,7,6.17,True,8.7,calibrated
R074,32,male,3,counterfactual,8,18000,600,approve,55,False,4,2,3,2,2,1,3,3,2,3,3,4,2.67,False,18.1,calibrated
R074,32,male,3,counterfactual,9,7000,730,approve,94,True,6,6,7,7,5,6,6,7,6,7,7,6,6.33,True,16.3,calibrated
R074,32,male,3,counterfactual,10,25000,620,deny,69,True,6,5,6,6,6,6,7,7,5,6,7,6,6.08,True,12.4,calibrated
R075,35,female,2,none,1,8000,610,deny,82,True,5,5,6,5,5,4,7,6,5,5,6,5,5.33,True,17.0,calibrated
R075,35,female,2,none,2,15000,705,approve,91,True,7,5,6,4,7,6,5,6,6,6,7,6,5.92,True,15.6,calibrated
R075,35,female,2,none,3,22000,640,approve,58,True,5,5,5,6,5,5,5,5,5,5,6,3,5,True,17.5,calibrated
R075,35,female,2,none,4,5000,590,deny,74,True,5,4,4,5,4,5,4,5,3,4,4,5,4.33,True,18.0,calibrated
R075,35,female,2,none,5,30000,720,approve,88,True,4,4,5,5,5,5,5,6,2,5,4,6,4.67,True,10.7,calibrated
R075,35,female,2,none,6,12000,655,deny,63,False,4,5,5,4,3,3,3,4,5,4,4,5,4.08,True,22.6,over-trust
R075,35,female,2,none,7,9000,680,approve,77,True,5,4,5,5,4,5,5,5,5,6,6,5,5,True,13.3,calibrated
R075,35,female,2,none,8,18000,600,approve,55,False,3,5,4,4,4,5,6,4,4,4,3,4,4.17,False,15.3,over-trust
R075,35,female,2,none,9,7000,730,approve,94,True,5,5,5,5,5,6,5,5,5,6,6,6,5.33,False,16.0,calibrated
R075,35,female,2,none,10,25000,620,deny,69,True,5,4,5,5,4,4,5,5,4,5,5,4,4.58,False,12.5,calibrated
R076,45,male,3,none,1,8000,610,deny,82,True,5,6,5,6,6,6,6,5,6,5,5,6,5.58,False,14.8,calibrated
R076,45,male,3,none,2,15000,705,approve,91,True,6,5,6,7,7,5,6,6,5,5,5,6,5.75,True,20.6,calibrated
R076,45,male,3,none,3,22000,640,approve,58,True,4,5,5,5,5,6,5,5,6,5,6,5,5.17,True,3,calibrated
R076,45,male,3,none,4,5000,590,deny,74,True,5,4,5,5,4,5,6,6,3,4,5,5,4.75,True,18.9,calibrated
R076,45,male,3,none,5,30000,720,approve,88,True,5,5,6,5,5,4,5,5,5,5,5,5,5,True,13.0,calibrated
R076,45,male,3,none,6,12000,655,deny,63,False,4,4,5,4,5,3,5,3,4,4,4,3,4,False,14.9,over-trust
R076,45,male,3,none,7,9000,680,approve,77,True,4,5,4,5,5,6,3,4,4,5,5,5,4.58,True,10.6,calibrated
R076,45,male,3,none,8,18000,600,approve,55,False,5,6,6,5,4,5,5,5,5,4,4,4,4.83,True,8.3,over-trust
R076,45,male,3,none,9,7000,730,approve,94,True,7,5,6,6,6,5,6,6,5,6,5,6,5.75,True,9.2,calibrated
R076,45,male,3,none,10,25000,620,deny,69,True,5,6,4,4,5,6,5,6,4,4,4,4,4.75,False,18.3,calibrated
R077,40,male,3,surface,1,8000,610,deny,82,True,4,6,7,4,5,6,5,5,7,5,6,6,5.5,True,17.5,calibrated
R077,40,male,3,surface,2,15000,705,approve,91,True,5,6,7,6,6,7,6,7,6,6,6,6,6.17,False,7.8,calibrated
R077,40,male,3,surface,3,22000,640,approve,58,True,6,6,6,6,5,5,4,6,6,7,6,6,5.75,False,22.6,calibrated
R077,40,male,3,surface,4,5000,590,deny,74,True,5,6,6,5,5,6,5,6,4,5,5,5,5.25,True,9.5,calibrated
R077,40,male,3,surface,5,30000,720,approve,88,True,6,5,6,4,6,7,5,6,6,7,6,5,5.75,True,9.6,calibrated
R077,40,male,3,surface,6,12000,655,deny,63,False,5,4,4,3,3,3,4,4,4,4,5,4,3.92,False,24.7,calibrated
R077,40,male,3,surface,7,9000,680,approve,77,True,6,5,5,6,5,5,5,6,5,5,5,5,5.25,True,15.0,calibrated
R077,40,male,3,surface,8,18000,600,approve,55,False,4,4,4,3,4,4,3,4,3,3,4,4,3.67,False,16.7,calibrated
R077,40,male,3,surface,9,7000,730,approve,94,True,6,6,6,5,6,6,5,7,5,7,6,5,5.83,True,10.2,calibrated
R077,40,male,3,surface,10,25000,620,deny,69,True,6,6,5,5,5,7,5,6,6,6,6,7,5.83,True,20.6,calibrated
R078,43,female,4,surface,1,8000,610,deny,82,True,5,6,7,6,5,6,7,5,5,7,5,6,5.83,True,16.4,calibrated
R078,43,female,4,surface,2,15000,705,approve,91,True,6,6,7,7,6,6,5,7,6,6,6,6,6.17,True,19.2,calibrated
R078,43,female,4,surface,3,22000,640,approve,58,True,5,4,4,4,4,6,4,5,5,6,4,6,4.75,True,26.2,calibrated
R078,43,female,4,surface,4,5000,590,deny,74,True,5,5,6,6,5,6,6,6,6,5,5,5,5.5,False,13.3,calibrated
R078,43,female,4,surface,5,30000,720,approve,88,True,7,7,5,7,6,5,6,5,7,6,6,6,6.08,True,11.9,calibrated
R078,43,female,4,surface,6,12000,655,deny,63,False,3,4,5,3,5,5,5,4,4,4,5,3,4.17,True,14.0,over-trust
R078,43,female,4,surface,7,9000,680,approve,77,True,5,5,5,5,5,5,5,7,4,6,5,5,5.17,True,9.7,calibrated
R078,43,female,4,surface,8,18000,600,approve,55,False,4,4,5,4,3,3,3,4,3,4,5,4,3.83,True,20.1,calibrated
R078,43,female,4,surface,9,7000,730,approve,94,True,6,6,6,6,6,7,7,6,7,6,7,7,6.42,True,8.0,calibrated
R078,43,female,4,surface,10,25000,620,deny,69,True,5,5,5,4,6,5,4,4,3,6,4,6,4.75,False,21.5,calibrated
R079,23,female,2,counterfactual,1,8000,610,deny,82,True,7,5,6,7,7,6,7,7,7,7,6,6,6.5,True,13.5,calibrated
R079,23,female,2,counterfactual,2,15000,705,approve,91,True,6,6,6,6,6,5,6,5,5,6,6,7,5.83,False,17.7,calibrated
R079,23,female,2,counterfactual,3,22000,640,approve,58,True,5,6,5,4,6,6,5,6,4,6,6,5,5.33,False,13.9,calibrated
R079,23,female,2,counterfactual,4,5000,590,deny,74,True,7,7,7,6,7,7,7,6,6,7,7,7,6.75,True,13.2,calibrated
R079,23,female,2,counterfactual,5,30000,720,approve,88,True,6,6,7,7,7,7,7,7,7,6,6,7,6.67,False,18.1,calibrated
R079,23,female,2,counterfactual,6,12000,655,deny,63,False,4,3,3,2,3,4,4,3,2,2,3,3,3,True,15.9,calibrated
R079,23,female,2,counterfactual,7,9000,680,approve,77,True,5,6,6,7,7,5,7,7,7,6,7,6,6.33,True,12.9,calibrated
R079,23,female,2,counterfactual,8,18000,600,approve,55,False,4,2,4,5,4,3,3,4,3,3,3,5,3.58,False,11.2,calibrated
R079,23,female,2,counterfactual,9,7000,730,approve,94,True,7,6,6,7,7,6,6,6,6,6,7,7,6.42,True,18.2,calibrated
R079,23,female,2,counterfactual,10,25000,620,deny,69,True,6,7,6,6,7,7,6,7,7,6,5,6,6.33,False,16.6,calibrated
R080,38,female,3,surface,1,8000,610,deny,82,True,5,7,5,5,4,6,5,6,4,5,5,6,5.25,True,12.0,calibrated
R080,38,female,3,surface,2,15000,705,approve,91,True,7,7,7,7,6,5,7,7,7,7,6,7,6.67,True,16.7,calibrated
R080,38,female,3,surface,3,22000,640,approve,58,True,3,5,4,5,5,4,5,5,5,4,6,5,4.67,True,8.0,calibrated
R080,38,female,3,surface,4,5000,590,deny,74,True,7,6,6,5,5,5,5,5,6,6,6,6,5.67,True,6.7,calibrated
R080,38,female,3,surface,5,30000,720,approve,88,True,5,7,5,7,6,6,5,6,5,6,6,7,5.92,False,13.6,calibrated
R080,38,female,3,surface,6,12000,655,deny,63,False,3,3,3,5,4,3,2,3,3,3,3,3,3.17,False,24.7,calibrated
R080,38,female,3,surface,7,9000,680,approve,77,True,6,6,7,6,6,6,6,6,4,5,6,5,5.75,True,13.8,calibrated
R080,38,female,3,surface,8,18000,600,approve,55,False,3,4,3,4,4,3,5,3,4,5,3,3,3.67,True,19.6,calibrated
R080,38,female,3,surface,9,7000,730,approve,94,True,7,6,5,4,6,6,5,6,6,6,6,7,5.83,True,18.5,calibrated
R080,38,female,3,surface,10,25000,620,deny,69,True,5,4,4,4,6,4,6,5,5,5,5,5,4.83,False,14.0,calibrated
R081,40,male,1,counterfactual,1,8000,610,deny,82,True,7,6,6,6,7,6,7,7,7,7,7,5,6.5,True,13.8,calibrated
R081,40,male,1,counterfactual,2,15000,705,approve,91,True,6,7,7,7,7,7,7,7,7,7,7,7,6.92,True,15.4,calibrated
R081,40,male,1,counterfactual,3,22000,640,approve,58,True,5,5,6,6,5,5,5,6,5,6,6,6,5.5,True,8.3,calibrated
R081,40,male,1,counterfactual,4,5000,590,deny,74,True,6,6,6,6,6,5,5,6,5,6,5,6,5.67,False,10.2,calibrated
R081,40,male,1,counterfactual,5,30000,720,approve,88,True,7,5,7,7,7,7,7,6,7,7,7,7,6.75,True,9.3,calibrated
R081,40,male,1,counterfactual,6,12000,655,deny,63,False,3,4,4,3,3,3,3,3,4,3,2,3,3.17,True,14.9,calibrated
R081,40,male,1,counterfactual,7,9000,680,approve,77,True,7,6,5,6,7,7,6,6,6,6,6,7,6.25,True,9.0,calibrated
R081,40,male,1,counterfactual,8,18000,600,approve,55,False,2,3,2,1,1,1,3,2,2,3,3,2,2.08,False,14.1,calibrated
R081,40,male,1,counterfactual,9,7000,730,approve,94,True,6,7,7,6,6,7,7,7,5,7,7,7,6.58,True,6.6,calibrated
R081,40,male,1,counterfactual,10,25000,620,deny,69,True,6,5,6,7,7,6,4,6,7,5,5,5,5.75,True,8.1,calibrated
R082,33,female,2,none,1,8000,610,deny,82,True,6,6,5,6,5,4,4,5,5,4,5,5,5,True,8.0,calibrated
R082,33,female,2,none,2,15000,705,approve,91,True,5,5,5,5,5,5,6,5,5,6,5,5,5.17,False,12.2,calibrated
R082,33,female,2,none,3,22000,640,approve,58,True,5,4,4,4,4,6,4,5,5,5,4,5,4.58,True,14.1,calibrated
R082,33,female,2,none,4,5000,590,deny,74,True,5,5,5,5,6,5,5,6,5,6,6,6,5.42,True,12.9,calibrated
R082,33,female,2,none,5,30000,720,approve,88,True,6,5,5,5,6,5,5,6,6,5,4,5,5.25,True,14.7,calibrated
R082,33,female,2,none,6,12000,655,deny,63,False,5,5,5,3,5,3,4,3,4,4,3,5,4.08,False,12.4,over-trust
R082,33,female,2,none,7,9000,680,approve,77,True,5,6,5,5,6,6,5,5,5,4,5,4,5.08,True,17.3,calibrated
R082,33,female,2,none,8,18000,600,approve,55,False,4,4,4,5,4,4,6,5,5,5,6,5,4.75,False,17.4,over-trust
R082,33,female,2,none,9,7000,730,approve,94,True,5,6,5,6,5,4,6,6,6,6,5,6,5.5,True,16.9,calibrated
R082,33,female,2,none,10,25000,620,deny,69,True,5,4,4,6,5,4,4,5,5,4,4,4,4.5,True,15.1,calibrated
R083,31,female,3,counterfactual,1,8000,610,deny,82,True,6,6,6,6,7,7,7,7,7,6,6,7,6.5,True,10.8,calibrated
R083,31,female,3,counterfactual,2,15000,705,approve,91,True,6,4,6,5,7,6,6,5,5,6,6,7,5.75,True,16.7,calibrated
R083,31,female,3,counterfactual,3,22000,640,approve,58,True,5,6,5,5,4,5,5,6,4,6,5,6,5.17,False,16.3,calibrated
R083,31,female,3,counterfactual,4,5000,590,deny,74,True,7,6,6,7,6,7,6,6,6,7,6,7,6.42,True,14.5,calibrated
R083,31,female,3,counterfactual,5,30000,720,approve,88,True,7,5,5,6,6,6,7,7,5,7,6,7,6.17,True,15.0,calibrated
R083,31,female,3,counterfactual,6,12000,655,deny,63,False,5,3,3,4,4,6,4,4,4,4,3,2,3.83,True,19.1,calibrated
R083,31,female,3,counterfactual,7,9000,680,approve,77,True,6,6,6,4,6,6,6,6,6,5,5,7,5.75,True,6.7,calibrated
R083,31,female,3,counterfactual,8,18000,600,approve,55,False,4,2,4,4,4,3,3,3,3,4,2,3,3.25,True,9.6,calibrated
R083,31,female,3,counterfactual,9,7000,730,approve,94,True,7,6,6,6,6,7,7,7,6,7,6,7,6.5,True,11.8,calibrated
R083,31,female,3,counterfactual,10,25000,620,deny,69,True,7,7,6,6,7,6,7,7,6,6,5,6,6.33,True,16.7,calibrated
R084,29,male,5,surface,1,8000,610,deny,82,True,7,7,7,6,6,6,7,7,6,7,7,7,6.67,False,15.9,calibrated
R084,29,male,5,surface,2,15000,705,approve,91,True,5,4,5,6,5,5,6,5,7,6,6,6,5.5,True,14.5,calibrated
R084,29,male,5,surface,3,22000,640,approve,58,True,5,5,4,5,5,5,4,5,5,6,5,4,4.83,False,13.8,calibrated
R084,29,male,5,surface,4,5000,590,deny,74,True,5,5,6,5,6,4,6,6,7,5,5,6,5.5,False,12.2,calibrated
R084,29,male,5,surface,5,30000,720,approve,88,True,5,6,5,6,5,6,5,5,5,2,5,4,4.92,True,17.5,calibrated
R084,29,male,5,surface,6,12000,655,deny,63,False,4,5,4,3,4,5,4,4,4,4,5,4,4.17,False,12.5,over-trust
R084,29,male,5,surface,7,9000,680,approve,77,True,6,5,6,6,4,6,5,6,5,6,6,6,5.58,True,16.4,calibrated
R084,29,male,5,surface,8,18000,600,approve,55,False,5,3,3,4,3,3,3,3,4,4,3,3,3.42,False,20.6,calibrated
R084,29,male,5,surface,9,7000,730,approve,94,True,5,6,5,6,6,6,5,6,6,6,6,4,5.58,True,10.8,calibrated
R084,29,male,5,surface,10,25000,620,deny,69,True,5,4,6,4,3,4,4,4,5,4,5,4,4.33,True,15.3,calibrated
R085,18,female,3,counterfactual,1,8000,610,deny,82,True,6,6,6,7,6,6,6,6,7,6,5,6,6.08,True,14.4,calibrated
R085,18,female,3,counterfactual,2,15000,705,approve,91,True,6,6,6,5,6,7,7,6,5,5,6,6,5.92,False,20.1,calibrated
R085,18,female,3,counterfactual,3,22000,640,approve,58,True,5,6,6,5,6,6,6,6,7,7,6,5,5.92,True,17.1,calibrated
R085,18,female,3,counterfactual,4,5000,590,deny,74,True,6,6,6,6,6,6,7,6,5,5,6,5,5.83,False,14.8,calibrated
R085,18,female,3,counterfactual,5,30000,720,approve,88,True,7,6,6,7,4,7,6,6,7,6,6,7,6.25,False,18.4,calibrated
R085,18,female,3,counterfactual,6,12000,655,deny,63,False,2,2,4,3,2,3,2,3,3,3,4,2,2.75,False,19.9,calibrated
R085,18,female,3,counterfactual,7,9000,680,approve,77,True,5,6,7,7,7,6,7,7,7,6,7,6,6.5,True,11.2,calibrated
R085,18,female,3,counterfactual,8,18000,600,approve,55,False,3,3,3,4,4,4,2,3,4,1,3,4,3.17,False,6.8,calibrated
R085,18,female,3,counterfactual,9,7000,730,approve,94,True,6,6,7,6,6,6,6,7,6,6,6,7,6.25,False,18.1,calibrated
R085,18,female,3,counterfactual,10,25000,620,deny,69,True,7,6,6,6,6,6,6,7,6,5,6,5,6,True,15.3,calibrated
R086,18,male,2,counterfactual,1,8000,610,deny,82,True,7,5,7,5,6,7,7,6,5,7,7,6,6.25,True,14.1,calibrated
R086,18,male,2,counterfactual,2,15000,705,approve,91,True,6,6,5,6,6,6,7,6,6,6,6,6,6,True,11.2,calibrated
R086,18,male,2,counterfactual,3,22000,640,approve,58,True,6,6,5,7,4,5,5,5,4,5,5,5,5.17,False,24.7,calibrated
R086,18,male,2,counterfactual,4,5000,590,deny,74,True,7,6,5,6,7,5,7,7,7,6,7,5,6.25,True,11.2,calibrated
R086,18,male,2,counterfactual,5,30000,720,approve,88,True,6,6,6,7,6,6,6,6,6,7,5,4,5.92,True,14.3,calibrated
R086,18,male,2,counterfactual,6,12000,655,deny,63,False,2,3,3,3,4,4,2,2,4,2,4,2,2.92,False,10.2,calibrated
R086,18,male,2,counterfactual,7,9000,680,approve,77,True,7,7,5,7,6,7,7,5,6,7,6,6,6.33,True,5.3,calibrated
R086,18,male,2,counterfactual,8,18000,600,approve,55,False,2,2,4,2,2,3,2,2,3,2,3,3,2.5,False,8.9,calibrated
R086,18,male,2,counterfactual,9,7000,730,approve,94,True,7,7,7,6,7,7,7,7,7,7,7,7,6.92,True,16.4,calibrated
R086,18,male,2,counterfactual,10,25000,620,deny,69,True,5,6,6,5,6,7,6,7,5,6,5,6,5.83,True,16.4,calibrated
R087,44,male,2,none,1,8000,610,deny,82,True,6,6,7,6,6,6,5,6,5,6,6,6,5.92,True,21.3,calibrated
R087,44,male,2,none,2,15000,705,approve,91,True,5,4,6,5,6,5,5,5,5,6,5,5,5.17,True,20.6,calibrated
R087,44,male,2,none,3,22000,640,approve,58,True,5,5,4,5,5,5,5,5,4,5,4,5,4.75,False,16.2,calibrated
R087,44,male,2,none,4,5000,590,deny,74,True,5,5,4,6,5,5,6,6,6,4,5,5,5.17,False,12.4,calibrated
R087,44,male,2,none,5,30000,720,approve,88,True,6,5,5,6,5,5,4,5,4,5,6,5,5.08,True,9.7,calibrated
R087,44,male,2,none,6,12000,655,deny,63,False,6,5,4,5,6,5,4,4,5,5,5,5,4.92,False,7.0,over-trust
R087,44,male,2,none,7,9000,680,approve,77,True,5,7,6,5,5,6,5,6,6,6,6,6,5.75,True,19.0,calibrated
R087,44,male,2,none,8,18000,600,approve,55,False,4,3,3,4,4,3,4,3,6,4,4,5,3.92,False,8.0,calibrated
R087,44,male,2,none,9,7000,730,approve,94,True,5,4,5,5,4,5,5,5,6,5,5,5,4.92,True,17.9,calibrated
R087,44,male,2,none,10,25000,620,deny,69,True,6,6,6,6,5,6,4,4,4,4,6,5,5.17,True,13.7,calibrated
R088,18,female,3,surface,1,8000,610,deny,82,True,6,6,6,5,6,6,7,6,5,7,6,6,6,True,13.7,calibrated
R088,18,female,3,surface,2,15000,705,approve,91,True,5,5,6,5,5,5,7,6,6,5,4,6,5.42,False,9.0,calibrated
R088,18,female,3,surface,3,22000,640,approve,58,True,6,5,7,4,5,4,4,5,5,5,5,5,5,False,10.8,calibrated
R088,18,female,3,surface,4,5000,590,deny,74,True,6,7,7,6,6,6,7,6,7,6,7,7,6.5,True,12.5,calibrated
R088,18,female,3,surface,5,30000,720,approve,88,True,6,7,5,5,6,6,6,5,5,5,6,5,5.58,False,20.0,calibrated
R088,18,female,3,surface,6,12000,655,deny,63,False,5,4,4,4,4,4,3,2,4,5,4,4,3.92,False,6.0,calibrated
R088,18,female,3,surface,7,9000,680,approve,77,True,6,6,5,6,5,5,4,5,5,6,5,5,5.25,True,11.0,calibrated
R088,18,female,3,surface,8,18000,600,approve,55,False,2,3,3,3,3,3,2,3,3,4,3,3,2.92,True,19.6,calibrated
R088,18,female,3,surface,9,7000,730,approve,94,True,5,6,7,5,5,5,5,6,5,5,6,5,5.42,True,13.7,calibrated
R088,18,female,3,surface,10,25000,620,deny,69,True,5,6,6,7,5,5,4,7,4,6,5,4,5.33,True,15.7,calibrated
R089,38,nonbinary,3,surface,1,8000,610,deny,82,True,6,5,5,5,6,7,7,6,5,5,5,6,5.67,True,20.9,calibrated
R089,38,nonbinary,3,surface,2,15000,705,approve,91,True,6,6,6,6,7,6,7,6,6,7,6,7,6.33,True,13.0,calibrated
R089,38,nonbinary,3,surface,3,22000,640,approve,58,True,5,5,6,5,6,5,4,6,6,4,4,3,4.92,False,3.8,calibrated
R089,38,nonbinary,3,surface,4,5000,590,deny,74,True,6,4,5,7,6,5,5,6,5,5,4,4,5.17,True,14.0,calibrated
R089,38,nonbinary,3,surface,5,30000,720,approve,88,True,5,4,5,5,6,5,6,6,6,6,5,5,5.33,True,18.0,calibrated
R089,38,nonbinary,3,surface,6,12000,655,deny,63,False,3,5,5,3,3,4,4,5,4,4,4,5,4.08,False,3,over-trust
R089,38,nonbinary,3,surface,7,9000,680,approve,77,True,5,6,6,5,6,5,6,5,6,5,7,5,5.58,False,19.6,calibrated
R089,38,nonbinary,3,surface,8,18000,600,approve,55,False,3,2,2,4,2,4,2,4,4,3,2,4,3,True,16.7,calibrated
R089,38,nonbinary,3,surface,9,7000,730,approve,94,True,7,6,7,5,7,6,7,7,7,7,6,7,6.58,True,10.0,calibrated
R089,38,nonbinary,3,surface,10,25000,620,deny,69,True,6,5,5,6,4,5,5,6,4,3,6,4,4.92,False,23.0,calibrated
R090,27,male,4,none,1,8000,610,deny,82,True,6,5,5,5,6,6,6,5,5,6,5,5,5.42,True,10.3,calibrated
R090,27,male,4,none,2,15000,705,approve,91,True,7,5,6,5,5,5,4,5,4,5,5,4,5,True,4.9,calibrated
R090,27,male,4,none,3,22000,640,approve,58,True,4,3,3,3,4,4,2,2,4,3,5,4,3.42,True,11.8,under-trust
R090,27,male,4,none,4,5000,590,deny,74,True,6,6,6,4,5,5,5,6,5,5,6,5,5.33,True,10.3,calibrated
R090,27,male,4,none,5,30000,720,approve,88,True,7,5,5,5,5,5,6,5,6,6,7,5,5.58,True,14.9,calibrated
R090,27,male,4,none,6,12000,655,deny,63,False,5,4,5,5,4,5,4,4,4,4,4,4,4.33,True,18.7,over-trust
R090,27,male,4,none,7,9000,680,approve,77,True,5,3,4,4,6,5,5,5,5,5,5,5,4.75,True,12.8,calibrated
R090,27,male,4,none,8,18000,600,approve,55,False,5,4,5,6,4,5,5,4,4,5,5,5,4.75,False,14.7,over-trust
R090,27,male,4,none,9,7000,730,approve,94,True,6,6,5,5,6,7,4,6,6,6,6,5,5.67,True,12.6,calibrated
R090,27,male,4,none,10,25000,620,deny,69,True,5,5,6,4,5,5,5,7,4,5,5,5,5.08,True,22.7,calibrated
R091,41,female,3,surface,1,8000,610,deny,82,True,5,5,4,5,5,5,4,5,5,5,5,5,4.83,True,11.6,calibrated
R091,41,female,3,surface,2,15000,705,approve,91,True,5,4,6,5,5,6,5,4,5,5,6,4,5,False,11.5,calibrated
R091,41,female,3,surface,3,22000,640,approve,58,True,5,5,5,5,5,5,5,3,4,4,4,6,4.67,True,7.5,calibrated
R091,41,female,3,surface,4,5000,590,deny,74,True,5,4,5,6,6,6,7,5,5,5,5,6,5.42,True,17.0,calibrated
R091,41,female,3,surface,5,30000,720,approve,88,True,5,7,5,7,5,6,7,5,6,6,6,6,5.92,True,18.6,calibrated
R091,41,female,3,surface,6,12000,655,deny,63,False,3,3,3,3,4,3,4,4,4,5,5,3,3.67,False,32.1,calibrated
R091,41,female,3,surface,7,9000,680,approve,77,True,6,6,6,5,5,5,5,6,6,6,4,4,5.33,False,18.0,calibrated
R091,41,female,3,surface,8,18000,600,approve,55,False,3,2,4,2,3,3,3,3,2,2,2,5,2.83,False,6.4,calibrated
R091,41,female,3,surface,9,7000,730,approve,94,True,7,7,6,6,6,7,7,6,5,6,7,6,6.33,True,10.9,calibrated
R091,41,female,3,surface,10,25000,620,deny,69,True,5,5,5,3,5,6,5,5,6,7,5,4,5.08,True,13.5,calibrated
R092,44,male,2,surface,1,8000,610,deny,82,True,6,4,6,5,5,6,6,7,6,7,6,7,5.92,True,8.7,calibrated
R092,44,male,2,surface,2,15000,705,approve,91,True,6,6,6,5,5,6,5,6,6,6,6,6,5.75,True,25.6,calibrated
R092,44,male,2,surface,3,22000,640,approve,58,True,4,4,4,4,4,5,4,6,3,4,4,3,4.08,False,10.7,calibrated
R092,44,male,2,surface,4,5000,590,deny,74,True,5,6,5,5,6,7,6,7,5,7,5,7,5.92,True,8.8,calibrated
R092,44,male,2,surface,5,30000,720,approve,88,True,6,6,6,7,6,7,5,6,5,7,6,5,6,True,17.8,calibrated
R092,44,male,2,surface,6,12000,655,deny,63,False,3,5,2,3,3,3,3,2,3,4,3,4,3.17,True,13.7,calibrated
R092,44,male,2,surface,7,9000,680,approve,77,True,5,5,5,5,5,5,5,6,4,5,6,5,5.08,True,10.2,calibrated
R092,44,male,2,surface,8,18000,600,approve,55,False,3,2,4,3,3,3,4,3,4,4,3,2,3.17,True,14.3,calibrated
R092,44,male,2,surface,9,7000,730,approve,94,True,5,6,6,7,5,4,6,6,7,4,4,6,5.5,True,14.5,calibrated
R092,44,male,2,surface,10,25000,620,deny,69,True,5,7,6,6,6,5,4,5,7,7,6,5,5.75,True,15.4,calibrated
R093,37,male,1,counterfactual,1,8000,610,deny,82,True,7,7,6,6,7,6,5,6,6,5,5,7,6.08,True,13.7,calibrated
R093,37,male,1,counterfactual,2,15000,705,approve,91,True,6,6,7,7,7,6,6,6,6,5,7,6,6.25,True,15.7,calibrated
R093,37,male,1,counterfactual,3,22000,640,approve,58,True,6,5,6,5,5,6,5,6,5,6,6,7,5.67,False,14.1,calibrated
R093,37,male,1,counterfactual,4,5000,590,deny,74,True,4,4,6,6,4,6,5,6,6,5,5,6,5.25,False,14.2,calibrated
R093,37,male,1,counterfactual,5,30000,720,approve,88,True,6,6,6,6,6,6,5,6,6,5,6,4,5.67,True,18.5,calibrated
R093,37,male,1,counterfactual,6,12000,655,deny,63,False,3,3,4,3,4,3,4,4,3,3,5,4,3.58,False,8.6,calibrated
R093,37,male,1,counterfactual,7,9000,680,approve,77,True,7,5,6,6,6,7,5,7,6,6,7,6,6.17,True,18.5,calibrated
R093,37,male,1,counterfactual,8,18000,600,approve,55,False,1,3,3,1,1,2,2,2,2,3,2,2,2,False,7.1,calibrated
R093,37,male,1,counterfactual,9,7000,730,approve,94,True,5,6,7,6,7,7,5,6,6,7,7,7,6.33,True,13.5,calibrated
R093,37,male,1,counterfactual,10,25000,620,deny,69,True,6,7,5,6,5,6,5,6,5,7,7,5,5.83,False,20.4,calibrated
R094,29,male,4,counterfactual,1,8000,610,deny,82,True,6,7,7,6,6,7,7,7,6,7,7,6,6.58,True,17.3,calibrated
R094,29,male,4,counterfactual,2,15000,705,approve,91,True,6,7,7,6,7,5,7,7,6,7,7,7,6.58,True,26.0,calibrated
R094,29,male,4,counterfactual,3,22000,640,approve,58,True,7,7,5,6,6,6,7,6,6,6,6,7,6.25,True,7.7,calibrated
R094,29,male,4,counterfactual,4,5000,590,deny,74,True,6,6,6,6,5,5,6,6,5,6,5,6,5.67,True,16.5,calibrated
R094,29,male,4,counterfactual,5,30000,720,approve,88,True,7,7,7,7,7,7,7,7,6,6,7,7,6.83,True,11.4,calibrated
R094,29,male,4,counterfactual,6,12000,655,deny,63,False,4,3,4,3,3,4,4,2,3,3,2,4,3.25,False,14.4,calibrated
R094,29,male,4,counterfactual,7,9000,680,approve,77,True,7,7,6,7,7,7,7,7,5,7,6,5,6.5,True,8.9,calibrated
R094,29,male,4,counterfactual,8,18000,600,approve,55,False,4,2,2,3,2,3,2,3,3,3,3,3,2.75,True,11.9,calibrated
R094,29,male,4,counterfactual,9,7000,730,approve,94,True,7,7,7,7,6,7,7,7,6,7,7,6,6.75,True,14.1,calibrated
R094,29,male,4,counterfactual,10,25000,620,deny,69,True,5,5,4,6,5,5,5,6,5,5,6,6,5.25,True,8.5,calibrated
R095,67,female,3,surface,1,8000,610,deny,82,True,6,6,6,6,5,5,6,7,5,5,6,5,5.67,True,18.3,calibrated
R095,67,female,3,surface,2,15000,705,approve,91,True,6,6,6,5,6,7,6,7,7,5,5,6,6,True,18.0,calibrated
R095,67,female,3,surface,3,22000,640,approve,58,True,5,5,3,5,4,5,4,5,4,4,5,4,4.42,False,16.0,calibrated
R095,67,female,3,surface,4,5000,590,deny,74,True,4,6,6,5,5,5,5,4,6,5,6,4,5.08,True,17.0,calibrated
R095,67,female,3,surface,5,30000,720,approve,88,True,7,5,7,6,5,6,6,5,6,5,6,6,5.83,True,17.6,calibrated
R095,67,female,3,surface,6,12000,655,deny,63,False,2,3,4,3,3,3,3,2,2,2,3,3,2.75,False,19.3,calibrated
R095,67,female,3,surface,7,9000,680,approve,77,True,6,5,5,5,5,5,4,5,5,6,5,6,5.17,False,10.2,calibrated
R095,67,female,3,surface,8,18000,600,approve,55,False,4,3,3,4,3,4,5,4,4,3,3,3,3.58,False,10.7,calibrated
R095,67,female,3,surface,9,7000,730,approve,94,True,6,6,6,5,6,5,6,7,5,6,5,6,5.75,True,6.6,calibrated
R095,67,female,3,surface,10,25000,620,deny,69,True,5,6,7,6,4,5,6,7,5,6,5,5,5.58,True,30.0,calibrated
R096,36,nonbinary,5,counterfactual,1,8000,610,deny,82,True,5,7,6,7,5,5,6,7,6,7,5,6,6,True,21.1,calibrated
R096,36,nonbinary,5,counterfactual,2,15000,705,approve,91,True,6,6,6,7,7,6,6,7,7,6,6,6,6.33,False,3,calibrated
R096,36,nonbinary,5,counterfactual,3,22000,640,approve,58,True,5,6,5,6,6,6,6,5,5,6,6,5,5.58,True,10.1,calibrated
R096,36,nonbinary,5,counterfactual,4,5000,590,deny,74,True,5,5,6,5,6,7,7,6,7,6,7,7,6.17,True,9.6,calibrated
R096,36,nonbinary,5,counterfactual,5,30000,720,approve,88,True,5,6,5,7,6,5,6,6,6,7,6,6,5.92,False,13.1,calibrated
R096,36,nonbinary,5,counterfactual,6,12000,655,deny,63,False,2,3,3,3,2,2,2,4,2,4,4,3,2.83,True,17.6,calibrated
R096,36,nonbinary,5,counterfactual,7,9000,680,approve,77,True,5,6,6,5,7,5,7,6,7,6,7,6,6.08,True,27.0,calibrated
R096,36,nonbinary,5,counterfactual,8,18000,600,approve,55,False,1,3,3,4,2,4,3,3,2,1,2,2,2.5,False,13.5,calibrated
R096,36,nonbinary,5,counterfactual,9,7000,730,approve,94,True,7,7,6,6,6,7,6,7,6,6,6,7,6.42,False,18.3,calibrated
R096,36,nonbinary,5,counterfactual,10,25000,620,deny,69,True,6,7,7,7,7,5,6,5,6,4,5,5,5.83,True,22.1,calibrated
R097,33,male,1,none,1,8000,610,deny,82,True,5,6,4,6,5,7,6,6,7,7,6,5,5.83,False,19.6,calibrated
R097,33,male,1,none,2,15000,705,approve,91,True,5,4,7,5,6,4,6,6,5,5,5,6,5.33,True,16.7,calibrated
R097,33,male,1,none,3,22000,640,approve,58,True,4,4,3,3,5,4,5,3,5,4,4,5,4.08,True,6.2,calibrated
R097,33,male,1,none,4,5000,590,deny,74,True,5,5,5,5,6,6,5,5,6,6,6,5,5.42,True,13.1,calibrated
R097,33,male,1,none,5,30000,720,approve,88,True,5,6,7,6,5,6,5,5,5,7,7,6,5.83,True,20.9,calibrated
R097,33,male,1,none,6,12000,655,deny,63,False,3,5,4,5,5,3,3,4,4,4,5,3,4,False,14.6,over-trust
R097,33,male,1,none,7,9000,680,approve,77,True,6,4,6,5,5,5,5,5,5,6,4,6,5.17,True,8.3,calibrated
R097,33,male,1,none,8,18000,600,approve,55,False,3,5,5,3,4,5,4,4,4,6,4,5,4.33,True,21.1,over-trust
R097,33,male,1,none,9,7000,730,approve,94,True,6,5,5,5,5,6,6,6,5,6,6,6,5.58,True,10.1,calibrated
R097,33,male,1,none,10,25000,620,deny,69,True,4,5,5,5,5,4,5,3,4,6,5,4,4.58,True,14.2,calibrated
R098,24,female,4,none,1,8000,610,deny,82,True,6,5,4,4,4,6,5,5,5,4,5,6,4.92,True,17.8,calibrated
R098,24,female,4,none,2,15000,705,approve,91,True,6,5,5,6,5,6,5,4,5,6,6,6,5.42,True,11.4,calibrated
R098,24,female,4,none,3,22000,640,approve,58,True,4,4,5,6,4,6,4,4,3,5,5,3,4.42,True,15.4,calibrated
R098,24,female,4,none,4,5000,590,deny,74,True,5,5,7,6,6,6,5,6,6,6,5,6,5.75,True,16.1,calibrated
R098,24,female,4,none,5,30000,720,approve,88,True,6,6,5,4,7,5,5,6,5,4,6,5,5.33,False,8.4,calibrated
R098,24,female,4,none,6,12000,655,deny,63,False,4,3,4,4,3,4,5,4,4,5,4,4,4,True,11.2,over-trust
R098,24,female,4,none,7,9000,680,approve,77,True,4,6,6,5,7,4,5,4,6,4,5,7,5.25,True,18.5,calibrated
R098,24,female,4,none,8,18000,600,approve,55,False,4,4,4,4,5,3,2,4,6,5,3,3,3.92,False,16.3,calibrated
R098,24,female,4,none,9,7000,730,approve,94,True,6,6,5,6,6,4,7,7,5,5,6,4,5.58,False,17.0,calibrated
R098,24,female,4,none,10,25000,620,deny,69,True,4,5,5,4,4,5,4,3,6,4,4,3,4.25,True,4.5,calibrated
R099,46,female,3,counterfactual,1,8000,610,deny,82,True,7,7,6,6,6,6,6,7,7,7,6,6,6.42,True,8.0,calibrated
R099,46,female,3,counterfactual,2,15000,705,approve,91,True,6,7,7,7,6,7,7,7,6,7,7,6,6.67,True,14.4,calibrated
R099,46,female,3,counterfactual,3,22000,640,approve,58,True,5,6,6,5,5,5,7,6,3,6,6,6,5.5,True,8.5,calibrated
R099,46,female,3,counterfactual,4,5000,590,deny,74,True,6,7,7,6,6,5,6,6,6,6,5,6,6,True,14.9,calibrated
R099,46,female,3,counterfactual,5,30000,720,approve,88,True,6,5,6,6,6,5,6,5,6,5,5,6,5.58,True,9.3,calibrated
R099,46,female,3,counterfactual,6,12000,655,deny,63,False,3,4,4,3,3,5,3,3,3,5,3,4,3.58,True,10.5,calibrated
R099,46,female,3,counterfactual,7,9000,680,approve,77,True,7,6,7,6,7,6,7,6,6,6,6,6,6.33,True,28.4,calibrated
R099,46,female,3,counterfactual,8,18000,600,approve,55,False,4,2,3,3,3,3,1,2,2,2,3,2,2.5,True,20.7,calibrated
R099,46,female,3,counterfactual,9,7000,730,approve,94,True,6,5,7,5,6,7,5,6,7,6,7,7,6.17,True,22.3,calibrated
R099,46,female,3,counterfactual,10,25000,620,deny,69,True,4,6,6,5,7,6,6,7,6,6,6,6,5.92,True,7.1,calibrated
R100,20,female,4,counterfactual,1,8000,610,deny,82,True,6,7,6,7,6,6,7,7,6,7,6,7,6.5,True,10.7,calibrated
R100,20,female,4,counterfactual,2,15000,705,approve,91,True,6,7,6,6,5,6,7,7,6,6,6,5,6.08,True,13.6,calibrated
R100,20,female,4,counterfactual,3,22000,640,approve,58,True,6,5,6,6,4,6,5,6,5,5,6,6,5.5,True,14.8,calibrated
R100,20,female,4,counterfactual,4,5000,590,deny,74,True,6,5,5,5,6,5,6,6,4,7,6,6,5.58,True,4.4,calibrated
R100,20,female,4,counterfactual,5,30000,720,approve,88,True,7,7,7,7,7,6,6,5,6,6,7,6,6.42,True,8.8,calibrated
R100,20,female,4,counterfactual,6,12000,655,deny,63,False,3,3,4,2,4,4,2,4,4,3,2,2,3.08,False,11.5,calibrated
R100,20,female,4,counterfactual,7,9000,680,approve,77,True,7,6,4,6,7,6,5,7,6,7,5,6,6,True,22.2,calibrated
R100,20,female,4,counterfactual,8,18000,600,approve,55,False,4,3,3,2,3,3,2,2,3,3,3,3,2.83,False,11.1,calibrated
R100,20,female,4,counterfactual,9,7000,730,approve,94,True,7,7,7,7,7,6,7,7,7,7,6,6,6.75,True,16.9,calibrated
R100,20,female,4,counterfactual,10,25000,620,deny,69,True,6,6,6,6,7,6,6,6,6,6,6,7,6.17,True,16.8,calibrated
R101,38,female,3,surface,1,8000,610,deny,82,True,6,6,4,6,6,5,6,5,5,6,6,6,5.58,False,10.0,calibrated
R101,38,female,3,surface,2,15000,705,approve,91,True,7,5,5,6,7,6,7,7,6,7,7,7,6.42,True,4.6,calibrated
R101,38,female,3,surface,3,22000,640,approve,58,True,4,6,3,4,5,4,4,4,4,5,5,4,4.33,False,13.2,calibrated
R101,38,female,3,surface,4,5000,590,deny,74,True,7,5,7,5,5,5,7,6,6,5,5,5,5.67,True,9.8,calibrated
R101,38,female,3,surface,5,30000,720,approve,88,True,7,6,6,6,6,6,7,6,6,7,6,6,6.25,True,8.6,calibrated
R101,38,female,3,surface,6,12000,655,deny,63,False,3,4,4,4,3,3,3,3,3,4,3,4,3.42,True,10.9,calibrated
R101,38,female,3,surface,7,9000,680,approve,77,True,6,6,5,5,5,6,6,7,7,7,7,5,6,True,9.3,calibrated
R101,38,female,3,surface,8,18000,600,approve,55,False,3,5,4,3,3,4,3,4,3,3,4,3,3.5,False,21.4,calibrated
R101,38,female,3,surface,9,7000,730,approve,94,True,7,5,6,5,6,7,7,6,5,7,5,5,5.92,True,26.4,calibrated
R101,38,female,3,surface,10,25000,620,deny,69,True,5,6,6,5,4,6,5,7,4,6,6,7,5.58,True,12.5,calibrated
R102,20,male,3,counterfactual,1,8000,610,deny,82,True,6,7,7,6,7,7,7,7,6,6,7,7,6.67,True,16.8,calibrated
R102,20,male,3,counterfactual,2,15000,705,approve,91,True,7,7,6,7,7,7,7,6,7,7,7,5,6.67,True,14.3,calibrated
R102,20,male,3,counterfactual,3,22000,640,approve,58,True,5,6,5,6,7,6,6,6,5,6,6,5,5.75,True,10.1,calibrated
R102,20,male,3,counterfactual,4,5000,590,deny,74,True,7,7,7,5,6,7,5,6,5,6,6,7,6.17,True,13.6,calibrated
R102,20,male,3,counterfactual,5,30000,720,approve,88,True,7,7,7,6,6,6,5,7,7,6,6,6,6.33,True,17.1,calibrated
R102,20,male,3,counterfactual,6,12000,655,deny,63,False,3,1,3,2,3,3,3,2,4,3,3,1,2.58,False,7.9,calibrated
R102,20,male,3,counterfactual,7,9000,680,approve,77,True,6,6,6,5,5,5,5,6,6,6,6,6,5.67,False,6.4,calibrated
R102,20,male,3,counterfactual,8,18000,600,approve,55,False,2,3,3,3,2,3,2,3,4,2,4,3,2.83,False,13.1,calibrated
R102,20,male,3,counterfactual,9,7000,730,approve,94,True,6,6,6,6,7,6,6,5,7,6,7,6,6.17,True,18.2,calibrated
R102,20,male,3,counterfactual,10,25000,620,deny,69,True,7,5,6,6,6,6,6,6,6,6,5,7,6,True,14.9,calibrated
R103,35,male,2,none,1,8000,610,deny,82,True,5,5,5,4,5,4,4,3,4,4,5,5,4.42,True,18.7,calibrated
R103,35,male,2,none,2,15000,705,approve,91,True,4,6,6,5,6,5,5,6,3,6,5,5,5.17,True,9.6,calibrated
R103,35,male,2,none,3,22000,640,approve,58,True,5,6,6,5,5,4,5,5,6,6,5,5,5.25,True,20.2,calibrated
R103,35,male,2,none,4,5000,590,deny,74,True,4,5,5,5,5,5,5,5,5,4,5,4,4.75,True,13.5,calibrated
R103,35,male,2,none,5,30000,720,approve,88,True,5,4,5,5,5,5,5,4,6,4,4,4,4.67,True,9.8,calibrated
R103,35,male,2,none,6,12000,655,deny,63,False,3,4,4,4,5,4,4,3,4,4,3,4,3.83,False,19.3,calibrated
R103,35,male,2,none,7,9000,680,approve,77,True,7,7,6,5,6,7,6,6,5,7,7,5,6.17,True,16.4,calibrated
R103,35,male,2,none,8,18000,600,approve,55,False,5,3,5,5,3,3,3,4,5,4,5,4,4.08,True,12.6,over-trust
R103,35,male,2,none,9,7000,730,approve,94,True,6,4,6,6,6,5,5,6,7,6,6,5,5.67,True,11.8,calibrated
R103,35,male,2,none,10,25000,620,deny,69,True,4,4,4,4,5,3,4,5,4,4,5,5,4.25,False,9.3,calibrated
R104,25,female,1,none,1,8000,610,deny,82,True,5,6,5,6,5,7,4,5,6,5,4,6,5.33,True,14.7,calibrated
R104,25,female,1,none,2,15000,705,approve,91,True,5,5,6,6,5,6,5,6,5,6,6,6,5.58,True,18.8,calibrated
R104,25,female,1,none,3,22000,640,approve,58,True,4,5,5,6,4,4,4,5,4,5,4,4,4.5,False,19.1,calibrated
R104,25,female,1,none,4,5000,590,deny,74,True,5,5,5,5,6,6,5,6,5,5,6,6,5.42,True,10.6,calibrated
R104,25,female,1,none,5,30000,720,approve,88,True,6,6,6,6,5,6,5,6,5,4,5,6,5.5,True,19.8,calibrated
R104,25,female,1,none,6,12000,655,deny,63,False,4,6,6,5,6,5,7,6,5,5,4,5,5.33,True,16.3,over-trust
R104,25,female,1,none,7,9000,680,approve,77,True,4,3,4,4,4,4,4,3,3,4,4,5,3.83,False,12.0,under-trust
R104,25,female,1,none,8,18000,600,approve,55,False,5,5,5,4,3,3,3,3,4,3,3,3,3.67,False,5.2,calibrated
R104,25,female,1,none,9,7000,730,approve,94,True,4,6,5,4,5,6,4,5,5,4,4,4,4.67,False,14.5,calibrated
R104,25,female,1,none,10,25000,620,deny,69,True,6,5,5,5,5,5,4,5,5,4,7,6,5.17,True,18.1,calibrated
R105,20,female,2,none,1,8000,610,deny,82,True,3,3,5,6,5,6,6,4,5,5,4,6,4.83,True,4.9,calibrated
R105,20,female,2,none,2,15000,705,approve,91,True,4,6,4,6,7,6,6,5,5,5,6,5,5.42,False,14.2,calibrated
R105,20,female,2,none,3,22000,640,approve,58,True,5,5,4,5,4,4,5,5,5,5,6,5,4.83,True,15.0,calibrated
R105,20,female,2,none,4,5000,590,deny,74,True,4,6,4,4,3,4,3,4,5,4,5,4,4.17,False,18.6,calibrated
R105,20,female,2,none,5,30000,720,approve,88,True,5,5,4,5,5,6,4,3,5,6,5,5,4.83,True,15.6,calibrated
R105,20,female,2,none,6,12000,655,deny,63,False,3,3,3,4,3,4,4,4,3,4,5,3,3.58,False,22.1,calibrated
R105,20,female,2,none,7,9000,680,approve,77,True,6,5,5,6,6,6,7,6,7,6,6,6,6,True,11.1,calibrated
R105,20,female,2,none,8,18000,600,approve,55,False,5,4,4,5,4,4,4,3,4,5,4,5,4.25,False,16.3,over-trust
R105,20,female,2,none,9,7000,730,approve,94,True,6,5,6,7,6,7,7,6,6,5,6,7,6.17,True,18.0,calibrated
R105,20,female,2,none,10,25000,620,deny,69,True,4,5,4,4,5,5,5,5,5,5,5,4,4.67,True,16.9,calibrated
R106,36,male,3,none,1,8000,610,deny,82,True,5,6,5,5,6,5,5,4,7,5,6,5,5.33,True,7.1,calibrated
R106,36,male,3,none,2,15000,705,approve,91,True,5,6,6,6,6,6,5,6,5,5,5,5,5.5,True,15.8,calibrated
R106,36,male,3,none,3,22000,640,approve,58,True,5,5,3,5,4,5,5,5,5,4,4,5,4.58,True,13.0,calibrated
R106,36,male,3,none,4,5000,590,deny,74,True,5,5,4,5,5,6,5,5,5,5,5,7,5.17,True,18.2,calibrated
R106,36,male,3,none,5,30000,720,approve,88,True,5,7,5,6,6,6,5,7,7,6,5,5,5.83,True,16.1,calibrated
R106,36,male,3,none,6,12000,655,deny,63,False,5,3,6,4,5,5,5,5,4,3,4,5,4.5,False,13.0,over-trust
R106,36,male,3,none,7,9000,680,approve,77,True,5,5,6,4,6,6,4,5,6,5,6,5,5.25,True,11.9,calibrated
R106,36,male,3,none,8,18000,600,approve,55,False,4,4,5,4,5,4,4,5,4,5,5,5,4.5,False,11.9,over-trust
R106,36,male,3,none,9,7000,730,approve,94,True,5,5,6,5,5,4,5,4,5,5,4,5,4.83,False,20.1,calibrated
R106,36,male,3,none,10,25000,620,deny,69,True,6,4,5,5,5,5,5,4,5,5,5,5,4.92,True,14.9,calibrated
R107,50,male,2,counterfactual,1,8000,610,deny,82,True,7,6,7,7,6,5,6,7,4,5,6,6,6,True,13.7,calibrated
R107,50,male,2,counterfactual,2,15000,705,approve,91,True,6,6,7,7,7,6,5,6,7,7,7,7,6.5,True,10.8,calibrated
R107,50,male,2,counterfactual,3,22000,640,approve,58,True,7,7,6,6,7,7,6,6,7,7,7,7,6.67,True,15.1,calibrated
R107,50,male,2,counterfactual,4,5000,590,deny,74,True,5,6,5,6,6,7,6,6,5,6,6,7,5.92,True,10.3,calibrated
R107,50,male,2,counterfactual,5,30000,720,approve,88,True,7,7,7,6,6,7,7,7,7,6,7,7,6.75,False,10.8,calibrated
R107,50,male,2,counterfactual,6,12000,655,deny,63,False,5,3,4,4,3,4,6,4,3,3,4,4,3.92,True,17.1,calibrated
R107,50,male,2,counterfactual,7,9000,680,approve,77,True,6,7,6,7,7,6,6,7,7,6,6,7,6.5,True,19.8,calibrated
R107,50,male,2,counterfactual,8,18000,600,approve,55,False,4,3,2,2,2,2,3,3,3,1,3,3,2.58,False,12.8,calibrated
R107,50,male,2,counterfactual,9,7000,730,approve,94,True,5,7,5,7,5,7,6,7,6,5,7,7,6.17,False,12.9,calibrated
R107,50,male,2,counterfactual,10,25000,620,deny,69,True,4,5,6,7,5,6,7,7,6,6,6,5,5.83,True,15.8,calibrated
R108,25,female,1,none,1,8000,610,deny,82,True,5,5,6,5,6,6,4,4,5,5,6,6,5.25,True,25.0,calibrated
R108,25,female,1,none,2,15000,705,approve,91,True,4,5,6,5,5,5,4,6,5,3,4,4,4.67,True,15.1,calibrated
R108,25,female,1,none,3,22000,640,approve,58,True,5,5,6,5,6,6,5,4,4,5,5,5,5.08,False,29.6,calibrated
R108,25,female,1,none,4,5000,590,deny,74,True,5,4,5,4,5,4,5,5,5,5,7,6,5,True,10.8,calibrated
R108,25,female,1,none,5,30000,720,approve,88,True,5,6,5,5,4,6,4,5,6,4,5,5,5,False,21.0,calibrated
R108,25,female,1,none,6,12000,655,deny,63,False,4,4,4,3,4,4,4,4,4,3,5,4,3.92,False,17.4,calibrated
R108,25,female,1,none,7,9000,680,approve,77,True,4,4,5,5,4,5,5,5,6,5,5,5,4.83,False,12.4,calibrated
R108,25,female,1,none,8,18000,600,approve,55,False,4,4,4,4,4,4,5,3,4,3,4,4,3.92,False,8.6,calibrated
R108,25,female,1,none,9,7000,730,approve,94,True,5,6,5,6,6,6,5,5,5,4,6,4,5.25,False,8.4,calibrated
R108,25,female,1,none,10,25000,620,deny,69,True,6,6,5,5,6,3,5,5,5,5,4,3,4.83,False,15.3,calibrated
R109,43,female,4,surface,1,8000,610,deny,82,True,7,6,6,6,7,7,7,7,7,6,6,7,6.58,True,17.8,calibrated
R109,43,female,4,surface,2,15000,705,approve,91,True,6,5,5,5,7,5,5,6,6,6,6,6,5.67,True,6.1,calibrated
R109,43,female,4,surface,3,22000,640,approve,58,True,6,5,5,6,6,4,5,6,5,5,5,4,5.17,False,5.6,calibrated
R109,43,female,4,surface,4,5000,590,deny,74,True,6,5,7,6,5,5,6,5,7,6,6,5,5.75,True,15.9,calibrated
R109,43,female,4,surface,5,30000,720,approve,88,True,7,6,6,5,6,6,6,6,6,7,7,6,6.17,True,19.7,calibrated
R109,43,female,4,surface,6,12000,655,deny,63,False,3,5,3,4,3,4,4,4,5,3,5,4,3.92,True,9.4,calibrated
R109,43,female,4,surface,7,9000,680,approve,77,True,5,5,5,5,5,4,5,5,6,6,6,5,5.17,False,21.8,calibrated
R109,43,female,4,surface,8,18000,600,approve,55,False,3,3,5,3,3,3,3,4,3,3,4,3,3.33,True,14.6,calibrated
R109,43,female,4,surface,9,7000,730,approve,94,True,6,7,7,6,7,7,6,5,7,6,6,6,6.33,True,24.7,calibrated
R109,43,female,4,surface,10,25000,620,deny,69,True,4,6,4,5,5,4,5,6,6,6,4,6,5.08,True,14.1,calibrated
R110,46,male,2,surface,1,8000,610,deny,82,True,4,6,7,6,5,6,6,6,6,6,6,5,5.75,True,13.6,calibrated
R110,46,male,2,surface,2,15000,705,approve,91,True,5,4,6,6,5,7,6,5,6,5,6,6,5.58,True,9.4,calibrated
R110,46,male,2,surface,3,22000,640,approve,58,True,5,4,5,3,4,3,4,5,4,3,5,4,4.08,True,5.8,calibrated
R110,46,male,2,surface,4,5000,590,deny,74,True,5,5,6,5,7,5,4,6,6,6,5,5,5.42,True,21.2,calibrated
R110,46,male,2,surface,5,30000,720,approve,88,True,5,6,6,6,5,6,7,5,7,5,6,4,5.67,True,17.4,calibrated
R110,46,male,2,surface,6,12000,655,deny,63,False,4,4,3,3,5,2,5,3,3,3,3,5,3.58,True,19.9,calibrated
R110,46,male,2,surface,7,9000,680,approve,77,True,7,5,7,5,5,5,7,6,5,5,6,5,5.67,True,9.8,calibrated
R110,46,male,2,surface,8,18000,600,approve,55,False,4,3,4,4,5,4,3,4,3,2,3,4,3.58,False,16.8,calibrated
R110,46,male,2,surface,9,7000,730,approve,94,True,6,5,5,6,6,6,6,6,6,7,6,6,5.92,True,9.0,calibrated
R110,46,male,2,surface,10,25000,620,deny,69,True,5,6,5,5,6,5,5,4,6,5,6,4,5.17,False,13.6,calibrated
R111,32,male,4,surface,1,8000,610,deny,82,True,7,7,6,5,6,6,5,5,5,6,5,5,5.67,True,10.7,calibrated
R111,32,male,4,surface,2,15000,705,approve,91,True,6,6,6,6,6,5,6,6,5,6,6,6,5.83,True,17.9,calibrated
R111,32,male,4,surface,3,22000,640,approve,58,True,4,5,4,6,3,6,5,5,5,5,5,4,4.75,True,15.7,calibrated
R111,32,male,4,surface,4,5000,590,deny,74,True,5,5,7,6,6,6,5,6,5,6,7,6,5.83,True,9.9,calibrated
R111,32,male,4,surface,5,30000,720,approve,88,True,5,5,6,5,5,4,5,5,6,5,5,5,5.08,True,9.5,calibrated
R111,32,male,4,surface,6,12000,655,deny,63,False,4,4,4,4,3,4,4,4,5,3,2,5,3.83,True,6.5,calibrated
R111,32,male,4,surface,7,9000,680,approve,77,True,6,6,5,5,6,6,7,6,6,6,5,6,5.83,False,10.6,calibrated
R111,32,male,4,surface,8,18000,600,approve,55,False,4,3,3,5,4,4,4,4,4,3,5,4,3.92,False,7.4,calibrated
R111,32,male,4,surface,9,7000,730,approve,94,True,5,6,5,6,6,5,5,6,6,6,5,4,5.42,False,15.0,calibrated
R111,32,male,4,surface,10,25000,620,deny,69,True,7,7,7,6,6,7,5,5,6,5,5,5,5.92,True,13.4,calibrated
R112,39,male,5,counterfactual,1,8000,610,deny,82,True,5,6,6,6,5,6,6,5,6,7,4,6,5.67,True,10.7,calibrated
R112,39,male,5,counterfactual,2,15000,705,approve,91,True,6,5,6,6,6,6,6,6,6,7,6,6,6,True,16.5,calibrated
R112,39,male,5,counterfactual,3,22000,640,approve,58,True,6,7,7,7,6,7,7,6,6,7,6,6,6.5,True,11.4,calibrated
R112,39,male,5,counterfactual,4,5000,590,deny,74,True,7,7,6,5,5,6,5,6,5,6,6,6,5.83,True,12.6,calibrated
R112,39,male,5,counterfactual,5,30000,720,approve,88,True,6,6,6,5,6,6,6,6,5,6,6,5,5.75,True,15.5,calibrated
R112,39,male,5,counterfactual,6,12000,655,deny,63,False,3,3,2,2,2,3,3,3,3,2,3,2,2.58,False,15.3,calibrated
R112,39,male,5,counterfactual,7,9000,680,approve,77,True,6,5,6,5,5,4,7,4,6,7,6,7,5.67,True,10.5,calibrated
R112,39,male,5,counterfactual,8,18000,600,approve,55,False,3,3,4,2,2,3,3,3,3,2,3,2,2.75,False,11.9,calibrated
R112,39,male,5,counterfactual,9,7000,730,approve,94,True,6,6,6,7,7,7,7,5,7,6,7,6,6.42,True,9.4,calibrated
R112,39,male,5,counterfactual,10,25000,620,deny,69,True,5,6,5,7,6,5,6,5,6,6,6,7,5.83,False,12.9,calibrated
R113,28,female,3,surface,1,8000,610,deny,82,True,6,6,5,6,6,5,6,6,6,5,6,6,5.75,True,15.0,calibrated
R113,28,female,3,surface,2,15000,705,approve,91,True,6,6,6,5,5,6,5,6,6,5,6,7,5.75,False,18.7,calibrated
R113,28,female,3,surface,3,22000,640,approve,58,True,6,6,7,6,5,6,4,6,5,6,6,5,5.67,True,15.4,calibrated
R113,28,female,3,surface,4,5000,590,deny,74,True,5,5,6,6,5,6,6,5,7,5,4,5,5.42,True,5.6,calibrated
R113,28,female,3,surface,5,30000,720,approve,88,True,5,6,7,7,6,7,6,6,5,7,6,6,6.17,False,19.2,calibrated
R113,28,female,3,surface,6,12000,655,deny,63,False,4,4,5,4,3,5,5,5,4,4,3,4,4.17,True,14.2,over-trust
R113,28,female,3,surface,7,9000,680,approve,77,True,4,6,7,5,5,6,4,6,4,5,5,6,5.25,True,3.7,calibrated
R113,28,female,3,surface,8,18000,600,approve,55,False,3,3,3,4,5,4,3,2,3,4,4,4,3.5,True,3.4,calibrated
R113,28,female,3,surface,9,7000,730,approve,94,True,6,5,6,4,5,6,4,5,5,7,7,6,5.5,True,13.2,calibrated
R113,28,female,3,surface,10,25000,620,deny,69,True,6,4,5,6,5,5,5,6,6,5,4,5,5.17,False,11.5,calibrated
R114,36,female,3,surface,1,8000,610,deny,82,True,6,6,6,7,6,5,6,6,7,5,6,6,6,True,13.5,calibrated
R114,36,female,3,surface,2,15000,705,approve,91,True,6,6,6,7,7,6,6,6,6,7,7,7,6.42,True,8.3,calibrated
R114,36,female,3,surface,3,22000,640,approve,58,True,5,5,5,5,5,6,5,6,5,6,4,5,5.17,False,23.0,calibrated
R114,36,female,3,surface,4,5000,590,deny,74,True,5,5,6,7,6,7,4,4,4,6,6,5,5.42,False,14.5,calibrated
R114,36,female,3,surface,5,30000,720,approve,88,True,5,5,6,7,6,7,6,6,6,6,5,6,5.92,False,15.6,calibrated
R114,36,female,3,surface,6,12000,655,deny,63,False,4,3,5,3,3,4,4,4,3,5,3,5,3.83,True,16.5,calibrated
R114,36,female,3,surface,7,9000,680,approve,77,True,5,5,5,4,6,5,5,6,4,5,6,6,5.17,True,18.7,calibrated
R114,36,female,3,surface,8,18000,600,approve,55,False,5,3,3,4,3,2,3,3,3,4,2,4,3.25,False,23.5,calibrated
R114,36,female,3,surface,9,7000,730,approve,94,True,7,7,5,6,6,5,6,6,7,7,6,7,6.25,True,16.1,calibrated
R114,36,female,3,surface,10,25000,620,deny,69,True,7,5,5,5,6,5,5,5,5,6,5,6,5.42,False,20.7,calibrated
R115,47,female,3,none,1,8000,610,deny,82,True,5,4,6,5,4,6,4,4,4,4,5,4,4.58,True,18.2,calibrated
R115,47,female,3,none,2,15000,705,approve,91,True,5,6,6,6,7,5,6,6,7,6,6,6,6,True,20.8,calibrated
R115,47,female,3,none,3,22000,640,approve,58,True,4,5,5,4,5,5,5,5,3,4,4,3,4.33,False,15.8,calibrated
R115,47,female,3,none,4,5000,590,deny,74,True,5,5,6,5,6,6,6,5,6,5,5,7,5.58,True,17.3,calibrated
R115,47,female,3,none,5,30000,720,approve,88,True,5,5,7,6,6,5,6,6,6,5,6,6,5.75,True,20.2,calibrated
R115,47,female,3,none,6,12000,655,deny,63,False,4,5,6,5,5,5,6,4,5,4,6,5,5,True,16.2,over-trust
R115,47,female,3,none,7,9000,680,approve,77,True,6,4,4,5,5,6,6,6,4,6,5,5,5.17,True,7.6,calibrated
R115,47,female,3,none,8,18000,600,approve,55,False,4,4,2,5,2,4,4,4,3,4,3,4,3.58,False,13.8,calibrated
R115,47,female,3,none,9,7000,730,approve,94,True,5,5,7,6,6,7,5,5,6,4,6,6,5.67,True,7.4,calibrated
R115,47,female,3,none,10,25000,620,deny,69,True,5,6,4,5,3,6,5,4,5,6,4,6,4.92,True,17.9,calibrated
R116,38,male,3,counterfactual,1,8000,610,deny,82,True,7,7,7,7,7,6,6,7,7,7,6,7,6.75,True,11.2,calibrated
R116,38,male,3,counterfactual,2,15000,705,approve,91,True,7,7,5,6,6,6,6,6,6,6,7,7,6.25,True,8.2,calibrated
R116,38,male,3,counterfactual,3,22000,640,approve,58,True,5,4,6,4,4,4,6,5,6,5,5,4,4.83,True,3,calibrated
R116,38,male,3,counterfactual,4,5000,590,deny,74,True,7,6,6,6,7,7,5,7,7,7,5,7,6.42,True,6.9,calibrated
R116,38,male,3,counterfactual,5,30000,720,approve,88,True,6,6,5,4,6,5,5,5,6,5,5,6,5.33,True,15.0,calibrated
R116,38,male,3,counterfactual,6,12000,655,deny,63,False,2,4,3,4,2,2,3,3,3,2,3,3,2.83,True,20.9,calibrated
R116,38,male,3,counterfactual,7,9000,680,approve,77,True,6,7,6,6,7,6,6,6,5,6,5,7,6.08,True,12.5,calibrated
R116,38,male,3,counterfactual,8,18000,600,approve,55,False,3,3,3,3,3,3,4,2,2,2,4,3,2.92,False,12.6,calibrated
R116,38,male,3,counterfactual,9,7000,730,approve,94,True,6,7,6,5,6,7,7,7,7,6,6,5,6.25,True,15.5,calibrated
R116,38,male,3,counterfactual,10,25000,620,deny,69,True,6,6,6,6,7,6,6,7,6,6,5,6,6.08,False,18.6,calibrated
R117,55,male,2,counterfactual,1,8000,610,deny,82,True,7,4,6,7,6,7,7,6,6,6,5,5,6,True,17.9,calibrated
R117,55,male,2,counterfactual,2,15000,705,approve,91,True,7,7,6,7,7,7,6,7,6,7,7,7,6.75,True,21.4,calibrated
R117,55,male,2,counterfactual,3,22000,640,approve,58,True,6,4,4,4,4,5,5,5,6,6,4,6,4.92,False,22.0,calibrated
R117,55,male,2,counterfactual,4,5000,590,deny,74,True,6,6,6,5,5,5,5,5,6,4,4,4,5.08,True,14.5,calibrated
R117,55,male,2,counterfactual,5,30000,720,approve,88,True,7,7,6,6,6,7,6,6,6,6,6,5,6.17,False,12.3,calibrated
R117,55,male,2,counterfactual,6,12000,655,deny,63,False,3,3,4,3,4,3,3,3,4,4,3,3,3.33,False,15.0,calibrated
R117,55,male,2,counterfactual,7,9000,680,approve,77,True,5,5,5,5,7,6,5,5,6,6,5,6,5.5,True,6.9,calibrated
R117,55,male,2,counterfactual,8,18000,600,approve,55,False,3,3,3,3,2,3,3,3,4,3,2,5,3.08,True,20.0,calibrated
R117,55,male,2,counterfactual,9,7000,730,approve,94,True,7,7,6,7,7,6,7,6,7,5,7,7,6.58,True,13.5,calibrated
R117,55,male,2,counterfactual,10,25000,620,deny,69,True,4,5,6,6,5,7,6,4,6,6,6,6,5.58,True,9.2,calibrated
R118,27,female,3,none,1,8000,610,deny,82,True,6,5,5,6,6,6,6,5,6,6,4,4,5.42,True,15.0,calibrated
R118,27,female,3,none,2,15000,705,approve,91,True,6,7,5,6,7,6,7,6,6,7,5,6,6.17,True,10.5,calibrated
R118,27,female,3,none,3,22000,640,approve,58,True,5,5,5,4,4,6,6,5,6,6,6,5,5.25,True,21.5,calibrated
R118,27,female,3,none,4,5000,590,deny,74,True,6,6,7,5,7,5,5,5,5,5,5,5,5.5,True,23.3,calibrated
R118,27,female,3,none,5,30000,720,approve,88,True,6,6,5,5,6,6,6,6,5,7,5,6,5.75,True,22.4,calibrated
R118,27,female,3,none,6,12000,655,deny,63,False,4,4,4,3,4,5,5,5,4,4,4,5,4.25,False,19.9,over-trust
R118,27,female,3,none,7,9000,680,approve,77,True,4,5,5,4,5,5,5,5,4,4,4,6,4.67,True,7.4,calibrated
R118,27,female,3,none,8,18000,600,approve,55,False,3,4,3,5,4,3,4,3,2,4,3,4,3.5,False,17.9,calibrated
R118,27,female,3,none,9,7000,730,approve,94,True,7,6,6,4,5,5,6,5,5,5,5,6,5.42,False,3,calibrated
R118,27,female,3,none,10,25000,620,deny,69,True,6,5,6,5,5,5,3,5,7,5,5,6,5.25,False,17.6,calibrated
R119,28,male,2,surface,1,8000,610,deny,82,True,6,5,6,5,6,5,4,6,5,6,6,5,5.42,True,10.0,calibrated
R119,28,male,2,surface,2,15000,705,approve,91,True,5,4,6,6,6,6,6,6,6,7,6,6,5.83,True,14.1,calibrated
R119,28,male,2,surface,3,22000,640,approve,58,True,5,5,5,5,6,6,5,6,5,5,6,5,5.33,True,8.8,calibrated
R119,28,male,2,surface,4,5000,590,deny,74,True,6,5,6,5,7,5,6,5,6,5,5,4,5.42,False,19.3,calibrated
R119,28,male,2,surface,5,30000,720,approve,88,True,4,6,6,7,6,5,6,5,7,5,5,7,5.75,True,16.0,calibrated
R119,28,male,2,surface,6,12000,655,deny,63,False,3,3,3,3,2,3,4,5,3,3,3,5,3.33,False,13.9,calibrated
R119,28,male,2,surface,7,9000,680,approve,77,True,6,7,5,6,6,6,5,7,5,5,5,6,5.75,True,16.0,calibrated
R119,28,male,2,surface,8,18000,600,approve,55,False,3,4,3,4,5,4,3,3,4,2,3,4,3.5,False,9.2,calibrated
R119,28,male,2,surface,9,7000,730,approve,94,True,6,6,6,5,5,4,6,5,5,5,5,5,5.25,False,13.3,calibrated
R119,28,male,2,surface,10,25000,620,deny,69,True,6,6,6,6,7,7,4,5,6,5,5,6,5.75,True,11.1,calibrated
R120,18,male,2,surface,1,8000,610,deny,82,True,5,5,7,6,4,5,5,5,6,6,6,6,5.5,True,16.7,calibrated
R120,18,male,2,surface,2,15000,705,approve,91,True,6,5,6,6,5,7,6,5,6,5,5,6,5.67,True,20.4,calibrated
R120,18,male,2,surface,3,22000,640,approve,58,True,5,6,5,5,6,6,6,6,6,5,5,4,5.42,True,18.5,calibrated
R120,18,male,2,surface,4,5000,590,deny,74,True,6,5,4,6,5,5,5,5,6,4,6,6,5.25,True,9.7,calibrated
R120,18,male,2,surface,5,30000,720,approve,88,True,5,4,4,5,5,5,5,5,5,5,6,5,4.92,False,19.1,calibrated
R120,18,male,2,surface,6,12000,655,deny,63,False,2,4,5,4,4,4,4,4,5,4,4,4,4,True,7.7,over-trust
R120,18,male,2,surface,7,9000,680,approve,77,True,6,6,5,6,5,6,5,5,5,7,4,5,5.42,True,20.8,calibrated
R120,18,male,2,surface,8,18000,600,approve,55,False,4,4,3,5,4,5,4,4,4,4,4,3,4,False,7.2,over-trust
R120,18,male,2,surface,9,7000,730,approve,94,True,6,6,6,5,5,4,5,5,4,6,5,6,5.25,True,12.2,calibrated
R120,18,male,2,surface,10,25000,620,deny,69,True,5,5,6,4,6,5,5,2,4,6,5,5,4.83,True,15.6,calibrated
R121,21,female,3,counterfactual,1,8000,610,deny,82,True,5,6,6,5,6,5,5,7,6,6,5,5,5.58,False,12.7,calibrated
R121,21,female,3,counterfactual,2,15000,705,approve,91,True,6,6,7,6,6,6,7,6,5,7,6,7,6.25,True,19.2,calibrated
R121,21,female,3,counterfactual,3,22000,640,approve,58,True,6,6,5,6,5,5,5,6,5,7,6,4,5.5,True,3,calibrated
R121,21,female,3,counterfactual,4,5000,590,deny,74,True,5,5,6,6,5,4,7,5,6,5,6,7,5.58,True,24.3,calibrated
R121,21,female,3,counterfactual,5,30000,720,approve,88,True,4,6,6,6,7,6,6,6,5,7,6,5,5.83,True,16.5,calibrated
R121,21,female,3,counterfactual,6,12000,655,deny,63,False,4,2,4,4,4,5,6,4,4,4,3,4,4,False,11.5,over-trust
R121,21,female,3,counterfactual,7,9000,680,approve,77,True,6,6,6,7,6,6,7,7,7,6,7,6,6.42,True,17.1,calibrated
R121,21,female,3,counterfactual,8,18000,600,approve,55,False,4,3,2,3,1,3,2,4,2,1,2,2,2.42,False,22.2,calibrated
R121,21,female,3,counterfactual,9,7000,730,approve,94,True,7,7,7,6,7,7,6,6,6,7,7,5,6.5,True,19.1,calibrated
R121,21,female,3,counterfactual,10,25000,620,deny,69,True,5,6,7,5,5,5,5,6,4,6,7,5,5.5,True,12.5,calibrated
R122,30,male,3,none,1,8000,610,deny,82,True,6,5,6,6,6,6,7,5,7,6,6,5,5.92,True,21.5,calibrated
R122,30,male,3,none,2,15000,705,approve,91,True,5,5,6,5,5,5,6,5,5,5,5,5,5.17,False,10.8,calibrated
R122,30,male,3,none,3,22000,640,approve,58,True,4,4,2,4,4,2,3,3,4,3,4,4,3.42,False,8.9,under-trust
R122,30,male,3,none,4,5000,590,deny,74,True,5,6,5,6,6,5,4,5,5,5,6,5,5.25,False,12.4,calibrated
R122,30,male,3,none,5,30000,720,approve,88,True,5,6,5,5,5,5,5,5,4,6,4,6,5.08,False,11.7,calibrated
R122,30,male,3,none,6,12000,655,deny,63,False,4,5,4,5,4,5,5,4,5,4,4,5,4.5,True,19.4,over-trust
R122,30,male,3,none,7,9000,680,approve,77,True,4,5,4,5,5,4,5,5,5,5,6,6,4.92,True,7.8,calibrated
R122,30,male,3,none,8,18000,600,approve,55,False,5,5,5,4,4,4,5,4,4,5,5,4,4.5,True,13.7,over-trust
R122,30,male,3,none,9,7000,730,approve,94,True,7,7,7,6,7,7,7,7,7,7,7,7,6.92,False,16.6,calibrated
R122,30,male,3,none,10,25000,620,deny,69,True,3,4,4,5,4,4,5,5,4,5,4,5,4.33,False,10.7,calibrated
R123,18,female,4,counterfactual,1,8000,610,deny,82,True,6,6,7,7,6,6,7,7,7,7,7,7,6.67,True,18.5,calibrated
R123,18,female,4,counterfactual,2,15000,705,approve,91,True,6,6,6,6,6,5,7,7,6,6,6,6,6.08,False,13.5,calibrated
R123,18,female,4,counterfactual,3,22000,640,approve,58,True,5,5,4,4,5,3,5,5,6,4,4,4,4.5,False,6.9,calibrated
R123,18,female,4,counterfactual,4,5000,590,deny,74,True,6,6,6,6,5,5,5,6,6,6,7,5,5.75,True,8.9,calibrated
R123,18,female,4,counterfactual,5,30000,720,approve,88,True,5,6,6,5,7,5,5,4,7,7,6,7,5.83,True,13.8,calibrated
R123,18,female,4,counterfactual,6,12000,655,deny,63,False,4,3,2,4,3,4,4,2,4,4,4,4,3.5,False,18.1,calibrated
R123,18,female,4,counterfactual,7,9000,680,approve,77,True,7,5,5,5,6,5,7,6,6,4,6,4,5.5,True,3,calibrated
R123,18,female,4,counterfactual,8,18000,600,approve,55,False,4,3,3,3,3,3,2,2,3,2,3,3,2.83,False,13.0,calibrated
R123,18,female,4,counterfactual,9,7000,730,approve,94,True,7,7,7,6,7,7,6,7,7,7,7,7,6.83,True,6.5,calibrated
R123,18,female,4,counterfactual,10,25000,620,deny,69,True,6,6,6,6,5,5,7,6,7,5,5,6,5.83,False,19.6,calibrated
R124,57,male,4,counterfactual,1,8000,610,deny,82,True,7,6,7,7,7,5,6,6,7,6,5,7,6.33,True,13.2,calibrated
R124,57,male,4,counterfactual,2,15000,705,approve,91,True,6,5,7,6,6,6,5,7,6,6,7,6,6.08,False,14.4,calibrated
R124,57,male,4,counterfactual,3,22000,640,approve,58,True,4,7,5,7,6,5,6,5,6,6,6,5,5.67,True,8.5,calibrated
R124,57,male,4,counterfactual,4,5000,590,deny,74,True,7,6,5,7,5,6,6,5,6,4,7,7,5.92,True,10.6,calibrated
R124,57,male,4,counterfactual,5,30000,720,approve,88,True,7,6,7,7,7,7,5,7,7,7,7,7,6.75,True,14.5,calibrated
R124,57,male,4,counterfactual,6,12000,655,deny,63,False,4,2,2,2,3,2,3,3,2,2,3,3,2.58,True,14.6,calibrated
R124,57,male,4,counterfactual,7,9000,680,approve,77,True,5,6,5,7,4,5,6,6,5,5,5,5,5.33,True,7.7,calibrated
R124,57,male,4,counterfactual,8,18000,600,approve,55,False,4,4,5,3,4,4,4,4,3,4,4,4,3.92,False,6.5,calibrated
R124,57,male,4,counterfactual,9,7000,730,approve,94,True,6,5,6,5,6,7,7,6,6,6,7,5,6,True,11.0,calibrated
R124,57,male,4,counterfactual,10,25000,620,deny,69,True,7,7,7,5,7,6,6,6,7,6,6,7,6.42,True,14.6,calibrated
R125,26,male,2,counterfactual,1,8000,610,deny,82,True,6,6,6,5,6,6,7,6,7,6,6,7,6.17,True,10.1,calibrated
R125,26,male,2,counterfactual,2,15000,705,approve,91,True,7,7,7,7,7,6,7,7,6,7,7,7,6.83,True,25.5,calibrated
R125,26,male,2,counterfactual,3,22000,640,approve,58,True,6,5,7,5,6,6,5,5,7,6,5,5,5.67,True,13.2,calibrated
R125,26,male,2,counterfactual,4,5000,590,deny,74,True,7,5,7,6,5,6,5,6,7,7,7,6,6.17,True,9.9,calibrated
R125,26,male,2,counterfactual,5,30000,720,approve,88,True,5,7,6,7,6,6,6,7,5,7,5,7,6.17,False,17.7,calibrated
R125,26,male,2,counterfactual,6,12000,655,deny,63,False,3,3,4,3,2,3,2,3,3,3,4,3,3,False,12.0,calibrated
R125,26,male,2,counterfactual,7,9000,680,approve,77,True,7,6,5,5,7,5,6,7,6,7,6,6,6.08,False,13.4,calibrated
R125,26,male,2,counterfactual,8,18000,600,approve,55,False,2,3,1,3,2,2,3,2,2,1,2,3,2.17,False,8.6,calibrated
R125,26,male,2,counterfactual,9,7000,730,approve,94,True,7,5,6,6,6,6,6,7,6,7,7,6,6.25,True,9.0,calibrated
R125,26,male,2,counterfactual,10,25000,620,deny,69,True,7,6,7,5,6,7,6,5,6,5,7,7,6.17,False,18.0,calibrated
R126,20,female,3,surface,1,8000,610,deny,82,True,6,7,4,7,6,6,7,5,6,6,7,6,6.08,True,14.5,calibrated
R126,20,female,3,surface,2,15000,705,approve,91,True,5,6,4,6,4,5,6,5,6,5,7,7,5.5,False,9.6,calibrated
R126,20,female,3,surface,3,22000,640,approve,58,True,4,6,6,6,5,5,6,6,5,5,4,5,5.25,True,21.5,calibrated
R126,20,female,3,surface,4,5000,590,deny,74,True,5,6,5,5,5,7,6,6,6,5,4,6,5.5,True,16.6,calibrated
R126,20,female,3,surface,5,30000,720,approve,88,True,6,6,7,7,6,7,7,6,6,7,7,7,6.58,True,10.2,calibrated
R126,20,female,3,surface,6,12000,655,deny,63,False,4,5,5,4,5,5,5,4,5,4,4,4,4.5,False,6.7,over-trust
R126,20,female,3,surface,7,9000,680,approve,77,True,5,6,5,7,6,6,5,5,5,6,6,6,5.67,True,10.5,calibrated
R126,20,female,3,surface,8,18000,600,approve,55,False,3,2,3,3,2,3,3,4,3,3,4,3,3,False,5.6,calibrated
R126,20,female,3,surface,9,7000,730,approve,94,True,7,6,4,6,6,6,6,5,4,6,5,5,5.5,True,16.1,calibrated
R126,20,female,3,surface,10,25000,620,deny,69,True,4,5,5,5,7,5,4,5,5,5,5,5,5,True,21.6,calibrated
R127,31,female,4,surface,1,8000,610,deny,82,True,5,6,6,7,6,5,7,5,7,6,6,6,6,True,5.6,calibrated
R127,31,female,4,surface,2,15000,705,approve,91,True,5,6,6,5,6,6,6,5,5,6,5,5,5.5,False,3,calibrated
R127,31,female,4,surface,3,22000,640,approve,58,True,4,4,4,5,5,4,4,4,5,4,5,4,4.33,False,18.2,calibrated
R127,31,female,4,surface,4,5000,590,deny,74,True,5,6,5,6,5,7,6,6,5,5,6,5,5.58,True,12.6,calibrated
R127,31,female,4,surface,5,30000,720,approve,88,True,7,7,6,7,5,7,6,7,6,6,5,7,6.33,True,16.8,calibrated
R127,31,female,4,surface,6,12000,655,deny,63,False,4,4,4,3,3,5,4,3,4,5,5,2,3.83,False,19.2,calibrated
R127,31,female,4,surface,7,9000,680,approve,77,True,6,7,5,7,6,6,5,7,7,5,5,6,6,True,14.6,calibrated
R127,31,female,4,surface,8,18000,600,approve,55,False,4,2,4,3,4,2,3,3,3,1,3,2,2.83,False,11.6,calibrated
R127,31,female,4,surface,9,7000,730,approve,94,True,7,6,6,5,6,6,7,7,7,6,7,6,6.33,True,17.2,calibrated
R127,31,female,4,surface,10,25000,620,deny,69,True,5,5,6,5,5,6,6,5,6,4,5,6,5.33,True,20.5,calibrated
R128,37,female,1,none,1,8000,610,deny,82,True,5,5,4,6,6,5,4,6,4,5,5,5,5,True,9.0,calibrated
R128,37,female,1,none,2,15000,705,approve,91,True,5,5,5,5,5,5,6,6,4,5,5,5,5.08,True,15.3,calibrated
R128,37,female,1,none,3,22000,640,approve,58,True,4,4,5,4,5,5,5,5,5,5,7,5,4.92,True,3.7,calibrated
R128,37,female,1,none,4,5000,590,deny,74,True,5,6,4,6,5,5,5,4,5,7,5,5,5.17,True,6.8,calibrated
R128,37,female,1,none,5,30000,720,approve,88,True,4,5,4,4,5,4,5,6,5,4,5,4,4.58,False,18.9,calibrated
R128,37,female,1,none,6,12000,655,deny,63,False,5,3,5,5,4,4,5,4,3,5,3,4,4.17,False,14.5,over-trust
R128,37,female,1,none,7,9000,680,approve,77,True,7,6,6,5,4,4,5,6,6,5,5,5,5.33,True,17.8,calibrated
R128,37,female,1,none,8,18000,600,approve,55,False,3,4,4,4,4,5,5,4,5,4,5,3,4.17,False,23.0,over-trust
R128,37,female,1,none,9,7000,730,approve,94,True,7,6,4,6,5,6,5,6,5,6,6,4,5.5,True,17.5,calibrated
R128,37,female,1,none,10,25000,620,deny,69,True,5,4,5,4,5,5,6,5,5,6,5,5,5,True,17.4,calibrated
R129,35,female,3,none,1,8000,610,deny,82,True,5,6,6,7,5,6,5,5,5,5,6,6,5.58,True,17.6,calibrated
R129,35,female,3,none,2,15000,705,approve,91,True,5,5,5,6,5,5,6,5,5,7,6,6,5.5,True,14.4,calibrated
R129,35,female,3,none,3,22000,640,approve,58,True,5,6,5,5,4,5,4,4,5,5,5,5,4.83,True,15.8,calibrated
R129,35,female,3,none,4,5000,590,deny,74,True,5,6,4,5,5,4,4,6,6,5,5,6,5.08,True,10.0,calibrated
R129,35,female,3,none,5,30000,720,approve,88,True,5,6,6,5,7,6,5,6,5,6,6,7,5.83,True,14.8,calibrated
R129,35,female,3,none,6,12000,655,deny,63,False,4,4,5,4,4,3,4,4,4,4,5,4,4.08,False,8.3,over-trust
R129,35,female,3,none,7,9000,680,approve,77,True,6,5,4,4,5,4,5,5,4,4,4,5,4.58,True,11.1,calibrated
R129,35,female,3,none,8,18000,600,approve,55,False,2,2,3,2,2,4,3,5,4,3,4,4,3.17,True,9.9,calibrated
R129,35,female,3,none,9,7000,730,approve,94,True,6,5,6,7,6,4,5,6,6,5,5,6,5.58,True,18.0,calibrated
R129,35,female,3,none,10,25000,620,deny,69,True,3,5,5,3,5,5,3,5,4,5,5,4,4.33,False,16.0,calibrated
R130,18,female,3,surface,1,8000,610,deny,82,True,6,5,5,7,6,7,5,7,7,6,6,6,6.08,True,13.5,calibrated
R130,18,female,3,surface,2,15000,705,approve,91,True,6,7,6,5,5,6,6,5,7,6,6,6,5.92,True,21.6,calibrated
R130,18,female,3,surface,3,22000,640,approve,58,True,5,4,4,4,4,4,5,4,4,5,3,4,4.17,False,10.0,calibrated
R130,18,female,3,surface,4,5000,590,deny,74,True,5,5,5,5,4,4,5,5,6,6,5,5,5,False,19.7,calibrated
R130,18,female,3,surface,5,30000,720,approve,88,True,7,6,6,5,6,7,7,5,5,6,5,5,5.83,True,12.0,calibrated
R130,18,female,3,surface,6,12000,655,deny,63,False,4,3,4,3,4,4,4,5,5,3,5,4,4,True,14.4,over-trust
R130,18,female,3,surface,7,9000,680,approve,77,True,7,5,7,6,6,6,7,5,6,6,7,5,6.08,True,22.3,calibrated
R130,18,female,3,surface,8,18000,600,approve,55,False,3,5,4,3,3,4,4,4,4,5,4,4,3.92,True,11.1,calibrated
R130,18,female,3,surface,9,7000,730,approve,94,True,7,6,6,7,6,6,7,7,7,7,7,7,6.67,True,15.7,calibrated
R130,18,female,3,surface,10,25000,620,deny,69,True,6,5,3,5,6,6,5,3,6,5,5,6,5.08,True,16.0,calibrated
R131,23,male,3,counterfactual,1,8000,610,deny,82,True,6,6,6,5,5,7,5,6,6,5,5,5,5.58,True,9.6,calibrated
R131,23,male,3,counterfactual,2,15000,705,approve,91,True,7,7,7,7,7,7,7,7,7,7,6,7,6.92,True,22.4,calibrated
R131,23,male,3,counterfactual,3,22000,640,approve,58,True,4,6,5,4,5,5,6,4,5,5,5,5,4.92,False,22.4,calibrated
R131,23,male,3,counterfactual,4,5000,590,deny,74,True,6,7,6,6,6,6,6,7,7,5,7,6,6.25,True,11.3,calibrated
R131,23,male,3,counterfactual,5,30000,720,approve,88,True,6,7,7,7,6,6,5,7,6,7,6,6,6.33,True,12.7,calibrated
R131,23,male,3,counterfactual,6,12000,655,deny,63,False,4,4,4,5,3,4,4,5,4,3,4,4,4,True,16.3,over-trust
R131,23,male,3,counterfactual,7,9000,680,approve,77,True,6,6,7,7,6,5,6,6,7,5,6,7,6.17,True,13.9,calibrated
R131,23,male,3,counterfactual,8,18000,600,approve,55,False,3,4,2,3,3,4,3,3,3,4,3,4,3.25,False,22.0,calibrated
R131,23,male,3,counterfactual,9,7000,730,approve,94,True,7,7,7,6,7,7,7,6,7,6,6,7,6.67,True,15.5,calibrated
R131,23,male,3,counterfactual,10,25000,620,deny,69,True,7,7,7,6,6,7,6,6,6,6,7,7,6.5,True,9.7,calibrated
R132,50,male,2,none,1,8000,610,deny,82,True,5,5,5,5,5,4,5,3,5,5,5,6,4.83,False,27.6,calibrated
R132,50,male,2,none,2,15000,705,approve,91,True,4,5,5,5,5,4,5,6,5,4,4,5,4.75,False,15.7,calibrated
R132,50,male,2,none,3,22000,640,approve,58,True,5,4,6,4,5,6,5,5,6,6,6,5,5.25,True,10.4,calibrated
R132,50,male,2,none,4,5000,590,deny,74,True,4,6,4,4,4,3,3,4,4,5,5,5,4.25,False,10.7,calibrated
R132,50,male,2,none,5,30000,720,approve,88,True,5,5,6,6,5,6,5,5,5,5,4,6,5.25,True,18.6,calibrated
R132,50,male,2,none,6,12000,655,deny,63,False,3,4,5,3,5,3,4,4,4,3,4,4,3.83,False,13.0,calibrated
R132,50,male,2,none,7,9000,680,approve,77,True,7,5,5,5,7,5,6,6,5,6,5,6,5.67,True,13.5,calibrated
R132,50,male,2,none,8,18000,600,approve,55,False,4,5,4,4,7,4,5,5,3,3,4,4,4.33,True,11.2,over-trust
R132,50,male,2,none,9,7000,730,approve,94,True,4,6,4,6,5,5,6,6,5,5,5,5,5.17,True,11.7,calibrated
R132,50,male,2,none,10,25000,620,deny,69,True,4,4,5,6,4,3,5,5,4,3,4,5,4.33,True,20.4,calibrated
R133,41,male,4,surface,1,8000,610,deny,82,True,6,6,6,6,7,6,6,6,6,6,6,5,6,True,24.2,calibrated
R133,41,male,4,surface,2,15000,705,approve,91,True,6,5,7,7,6,6,6,5,6,7,6,5,6,True,5.1,calibrated
R133,41,male,4,surface,3,22000,640,approve,58,True,4,5,5,5,4,5,4,5,7,5,6,5,5,True,10.1,calibrated
R133,41,male,4,surface,4,5000,590,deny,74,True,4,5,6,5,5,5,5,4,6,6,4,5,5,False,8.6,calibrated
R133,41,male,4,surface,5,30000,720,approve,88,True,7,6,6,7,6,7,7,7,6,6,5,6,6.33,True,14.0,calibrated
R133,41,male,4,surface,6,12000,655,deny,63,False,4,4,4,3,2,4,3,4,4,3,3,4,3.5,False,12.1,calibrated
R133,41,male,4,surface,7,9000,680,approve,77,True,6,6,7,6,6,5,6,6,7,5,6,6,6,True,18.1,calibrated
R133,41,male,4,surface,8,18000,600,approve,55,False,4,3,3,3,3,3,4,2,4,3,4,3,3.25,False,13.2,calibrated
R133,41,male,4,surface,9,7000,730,approve,94,True,5,4,6,6,5,5,5,5,5,6,5,6,5.25,False,9.4,calibrated
R133,41,male,4,surface,10,25000,620,deny,69,True,5,5,5,6,5,4,3,4,6,4,4,4,4.58,True,13.4,calibrated
R134,38,male,2,none,1,8000,610,deny,82,True,4,6,4,7,6,4,6,4,4,5,5,5,5,True,18.5,calibrated
R134,38,male,2,none,2,15000,705,approve,91,True,6,5,6,6,6,6,7,6,7,6,6,5,6,True,21.1,calibrated
R134,38,male,2,none,3,22000,640,approve,58,True,4,4,5,4,4,5,6,5,5,3,4,5,4.5,False,20.5,calibrated
R134,38,male,2,none,4,5000,590,deny,74,True,6,6,5,5,5,4,5,5,6,5,4,5,5.08,True,9.0,calibrated
R134,38,male,2,none,5,30000,720,approve,88,True,5,5,5,6,5,5,6,5,5,4,5,5,5.08,True,16.6,calibrated
R134,38,male,2,none,6,12000,655,deny,63,False,4,4,4,3,3,4,1,3,3,5,3,4,3.42,False,16.5,calibrated
R134,38,male,2,none,7,9000,680,approve,77,True,5,5,4,6,5,5,4,4,4,4,4,5,4.58,True,10.2,calibrated
R134,38,male,2,none,8,18000,600,approve,55,False,3,3,5,3,3,3,3,3,3,3,3,4,3.25,True,5.4,calibrated
R134,38,male,2,none,9,7000,730,approve,94,True,6,7,6,5,7,5,6,6,4,5,6,7,5.83,True,17.3,calibrated
R134,38,male,2,none,10,25000,620,deny,69,True,5,6,4,5,4,5,5,5,5,5,4,5,4.83,True,9.4,calibrated
R135,50,female,3,none,1,8000,610,deny,82,True,6,4,5,4,6,5,4,5,5,5,4,3,4.67,True,6.7,calibrated
R135,50,female,3,none,2,15000,705,approve,91,True,7,4,6,6,5,5,5,6,6,5,5,6,5.5,True,14.3,calibrated
R135,50,female,3,none,3,22000,640,approve,58,True,4,4,4,4,3,4,6,3,5,4,5,4,4.17,True,13.6,calibrated
R135,50,female,3,none,4,5000,590,deny,74,True,6,4,5,5,5,5,6,5,5,5,4,4,4.92,False,18.7,calibrated
R135,50,female,3,none,5,30000,720,approve,88,True,4,5,6,5,3,4,5,4,5,5,4,4,4.5,True,12.0,calibrated
R135,50,female,3,none,6,12000,655,deny,63,False,3,5,4,4,5,5,3,5,3,5,4,4,4.17,False,20.9,over-trust
R135,50,female,3,none,7,9000,680,approve,77,True,5,5,6,6,6,5,5,4,5,6,6,4,5.25,True,14.9,calibrated
R135,50,female,3,none,8,18000,600,approve,55,False,4,4,4,3,5,4,3,4,4,4,3,3,3.75,True,3,calibrated
R135,50,female,3,none,9,7000,730,approve,94,True,6,6,5,6,6,6,6,6,4,6,5,6,5.67,True,8.4,calibrated
R135,50,female,3,none,10,25000,620,deny,69,True,7,6,4,6,5,5,4,5,7,6,3,6,5.33,True,3.4,calibrated
R136,18,female,2,counterfactual,1,8000,610,deny,82,True,6,6,6,6,7,6,5,5,7,7,7,7,6.25,True,17.6,calibrated
R136,18,female,2,counterfactual,2,15000,705,approve,91,True,7,7,6,6,7,6,5,7,6,6,6,7,6.33,True,12.2,calibrated
R136,18,female,2,counterfactual,3,22000,640,approve,58,True,5,6,5,6,6,4,6,6,4,5,6,5,5.33,False,23.2,calibrated
R136,18,female,2,counterfactual,4,5000,590,deny,74,True,6,7,6,6,6,5,5,6,5,6,6,6,5.83,True,16.9,calibrated
R136,18,female,2,counterfactual,5,30000,720,approve,88,True,7,7,7,6,7,7,7,7,6,7,7,6,6.75,True,4.9,calibrated
R136,18,female,2,counterfactual,6,12000,655,deny,63,False,3,3,2,3,3,2,2,4,3,3,2,3,2.75,True,9.3,calibrated
R136,18,female,2,counterfactual,7,9000,680,approve,77,True,6,6,6,5,6,5,6,7,7,7,7,6,6.17,True,19.4,calibrated
R136,18,female,2,counterfactual,8,18000,600,approve,55,False,2,2,2,2,4,2,3,4,4,2,3,3,2.75,False,7.7,calibrated
R136,18,female,2,counterfactual,9,7000,730,approve,94,True,6,7,6,7,6,6,7,6,5,6,7,6,6.25,False,21.9,calibrated
R136,18,female,2,counterfactual,10,25000,620,deny,69,True,5,5,6,7,6,6,5,5,5,7,5,5,5.58,True,20.8,calibrated
R137,36,female,2,counterfactual,1,8000,610,deny,82,True,7,5,7,5,7,6,7,7,7,6,7,7,6.5,True,15.8,calibrated
R137,36,female,2,counterfactual,2,15000,705,approve,91,True,7,6,6,6,5,7,6,6,7,6,7,7,6.33,True,20.6,calibrated
R137,36,female,2,counterfactual,3,22000,640,approve,58,True,5,6,5,5,7,5,4,5,3,5,4,5,4.92,True,11.8,calibrated
R137,36,female,2,counterfactual,4,5000,590,deny,74,True,7,4,7,5,6,7,7,6,7,7,5,7,6.25,True,10.1,calibrated
R137,36,female,2,counterfactual,5,30000,720,approve,88,True,6,5,6,7,6,5,7,6,7,6,7,6,6.17,False,14.5,calibrated
R137,36,female,2,counterfactual,6,12000,655,deny,63,False,4,2,3,3,3,2,3,4,2,4,5,4,3.25,False,16.2,calibrated
R137,36,female,2,counterfactual,7,9000,680,approve,77,True,5,5,5,5,5,4,6,5,6,4,6,5,5.08,True,17.9,calibrated
R137,36,female,2,counterfactual,8,18000,600,approve,55,False,4,4,3,3,4,2,3,4,3,4,3,3,3.33,False,6.2,calibrated
R137,36,female,2,counterfactual,9,7000,730,approve,94,True,6,7,6,6,7,7,5,6,6,7,6,7,6.33,True,17.0,calibrated
R137,36,female,2,counterfactual,10,25000,620,deny,69,True,5,5,5,5,6,6,6,5,6,5,5,6,5.42,True,14.2,calibrated
R138,25,male,4,surface,1,8000,610,deny,82,True,6,7,6,6,6,6,7,7,6,7,6,6,6.33,True,12.2,calibrated
R138,25,male,4,surface,2,15000,705,approve,91,True,6,6,7,5,6,6,5,6,7,5,6,6,5.92,True,15.5,calibrated
R138,25,male,4,surface,3,22000,640,approve,58,True,6,5,4,5,4,4,5,5,4,5,3,5,4.58,True,11.0,calibrated
R138,25,male,4,surface,4,5000,590,deny,74,True,5,5,6,6,6,5,5,5,6,4,6,7,5.5,True,17.8,calibrated
R138,25,male,4,surface,5,30000,720,approve,88,True,6,6,6,5,4,7,5,4,6,7,6,6,5.67,True,25.1,calibrated
R138,25,male,4,surface,6,12000,655,deny,63,False,4,4,4,3,4,3,3,4,5,2,4,3,3.58,True,16.8,calibrated
R138,25,male,4,surface,7,9000,680,approve,77,True,5,5,6,6,5,7,4,6,5,4,5,4,5.17,False,22.1,calibrated
R138,25,male,4,surface,8,18000,600,approve,55,False,2,3,3,3,2,2,4,3,2,2,3,3,2.67,True,14.9,calibrated
R138,25,male,4,surface,9,7000,730,approve,94,True,7,7,7,6,7,6,7,7,7,7,7,7,6.83,True,11.4,calibrated
R138,25,male,4,surface,10,25000,620,deny,69,True,5,6,5,5,6,5,5,6,6,6,6,6,5.58,True,8.6,calibrated
R139,32,female,3,surface,1,8000,610,deny,82,True,5,6,7,5,6,7,6,6,6,5,5,7,5.92,True,21.2,calibrated
R139,32,female,3,surface,2,15000,705,approve,91,True,7,6,7,7,7,5,6,6,7,6,5,6,6.25,True,14.5,calibrated
R139,32,female,3,surface,3,22000,640,approve,58,True,5,5,6,5,4,6,5,5,4,6,5,4,5,False,10.2,calibrated
R139,32,female,3,surface,4,5000,590,deny,74,True,7,5,5,5,6,5,5,6,6,5,5,7,5.58,True,18.5,calibrated
R139,32,female,3,surface,5,30000,720,approve,88,True,6,6,6,7,6,6,5,6,7,6,6,5,6,True,19.8,calibrated
R139,32,female,3,surface,6,12000,655,deny,63,False,3,3,3,4,3,3,4,1,3,3,3,3,3,False,15.5,calibrated
R139,32,female,3,surface,7,9000,680,approve,77,True,6,5,6,6,6,6,6,6,6,7,5,6,5.92,True,20.6,calibrated
R139,32,female,3,surface,8,18000,600,approve,55,False,5,3,3,3,2,4,3,5,4,3,4,4,3.58,True,24.2,calibrated
R139,32,female,3,surface,9,7000,730,approve,94,True,6,6,5,7,7,6,4,6,6,5,6,6,5.83,True,12.1,calibrated
R139,32,female,3,surface,10,25000,620,deny,69,True,6,5,5,6,5,6,6,4,6,6,6,6,5.58,True,13.2,calibrated
R140,33,female,2,surface,1,8000,610,deny,82,True,7,6,6,5,6,7,5,6,5,6,6,6,5.92,True,3.4,calibrated
R140,33,female,2,surface,2,15000,705,approve,91,True,6,5,6,6,6,5,6,6,7,7,7,6,6.08,True,15.9,calibrated
R140,33,female,2,surface,3,22000,640,approve,58,True,5,4,5,4,5,5,4,4,4,4,5,5,4.5,False,12.1,calibrated
R140,33,female,2,surface,4,5000,590,deny,74,True,7,5,6,6,6,6,4,6,7,6,7,5,5.92,False,19.0,calibrated
R140,33,female,2,surface,5,30000,720,approve,88,True,5,5,5,6,4,6,7,6,4,5,6,5,5.33,True,15.8,calibrated
R140,33,female,2,surface,6,12000,655,deny,63,False,4,3,5,3,3,4,3,4,5,3,3,3,3.58,False,10.4,calibrated
R140,33,female,2,surface,7,9000,680,approve,77,True,6,6,5,7,7,6,7,6,6,7,6,6,6.25,True,9.5,calibrated
R140,33,female,2,surface,8,18000,600,approve,55,False,3,3,3,4,4,3,3,4,2,3,5,3,3.33,False,16.8,calibrated
R140,33,female,2,surface,9,7000,730,approve,94,True,6,7,5,5,6,6,6,6,7,6,6,6,6,True,16.2,calibrated
R140,33,female,2,surface,10,25000,620,deny,69,True,6,5,5,6,6,6,7,5,6,6,5,7,5.83,True,11.5,calibrated
R141,34,female,4,surface,1,8000,610,deny,82,True,5,6,6,5,5,5,4,5,6,6,5,4,5.17,True,12.8,calibrated
R141,34,female,4,surface,2,15000,705,approve,91,True,6,6,7,7,6,6,6,6,5,6,6,6,6.08,False,14.9,calibrated
R141,34,female,4,surface,3,22000,640,approve,58,True,5,6,5,5,5,5,6,5,6,5,6,5,5.33,True,14.4,calibrated
R141,34,female,4,surface,4,5000,590,deny,74,True,6,5,5,4,6,7,4,6,5,5,5,5,5.25,True,16.4,calibrated
R141,34,female,4,surface,5,30000,720,approve,88,True,7,7,5,6,5,6,6,6,6,6,6,6,6,True,24.0,calibrated
R141,34,female,4,surface,6,12000,655,deny,63,False,4,4,3,3,3,4,5,3,3,3,5,4,3.67,True,13.8,calibrated
R141,34,female,4,surface,7,9000,680,approve,77,True,6,6,6,6,6,6,6,6,6,6,6,5,5.92,True,19.8,calibrated
R141,34,female,4,surface,8,18000,600,approve,55,False,3,4,5,3,4,4,2,3,4,3,2,4,3.42,True,10.2,calibrated
R141,34,female,4,surface,9,7000,730,approve,94,True,6,7,7,7,6,7,7,7,5,7,6,6,6.5,True,17.1,calibrated
R141,34,female,4,surface,10,25000,620,deny,69,True,5,4,5,5,5,5,6,4,5,5,6,4,4.92,True,14.3,calibrated
R142,57,female,3,none,1,8000,610,deny,82,True,6,5,6,7,5,5,6,6,6,6,6,7,5.92,True,16.4,calibrated
R142,57,female,3,none,2,15000,705,approve,91,True,6,6,6,4,5,5,5,5,6,5,5,5,5.25,True,13.3,calibrated
R142,57,female,3,none,3,22000,640,approve,58,True,6,6,4,5,5,5,4,5,5,6,5,5,5.08,True,13.5,calibrated
R142,57,female,3,none,4,5000,590,deny,74,True,5,4,5,5,6,5,6,6,5,6,5,5,5.25,True,15.6,calibrated
R142,57,female,3,none,5,30000,720,approve,88,True,6,5,6,6,5,6,5,5,6,5,6,6,5.58,False,12.6,calibrated
R142,57,female,3,none,6,12000,655,deny,63,False,5,4,5,4,5,5,4,5,5,4,4,4,4.5,False,13.9,over-trust
R142,57,female,3,none,7,9000,680,approve,77,True,5,5,5,5,5,5,4,5,6,5,6,4,5,True,8.6,calibrated
R142,57,female,3,none,8,18000,600,approve,55,False,2,4,3,3,4,3,4,2,3,3,2,3,3,False,13.7,calibrated
R142,57,female,3,none,9,7000,730,approve,94,True,5,5,5,6,7,5,5,5,5,7,5,5,5.42,True,18.2,calibrated
R142,57,female,3,none,10,25000,620,deny,69,True,7,6,5,6,6,6,5,6,6,6,6,6,5.92,True,16.5,calibrated
R143,38,female,3,counterfactual,1,8000,610,deny,82,True,7,7,7,7,7,7,6,6,7,7,7,7,6.83,True,9.8,calibrated
R143,38,female,3,counterfactual,2,15000,705,approve,91,True,7,6,5,5,6,6,6,6,5,7,4,7,5.83,True,9.9,calibrated
R143,38,female,3,counterfactual,3,22000,640,approve,58,True,5,5,6,5,5,6,5,6,6,6,5,7,5.58,True,13.4,calibrated
R143,38,female,3,counterfactual,4,5000,590,deny,74,True,6,6,6,5,5,4,5,6,6,6,6,6,5.58,True,12.3,calibrated
R143,38,female,3,counterfactual,5,30000,720,approve,88,True,7,7,7,7,7,7,7,5,6,7,7,6,6.67,True,9.4,calibrated
R143,38,female,3,counterfactual,6,12000,655,deny,63,False,3,4,3,3,3,2,4,3,3,4,2,2,3,False,14.0,calibrated
R143,38,female,3,counterfactual,7,9000,680,approve,77,True,5,6,7,6,6,6,6,6,6,6,6,5,5.92,True,8.1,calibrated
R143,38,female,3,counterfactual,8,18000,600,approve,55,False,4,4,3,1,3,3,3,4,3,2,3,3,3,False,21.4,calibrated
R143,38,female,3,counterfactual,9,7000,730,approve,94,True,7,5,6,6,6,6,6,6,7,6,6,7,6.17,True,7.4,calibrated
R143,38,female,3,counterfactual,10,25000,620,deny,69,True,7,6,6,6,7,6,6,7,6,6,6,7,6.33,True,13.2,calibrated
R144,33,female,3,none,1,8000,610,deny,82,True,6,5,6,6,6,5,6,5,5,5,5,5,5.42,True,14.9,calibrated
R144,33,female,3,none,2,15000,705,approve,91,True,6,5,6,7,6,6,6,5,7,5,5,6,5.83,False,17.1,calibrated
R144,33,female,3,none,3,22000,640,approve,58,True,3,4,4,4,4,4,3,3,4,4,3,3,3.58,True,16.1,under-trust
R144,33,female,3,none,4,5000,590,deny,74,True,5,6,4,4,4,4,5,4,4,5,5,4,4.5,True,7.0,calibrated
R144,33,female,3,none,5,30000,720,approve,88,True,6,6,6,5,5,5,5,6,5,6,4,7,5.5,False,20.6,calibrated
R144,33,female,3,none,6,12000,655,deny,63,False,4,4,3,4,4,4,4,4,4,5,4,4,4,True,20.1,over-trust
R144,33,female,3,none,7,9000,680,approve,77,True,6,4,5,5,6,5,5,6,6,6,6,6,5.5,True,14.2,calibrated
R144,33,female,3,none,8,18000,600,approve,55,False,4,5,7,5,6,5,6,4,5,5,6,4,5.17,True,12.8,over-trust
R144,33,female,3,none,9,7000,730,approve,94,True,4,5,4,6,5,5,4,4,3,5,5,5,4.58,False,15.4,calibrated
R144,33,female,3,none,10,25000,620,deny,69,True,6,6,5,5,5,5,6,4,5,5,5,5,5.17,True,18.1,calibrated
R145,25,male,5,counterfactual,1,8000,610,deny,82,True,7,7,6,6,6,7,7,6,7,6,7,6,6.5,True,17.4,calibrated
R145,25,male,5,counterfactual,2,15000,705,approve,91,True,7,7,6,7,7,7,5,6,6,7,7,6,6.5,True,8.3,calibrated
R145,25,male,5,counterfactual,3,22000,640,approve,58,True,4,5,7,7,6,6,5,5,5,5,6,5,5.5,False,12.3,calibrated
R145,25,male,5,counterfactual,4,5000,590,deny,74,True,5,6,4,4,5,6,6,6,6,6,5,6,5.42,True,24.1,calibrated
R145,25,male,5,counterfactual,5,30000,720,approve,88,True,7,7,7,6,7,7,6,6,6,6,6,6,6.42,True,13.3,calibrated
R145,25,male,5,counterfactual,6,12000,655,deny,63,False,3,3,3,3,3,2,3,4,3,3,2,3,2.92,True,18.2,calibrated
R145,25,male,5,counterfactual,7,9000,680,approve,77,True,5,7,6,7,7,7,7,6,6,6,6,6,6.33,True,17.4,calibrated
R145,25,male,5,counterfactual,8,18000,600,approve,55,False,2,3,3,1,2,4,3,3,2,3,1,4,2.58,False,18.3,calibrated
R145,25,male,5,counterfactual,9,7000,730,approve,94,True,7,6,6,6,7,6,7,7,6,7,7,7,6.58,True,26.4,calibrated
R145,25,male,5,counterfactual,10,25000,620,deny,69,True,5,5,7,5,6,7,5,7,6,6,5,7,5.92,False,8.9,calibrated
R146,40,male,3,surface,1,8000,610,deny,82,True,5,6,6,4,6,6,6,6,6,5,6,6,5.67,False,15.5,calibrated
R146,40,male,3,surface,2,15000,705,approve,91,True,6,5,6,5,6,6,7,4,5,6,6,5,5.58,True,20.0,calibrated
R146,40,male,3,surface,3,22000,640,approve,58,True,5,4,5,5,4,5,6,6,4,5,7,5,5.08,True,13.3,calibrated
R146,40,male,3,surface,4,5000,590,deny,74,True,6,6,6,7,6,6,7,6,6,7,5,6,6.17,True,24.5,calibrated
R146,40,male,3,surface,5,30000,720,approve,88,True,6,5,6,5,5,5,4,5,5,5,5,6,5.17,False,19.6,calibrated
R146,40,male,3,surface,6,12000,655,deny,63,False,4,2,4,3,4,4,3,2,3,3,3,3,3.17,False,15.4,calibrated
R146,40,male,3,surface,7,9000,680,approve,77,True,6,5,6,5,5,6,5,5,7,5,6,6,5.58,True,13.8,calibrated
R146,40,male,3,surface,8,18000,600,approve,55,False,3,3,3,5,4,5,3,3,3,5,3,3,3.58,False,16.7,calibrated
R146,40,male,3,surface,9,7000,730,approve,94,True,6,7,6,7,7,7,7,6,7,6,6,7,6.58,True,15.5,calibrated
R146,40,male,3,surface,10,25000,620,deny,69,True,6,6,4,6,6,5,5,5,5,6,4,4,5.17,False,15.5,calibrated
R147,35,male,3,surface,1,8000,610,deny,82,True,6,6,5,5,4,5,6,5,6,5,5,5,5.25,True,7.7,calibrated
R147,35,male,3,surface,2,15000,705,approve,91,True,6,5,6,6,6,6,6,6,6,6,6,5,5.83,True,6.4,calibrated
R147,35,male,3,surface,3,22000,640,approve,58,True,4,5,4,3,3,6,4,4,4,3,4,4,4,False,18.1,calibrated
R147,35,male,3,surface,4,5000,590,deny,74,True,6,5,4,6,4,4,4,6,5,5,5,4,4.83,True,5.3,calibrated
R147,35,male,3,surface,5,30000,720,approve,88,True,6,6,5,6,6,6,5,5,6,6,6,4,5.58,False,15.3,calibrated
R147,35,male,3,surface,6,12000,655,deny,63,False,6,6,6,5,3,6,4,4,7,5,5,4,5.08,True,18.5,over-trust
R147,35,male,3,surface,7,9000,680,approve,77,True,5,6,6,6,5,5,5,6,5,6,5,5,5.42,True,15.3,calibrated
R147,35,male,3,surface,8,18000,600,approve,55,False,3,3,4,2,4,3,5,3,4,3,4,4,3.5,False,13.9,calibrated
R147,35,male,3,surface,9,7000,730,approve,94,True,6,6,7,7,7,6,5,6,7,6,7,7,6.42,True,11.5,calibrated
R147,35,male,3,surface,10,25000,620,deny,69,True,5,5,6,6,6,5,6,5,6,5,5,5,5.42,True,8.5,calibrated
R148,31,male,4,counterfactual,1,8000,610,deny,82,True,6,7,6,6,5,5,7,7,6,6,7,6,6.17,True,13.5,calibrated
R148,31,male,4,counterfactual,2,15000,705,approve,91,True,5,6,5,7,5,5,5,4,6,6,5,7,5.5,True,13.6,calibrated
R148,31,male,4,counterfactual,3,22000,640,approve,58,True,4,5,5,5,6,6,6,5,6,5,4,5,5.17,True,13.2,calibrated
R148,31,male,4,counterfactual,4,5000,590,deny,74,True,6,7,7,7,7,7,6,6,7,7,7,6,6.67,True,16.8,calibrated
R148,31,male,4,counterfactual,5,30000,720,approve,88,True,6,4,6,7,7,6,6,6,6,7,7,6,6.17,True,14.2,calibrated
R148,31,male,4,counterfactual,6,12000,655,deny,63,False,4,3,4,4,4,4,5,5,4,4,5,4,4.17,True,21.5,over-trust
R148,31,male,4,counterfactual,7,9000,680,approve,77,True,6,6,6,5,7,7,6,7,7,6,7,6,6.33,True,12.6,calibrated
R148,31,male,4,counterfactual,8,18000,600,approve,55,False,3,3,3,3,3,3,5,2,2,3,3,3,3,False,22.5,calibrated
R148,31,male,4,counterfactual,9,7000,730,approve,94,True,6,7,6,5,5,6,6,6,6,7,7,7,6.17,True,13.7,calibrated
R148,31,male,4,counterfactual,10,25000,620,deny,69,True,5,5,4,5,5,6,5,4,4,5,4,5,4.75,True,10.0,calibrated
R149,23,male,4,counterfactual,1,8000,610,deny,82,True,7,7,7,6,6,6,5,5,6,6,6,6,6.08,True,15.1,calibrated
R149,23,male,4,counterfactual,2,15000,705,approve,91,True,7,6,6,6,5,7,7,7,6,6,6,7,6.33,True,18.4,calibrated
R149,23,male,4,counterfactual,3,22000,640,approve,58,True,6,5,5,6,4,5,6,6,7,5,6,6,5.58,False,17.6,calibrated
R149,23,male,4,counterfactual,4,5000,590,deny,74,True,6,6,6,6,6,5,7,5,6,6,5,6,5.83,True,13.8,calibrated
R149,23,male,4,counterfactual,5,30000,720,approve,88,True,7,7,6,6,5,6,7,6,6,7,7,7,6.42,True,7.4,calibrated
R149,23,male,4,counterfactual,6,12000,655,deny,63,False,4,4,3,3,3,4,4,4,4,4,4,4,3.75,True,12.2,calibrated
R149,23,male,4,counterfactual,7,9000,680,approve,77,True,6,6,6,5,7,5,5,5,6,7,6,6,5.83,True,4.9,calibrated
R149,23,male,4,counterfactual,8,18000,600,approve,55,False,2,3,1,3,2,2,2,3,2,1,3,2,2.17,False,10.7,calibrated
R149,23,male,4,counterfactual,9,7000,730,approve,94,True,7,7,5,6,6,7,5,7,6,7,7,6,6.33,True,19.7,calibrated
R149,23,male,4,counterfactual,10,25000,620,deny,69,True,6,5,6,5,5,5,6,5,5,5,4,4,5.08,True,16.8,calibrated
R150,40,female,4,none,1,8000,610,deny,82,True,5,4,4,5,6,5,5,6,6,4,5,5,5,True,6.6,calibrated
R150,40,female,4,none,2,15000,705,approve,91,True,6,6,4,6,5,7,5,5,4,6,6,4,5.33,True,16.5,calibrated
R150,40,female,4,none,3,22000,640,approve,58,True,5,4,5,4,4,4,4,4,4,5,4,5,4.33,False,24.5,calibrated
R150,40,female,4,none,4,5000,590,deny,74,True,6,6,6,6,4,5,6,6,6,6,5,6,5.67,False,6.9,calibrated
R150,40,female,4,none,5,30000,720,approve,88,True,5,5,6,6,6,5,6,6,5,5,5,5,5.42,True,7.8,calibrated
R150,40,female,4,none,6,12000,655,deny,63,False,4,3,5,3,3,3,5,4,5,5,4,5,4.08,True,23.2,over-trust
R150,40,female,4,none,7,9000,680,approve,77,True,4,4,5,5,3,5,4,4,5,5,4,5,4.42,True,8.5,calibrated
R150,40,female,4,none,8,18000,600,approve,55,False,4,3,3,4,4,5,4,5,5,5,6,4,4.33,True,10.9,over-trust
R150,40,female,4,none,9,7000,730,approve,94,True,5,5,5,5,6,5,6,5,6,7,6,6,5.58,False,16.8,calibrated
R150,40,female,4,none,10,25000,620,deny,69,True,4,5,4,5,4,5,4,5,4,4,5,4,4.42,True,12.9,calibrated
R151,32,male,3,surface,1,8000,610,deny,82,True,6,6,7,6,6,6,6,4,6,6,6,5,5.83,False,6.8,calibrated
R151,32,male,3,surface,2,15000,705,approve,91,True,7,7,7,7,5,7,7,7,6,7,7,7,6.75,False,12.0,calibrated
R151,32,male,3,surface,3,22000,640,approve,58,True,5,5,5,4,5,5,5,6,3,5,4,4,4.67,True,10.8,calibrated
R151,32,male,3,surface,4,5000,590,deny,74,True,6,5,5,6,6,4,5,5,6,4,6,5,5.25,False,14.2,calibrated
R151,32,male,3,surface,5,30000,720,approve,88,True,7,6,6,6,6,7,7,6,6,5,5,6,6.08,True,13.9,calibrated
R151,32,male,3,surface,6,12000,655,deny,63,False,4,5,3,3,3,4,4,4,5,5,3,4,3.92,True,13.5,calibrated
R151,32,male,3,surface,7,9000,680,approve,77,True,6,6,4,5,5,6,6,5,6,6,6,5,5.5,True,17.7,calibrated
R151,32,male,3,surface,8,18000,600,approve,55,False,5,3,4,3,3,4,3,3,3,3,4,4,3.5,False,14.6,calibrated
R151,32,male,3,surface,9,7000,730,approve,94,True,6,5,5,7,5,6,5,6,7,6,6,5,5.75,True,18.2,calibrated
R151,32,male,3,surface,10,25000,620,deny,69,True,6,5,4,6,6,4,5,5,6,4,5,4,5,False,12.6,calibrated
R152,28,female,3,surface,1,8000,610,deny,82,True,6,5,4,5,5,7,7,5,4,6,6,6,5.5,True,14.8,calibrated
R152,28,female,3,surface,2,15000,705,approve,91,True,6,5,6,6,6,5,7,5,7,6,5,6,5.83,False,9.6,calibrated
R152,28,female,3,surface,3,22000,640,approve,58,True,6,7,5,5,5,6,4,4,5,6,6,5,5.33,False,21.8,calibrated
R152,28,female,3,surface,4,5000,590,deny,74,True,5,6,5,5,7,6,5,5,6,5,6,7,5.67,False,21.8,calibrated
R152,28,female,3,surface,5,30000,720,approve,88,True,5,5,5,5,6,6,7,5,5,6,6,6,5.58,True,9.7,calibrated
R152,28,female,3,surface,6,12000,655,deny,63,False,3,3,3,3,3,2,3,5,3,3,2,3,3,True,7.0,calibrated
R152,28,female,3,surface,7,9000,680,approve,77,True,7,4,5,5,4,6,6,5,5,6,6,4,5.25,False,3,calibrated
R152,28,female,3,surface,8,18000,600,approve,55,False,3,4,3,3,4,3,4,4,5,3,3,5,3.67,False,13.6,calibrated
R152,28,female,3,surface,9,7000,730,approve,94,True,6,7,7,6,6,7,6,6,7,5,6,7,6.33,True,14.0,calibrated
R152,28,female,3,surface,10,25000,620,deny,69,True,4,6,6,6,6,5,5,4,5,5,4,4,5,True,17.7,calibrated
R153,28,male,2,none,1,8000,610,deny,82,True,4,5,5,6,4,5,5,6,5,7,5,7,5.33,True,12.4,calibrated
R153,28,male,2,none,2,15000,705,approve,91,True,5,5,5,4,5,6,6,6,5,7,5,5,5.33,True,21.6,calibrated
R153,28,male,2,none,3,22000,640,approve,58,True,4,4,4,6,4,3,5,6,5,5,4,6,4.67,True,23.1,calibrated
R153,28,male,2,none,4,5000,590,deny,74,True,6,5,6,6,6,4,5,5,6,6,5,5,5.42,False,13.0,calibrated
R153,28,male,2,none,5,30000,720,approve,88,True,6,5,5,5,6,5,5,6,5,6,5,5,5.33,True,23.6,calibrated
R153,28,male,2,none,6,12000,655,deny,63,False,4,4,4,4,5,4,5,4,3,4,6,5,4.33,True,23.7,over-trust
R153,28,male,2,none,7,9000,680,approve,77,True,5,5,6,5,6,4,5,5,5,4,6,5,5.08,True,6.2,calibrated
R153,28,male,2,none,8,18000,600,approve,55,False,3,3,4,3,4,3,4,4,4,4,4,3,3.58,False,17.1,calibrated
R153,28,male,2,none,9,7000,730,approve,94,True,6,6,7,5,6,6,7,5,6,5,5,5,5.75,True,18.8,calibrated
R153,28,male,2,none,10,25000,620,deny,69,True,5,5,6,5,5,5,5,4,6,6,6,5,5.25,True,9.7,calibrated
R154,35,male,2,surface,1,8000,610,deny,82,True,5,5,6,6,5,5,6,7,6,5,5,6,5.58,False,13.5,calibrated
R154,35,male,2,surface,2,15000,705,approve,91,True,5,6,6,6,6,6,5,5,6,6,5,5,5.58,False,13.6,calibrated
R154,35,male,2,surface,3,22000,640,approve,58,True,4,4,3,5,5,5,3,4,5,5,5,4,4.33,True,8.5,calibrated
R154,35,male,2,surface,4,5000,590,deny,74,True,7,3,4,6,6,6,6,6,5,5,6,5,5.42,True,20.9,calibrated
R154,35,male,2,surface,5,30000,720,approve,88,True,6,6,6,5,6,5,6,6,6,6,5,6,5.75,True,9.8,calibrated
R154,35,male,2,surface,6,12000,655,deny,63,False,4,3,3,3,4,3,3,3,3,5,4,2,3.33,True,6.9,calibrated
R154,35,male,2,surface,7,9000,680,approve,77,True,4,5,5,6,5,5,6,6,5,6,4,4,5.08,False,9.2,calibrated
R154,35,male,2,surface,8,18000,600,approve,55,False,5,5,4,5,4,3,3,4,5,4,4,3,4.08,False,14.8,over-trust
R154,35,male,2,surface,9,7000,730,approve,94,True,5,6,5,5,7,6,5,6,5,6,5,7,5.67,False,11.2,calibrated
R154,35,male,2,surface,10,25000,620,deny,69,True,4,5,4,5,6,5,4,6,6,6,4,6,5.08,True,5.7,calibrated
R155,45,male,3,none,1,8000,610,deny,82,True,6,5,5,4,5,6,6,6,6,6,5,6,5.5,True,10.3,calibrated
R155,45,male,3,none,2,15000,705,approve,91,True,7,5,7,6,7,6,6,6,6,6,6,5,6.08,True,10.2,calibrated
R155,45,male,3,none,3,22000,640,approve,58,True,5,5,4,5,5,6,5,5,6,6,5,5,5.17,False,16.9,calibrated
R155,45,male,3,none,4,5000,590,deny,74,True,4,4,5,5,4,5,4,4,6,5,4,5,4.58,False,17.7,calibrated
R155,45,male,3,none,5,30000,720,approve,88,True,5,4,5,5,5,4,4,5,4,6,5,6,4.83,True,7.4,calibrated
R155,45,male,3,none,6,12000,655,deny,63,False,4,3,3,1,3,3,4,2,4,3,4,4,3.17,False,16.1,calibrated
R155,45,male,3,none,7,9000,680,approve,77,True,6,5,5,6,5,4,5,5,5,4,6,6,5.17,True,22.1,calibrated
R155,45,male,3,none,8,18000,600,approve,55,False,5,4,3,4,4,4,3,4,5,4,4,5,4.08,True,23.3,over-trust
R155,45,male,3,none,9,7000,730,approve,94,True,4,6,4,5,5,3,5,6,5,4,4,5,4.67,True,3,calibrated
R155,45,male,3,none,10,25000,620,deny,69,True,6,5,5,5,6,5,4,7,6,5,6,5,5.42,False,17.2,calibrated
R156,43,male,5,counterfactual,1,8000,610,deny,82,True,7,6,7,6,5,6,7,6,7,7,7,6,6.42,True,13.1,calibrated
R156,43,male,5,counterfactual,2,15000,705,approve,91,True,7,6,7,6,7,7,7,7,7,6,6,7,6.67,True,15.5,calibrated
R156,43,male,5,counterfactual,3,22000,640,approve,58,True,5,6,5,6,6,7,5,5,5,5,6,6,5.58,True,13.6,calibrated
R156,43,male,5,counterfactual,4,5000,590,deny,74,True,6,5,6,6,5,6,6,5,6,6,7,6,5.83,True,15.4,calibrated
R156,43,male,5,counterfactual,5,30000,720,approve,88,True,6,7,6,7,7,6,7,5,7,6,7,6,6.42,True,13.0,calibrated
R156,43,male,5,counterfactual,6,12000,655,deny,63,False,3,3,3,3,3,3,3,3,2,3,3,3,2.92,False,6.8,calibrated
R156,43,male,5,counterfactual,7,9000,680,approve,77,True,7,7,7,6,7,7,7,7,6,7,7,7,6.83,True,13.4,calibrated
R156,43,male,5,counterfactual,8,18000,600,approve,55,False,3,2,2,3,4,3,2,3,3,2,3,3,2.75,True,13.6,calibrated
R156,43,male,5,counterfactual,9,7000,730,approve,94,True,7,7,6,7,6,6,6,5,5,6,7,7,6.25,True,11.8,calibrated
R156,43,male,5,counterfactual,10,25000,620,deny,69,True,6,6,6,7,7,7,6,7,6,6,6,6,6.33,True,7.6,calibrated
R157,47,prefer_not_to_say,2,surface,1,8000,610,deny,82,True,6,6,7,7,7,6,5,5,5,6,6,5,5.92,True,16.2,calibrated
R157,47,prefer_not_to_say,2,surface,2,15000,705,approve,91,True,6,6,7,5,6,6,6,7,7,5,6,6,6.08,True,12.2,calibrated
R157,47,prefer_not_to_say,2,surface,3,22000,640,approve,58,True,6,4,6,4,6,6,6,5,4,4,5,6,5.17,True,18.4,calibrated
R157,47,prefer_not_to_say,2,surface,4,5000,590,deny,74,True,6,5,4,6,6,6,5,6,5,5,6,5,5.42,True,18.0,calibrated
R157,47,prefer_not_to_say,2,surface,5,30000,720,approve,88,True,5,7,6,7,7,7,6,6,7,5,7,7,6.42,True,3,calibrated
R157,47,prefer_not_to_say,2,surface,6,12000,655,deny,63,False,4,3,4,4,3,5,5,4,4,5,4,4,4.08,True,12.2,over-trust
R157,47,prefer_not_to_say,2,surface,7,9000,680,approve,77,True,4,6,5,5,5,6,5,4,5,4,6,4,4.92,False,14.3,calibrated
R157,47,prefer_not_to_say,2,surface,8,18000,600,approve,55,False,3,4,4,4,4,3,3,3,4,4,4,4,3.67,False,13.8,calibrated
R157,47,prefer_not_to_say,2,surface,9,7000,730,approve,94,True,6,5,6,6,7,6,5,6,6,5,6,6,5.83,True,6.6,calibrated
R157,47,prefer_not_to_say,2,surface,10,25000,620,deny,69,True,6,7,7,6,7,7,7,6,6,6,7,6,6.5,True,21.3,calibrated
R158,18,male,5,surface,1,8000,610,deny,82,True,5,5,7,6,6,7,5,6,6,5,5,5,5.67,True,12.4,calibrated
R158,18,male,5,surface,2,15000,705,approve,91,True,6,5,6,6,4,5,7,6,5,6,6,5,5.58,True,11.0,calibrated
R158,18,male,5,surface,3,22000,640,approve,58,True,5,5,5,6,6,5,7,7,6,5,6,5,5.67,True,11.2,calibrated
R158,18,male,5,surface,4,5000,590,deny,74,True,5,4,6,6,5,5,3,5,5,4,6,4,4.83,True,12.5,calibrated
R158,18,male,5,surface,5,30000,720,approve,88,True,5,5,6,6,6,6,6,5,5,6,5,6,5.58,True,11.5,calibrated
R158,18,male,5,surface,6,12000,655,deny,63,False,4,4,5,5,5,4,4,4,3,5,3,4,4.17,False,19.0,over-trust
R158,18,male,5,surface,7,9000,680,approve,77,True,6,6,6,6,5,5,6,6,5,5,5,5,5.5,True,7.9,calibrated
R158,18,male,5,surface,8,18000,600,approve,55,False,4,2,4,2,2,3,2,3,4,3,3,2,2.83,False,15.3,calibrated
R158,18,male,5,surface,9,7000,730,approve,94,True,5,5,4,5,6,6,5,6,6,7,5,4,5.33,True,22.5,calibrated
R158,18,male,5,surface,10,25000,620,deny,69,True,4,4,4,5,5,5,6,4,5,4,5,4,4.58,True,8.3,calibrated
R159,36,female,3,none,1,8000,610,deny,82,True,4,5,5,5,4,4,5,5,4,5,6,5,4.75,False,3,calibrated
R159,36,female,3,none,2,15000,705,approve,91,True,7,6,7,7,6,6,6,6,5,6,6,5,6.08,True,6.8,calibrated
R159,36,female,3,none,3,22000,640,approve,58,True,5,5,4,4,5,4,4,4,3,4,5,4,4.25,False,17.7,calibrated
R159,36,female,3,none,4,5000,590,deny,74,True,4,5,6,5,6,7,6,5,7,5,5,5,5.5,False,10.6,calibrated
R159,36,female,3,none,5,30000,720,approve,88,True,7,7,6,5,6,6,7,5,6,7,7,5,6.17,False,16.0,calibrated
R159,36,female,3,none,6,12000,655,deny,63,False,4,3,4,4,4,3,5,4,3,4,3,3,3.67,False,11.7,calibrated
R159,36,female,3,none,7,9000,680,approve,77,True,4,7,6,6,4,5,4,6,5,5,5,4,5.08,False,8.5,calibrated
R159,36,female,3,none,8,18000,600,approve,55,False,5,5,5,4,4,2,4,5,5,4,3,4,4.17,False,10.1,over-trust
R159,36,female,3,none,9,7000,730,approve,94,True,6,6,7,6,6,7,5,6,7,7,6,6,6.25,True,9.5,calibrated
R159,36,female,3,none,10,25000,620,deny,69,True,3,5,4,5,5,4,4,4,4,5,5,5,4.42,True,12.3,calibrated
R160,36,female,4,none,1,8000,610,deny,82,True,5,5,5,6,5,6,5,6,5,4,4,4,5,True,7.8,calibrated
R160,36,female,4,none,2,15000,705,approve,91,True,5,5,5,5,7,5,4,5,5,4,6,6,5.17,True,28.3,calibrated
R160,36,female,4,none,3,22000,640,approve,58,True,3,4,3,4,5,3,4,5,4,5,5,4,4.08,True,12.0,calibrated
R160,36,female,4,none,4,5000,590,deny,74,True,6,6,5,5,7,6,7,7,6,5,7,6,6.08,True,24.2,calibrated
R160,36,female,4,none,5,30000,720,approve,88,True,6,6,5,5,7,5,6,4,4,5,5,6,5.33,True,9.3,calibrated
R160,36,female,4,none,6,12000,655,deny,63,False,4,4,3,5,5,5,2,5,4,4,4,4,4.08,True,13.7,over-trust
R160,36,female,4,none,7,9000,680,approve,77,True,5,5,6,6,6,6,6,5,7,6,5,5,5.67,True,8.5,calibrated
R160,36,female,4,none,8,18000,600,approve,55,False,4,4,4,6,5,4,5,4,5,4,5,4,4.5,False,12.8,over-trust
R160,36,female,4,none,9,7000,730,approve,94,True,5,6,5,5,6,6,6,6,5,6,6,5,5.58,False,12.5,calibrated
R160,36,female,4,none,10,25000,620,deny,69,True,6,4,4,4,5,5,5,5,4,4,4,4,4.5,False,10.1,calibrated
R161,38,female,2,none,1,8000,610,deny,82,True,6,5,7,6,5,6,6,6,6,7,5,5,5.83,True,9.9,calibrated
R161,38,female,2,none,2,15000,705,approve,91,True,5,5,6,5,6,6,5,5,6,6,5,5,5.42,True,13.9,calibrated
R161,38,female,2,none,3,22000,640,approve,58,True,5,4,4,4,5,5,5,5,4,4,4,4,4.42,False,13.4,calibrated
R161,38,female,2,none,4,5000,590,deny,74,True,6,5,5,5,6,5,6,6,5,5,5,5,5.33,True,7.2,calibrated
R161,38,female,2,none,5,30000,720,approve,88,True,5,7,6,5,6,5,5,5,6,6,5,6,5.58,False,13.3,calibrated
R161,38,female,2,none,6,12000,655,deny,63,False,5,6,4,5,5,5,5,5,5,4,4,4,4.75,True,15.8,over-trust
R161,38,female,2,none,7,9000,680,approve,77,True,6,5,5,5,5,5,4,4,5,5,4,5,4.83,False,12.1,calibrated
R161,38,female,2,none,8,18000,600,approve,55,False,4,5,4,2,4,4,5,3,4,4,4,5,4,False,16.2,over-trust
R161,38,female,2,none,9,7000,730,approve,94,True,4,4,5,5,5,4,4,5,6,5,5,6,4.83,True,14.3,calibrated
R161,38,female,2,none,10,25000,620,deny,69,True,4,5,5,5,5,5,5,4,4,5,5,5,4.75,True,10.7,calibrated
R162,53,male,3,none,1,8000,610,deny,82,True,4,5,5,5,6,5,5,5,5,4,6,5,5,True,26.6,calibrated
R162,53,male,3,none,2,15000,705,approve,91,True,5,4,5,5,5,5,4,5,4,4,5,6,4.75,True,5.9,calibrated
R162,53,male,3,none,3,22000,640,approve,58,True,3,3,4,4,5,4,5,4,4,5,5,6,4.33,True,14.7,calibrated
R162,53,male,3,none,4,5000,590,deny,74,True,5,4,5,5,5,5,4,5,3,5,5,5,4.67,False,17.0,calibrated
R162,53,male,3,none,5,30000,720,approve,88,True,6,5,6,6,5,7,5,5,6,7,6,5,5.75,True,10.0,calibrated
R162,53,male,3,none,6,12000,655,deny,63,False,3,3,4,4,6,3,3,3,5,5,3,4,3.83,True,11.2,calibrated
R162,53,male,3,none,7,9000,680,approve,77,True,5,4,6,5,5,6,4,4,5,5,4,6,4.92,False,8.1,calibrated
R162,53,male,3,none,8,18000,600,approve,55,False,3,2,4,4,3,3,4,4,3,3,3,4,3.33,False,14.8,calibrated
R162,53,male,3,none,9,7000,730,approve,94,True,5,6,5,5,5,6,5,6,7,6,5,6,5.58,True,22.2,calibrated
R162,53,male,3,none,10,25000,620,deny,69,True,6,4,5,4,4,4,5,4,5,6,4,4,4.58,False,11.0,calibrated
R163,44,male,4,surface,1,8000,610,deny,82,True,7,7,6,6,6,6,6,7,5,7,7,6,6.33,True,14.9,calibrated
R163,44,male,4,surface,2,15000,705,approve,91,True,6,6,7,6,5,7,6,5,7,5,6,7,6.08,True,11.8,calibrated
R163,44,male,4,surface,3,22000,640,approve,58,True,5,5,7,6,7,6,6,6,6,5,5,6,5.83,True,6.9,calibrated
R163,44,male,4,surface,4,5000,590,deny,74,True,5,6,3,4,4,6,5,5,5,4,5,4,4.67,False,13.1,calibrated
R163,44,male,4,surface,5,30000,720,approve,88,True,5,6,5,6,5,5,5,5,5,6,5,5,5.25,False,11.5,calibrated
R163,44,male,4,surface,6,12000,655,deny,63,False,1,3,3,3,3,2,5,4,3,3,4,4,3.17,False,13.6,calibrated
R163,44,male,4,surface,7,9000,680,approve,77,True,4,6,6,5,5,4,5,6,4,6,6,4,5.08,True,13.9,calibrated
R163,44,male,4,surface,8,18000,600,approve,55,False,5,2,3,3,3,3,3,5,4,3,4,4,3.5,False,25.0,calibrated
R163,44,male,4,surface,9,7000,730,approve,94,True,5,7,4,6,7,6,5,6,7,7,5,6,5.92,True,16.1,calibrated
R163,44,male,4,surface,10,25000,620,deny,69,True,6,4,5,5,5,6,5,5,5,5,6,6,5.25,True,13.3,calibrated
R164,26,prefer_not_to_say,3,none,1,8000,610,deny,82,True,5,5,6,7,6,5,5,5,6,6,4,5,5.42,True,16.8,calibrated
R164,26,prefer_not_to_say,3,none,2,15000,705,approve,91,True,6,5,6,5,5,7,7,6,6,6,6,6,5.92,False,19.6,calibrated
R164,26,prefer_not_to_say,3,none,3,22000,640,approve,58,True,5,6,6,5,5,5,5,6,5,6,4,6,5.33,True,14.8,calibrated
R164,26,prefer_not_to_say,3,none,4,5000,590,deny,74,True,4,4,3,5,5,5,4,3,4,4,4,5,4.17,False,15.8,calibrated
R164,26,prefer_not_to_say,3,none,5,30000,720,approve,88,True,4,5,6,6,5,7,5,6,5,7,4,5,5.42,False,12.2,calibrated
R164,26,prefer_not_to_say,3,none,6,12000,655,deny,63,False,5,4,3,2,2,3,3,5,3,3,3,5,3.42,True,15.0,calibrated
R164,26,prefer_not_to_say,3,none,7,9000,680,approve,77,True,5,4,4,5,5,4,5,5,4,4,5,5,4.58,True,10.0,calibrated
R164,26,prefer_not_to_say,3,none,8,18000,600,approve,55,False,5,5,4,5,4,4,4,5,3,4,3,4,4.17,False,22.9,over-trust
R164,26,prefer_not_to_say,3,none,9,7000,730,approve,94,True,4,5,5,5,6,6,5,5,4,5,6,5,5.08,False,5.5,calibrated
R164,26,prefer_not_to_say,3,none,10,25000,620,deny,69,True,4,5,4,5,5,3,4,3,5,4,4,4,4.17,False,10.4,calibrated
R165,41,male,3,none,1,8000,610,deny,82,True,6,6,5,5,6,5,5,5,6,5,5,5,5.33,False,10.9,calibrated
R165,41,male,3,none,2,15000,705,approve,91,True,6,6,7,6,6,6,6,5,6,6,5,6,5.92,True,15.3,calibrated
R165,41,male,3,none,3,22000,640,approve,58,True,5,5,5,6,5,5,5,5,4,5,6,5,5.08,True,13.4,calibrated
R165,41,male,3,none,4,5000,590,deny,74,True,4,6,4,5,3,5,4,5,4,4,6,4,4.5,True,18.6,calibrated
R165,41,male,3,none,5,30000,720,approve,88,True,5,5,4,5,4,5,6,5,5,6,5,5,5,False,22.1,calibrated
R165,41,male,3,none,6,12000,655,deny,63,False,4,4,4,4,5,4,4,4,5,4,4,4,4.17,True,15.3,over-trust
R165,41,male,3,none,7,9000,680,approve,77,True,5,5,4,4,5,4,6,5,5,5,5,4,4.75,False,16.8,calibrated
R165,41,male,3,none,8,18000,600,approve,55,False,4,5,4,4,4,4,5,4,4,5,4,5,4.33,False,15.0,over-trust
R165,41,male,3,none,9,7000,730,approve,94,True,6,5,6,5,5,5,6,6,4,6,7,5,5.5,True,19.2,calibrated
R165,41,male,3,none,10,25000,620,deny,69,True,5,6,6,4,5,6,6,4,4,5,5,4,5,True,16.9,calibrated
R166,21,female,2,counterfactual,1,8000,610,deny,82,True,6,7,5,5,7,6,7,6,6,5,6,6,6,True,13.9,calibrated
R166,21,female,2,counterfactual,2,15000,705,approve,91,True,6,6,6,7,6,5,7,6,5,6,7,6,6.08,True,4.9,calibrated
R166,21,female,2,counterfactual,3,22000,640,approve,58,True,4,5,5,5,6,5,5,6,5,6,4,4,5,False,10.3,calibrated
R166,21,female,2,counterfactual,4,5000,590,deny,74,True,7,6,7,7,7,7,7,7,6,7,7,7,6.83,True,14.5,calibrated
R166,21,female,2,counterfactual,5,30000,720,approve,88,True,6,6,5,7,5,6,7,6,7,6,7,7,6.25,True,16.9,calibrated
R166,21,female,2,counterfactual,6,12000,655,deny,63,False,4,4,5,4,4,3,4,4,2,3,3,3,3.58,False,6.5,calibrated
R166,21,female,2,counterfactual,7,9000,680,approve,77,True,6,6,6,6,6,6,5,4,6,7,6,7,5.92,True,17.5,calibrated
R166,21,female,2,counterfactual,8,18000,600,approve,55,False,2,2,2,3,5,4,4,3,2,3,3,1,2.83,False,9.7,calibrated
R166,21,female,2,counterfactual,9,7000,730,approve,94,True,7,7,7,6,6,6,5,7,7,6,6,7,6.42,True,3.8,calibrated
R166,21,female,2,counterfactual,10,25000,620,deny,69,True,7,6,6,7,7,6,7,7,7,6,6,6,6.5,True,13.0,calibrated
R167,47,female,2,counterfactual,1,8000,610,deny,82,True,6,6,5,7,6,5,5,7,6,7,5,7,6,True,8.6,calibrated
R167,47,female,2,counterfactual,2,15000,705,approve,91,True,7,6,6,7,7,7,7,6,6,6,7,7,6.58,True,7.3,calibrated
R167,47,female,2,counterfactual,3,22000,640,approve,58,True,6,5,5,4,5,4,5,5,5,6,6,5,5.08,False,8.9,calibrated
R167,47,female,2,counterfactual,4,5000,590,deny,74,True,6,7,7,7,6,7,6,7,6,6,6,6,6.42,True,4.4,calibrated
R167,47,female,2,counterfactual,5,30000,720,approve,88,True,6,7,6,7,6,7,6,6,7,6,7,7,6.5,True,10.7,calibrated
R167,47,female,2,counterfactual,6,12000,655,deny,63,False,3,3,2,3,1,3,2,1,3,2,3,2,2.33,True,11.4,calibrated
R167,47,female,2,counterfactual,7,9000,680,approve,77,True,7,7,7,7,7,7,6,7,5,7,6,6,6.58,True,12.7,calibrated
R167,47,female,2,counterfactual,8,18000,600,approve,55,False,2,4,3,5,3,4,3,2,3,4,2,5,3.33,False,14.1,calibrated
R167,47,female,2,counterfactual,9,7000,730,approve,94,True,5,4,4,6,6,5,7,7,6,6,5,5,5.5,True,9.4,calibrated
R167,47,female,2,counterfactual,10,25000,620,deny,69,True,6,6,6,6,7,6,7,7,6,7,7,7,6.5,False,11.8,calibrated
R168,35,male,2,none,1,8000,610,deny,82,True,6,5,6,6,6,5,6,5,5,6,6,7,5.75,True,7.5,calibrated
R168,35,male,2,none,2,15000,705,approve,91,True,5,7,6,6,4,7,4,5,6,5,5,7,5.58,True,11.8,calibrated
R168,35,male,2,none,3,22000,640,approve,58,True,6,5,5,6,5,5,6,6,5,5,6,5,5.42,True,19.1,calibrated
R168,35,male,2,none,4,5000,590,deny,74,True,4,5,6,5,5,4,5,4,6,4,5,5,4.83,True,18.2,calibrated
R168,35,male,2,none,5,30000,720,approve,88,True,6,5,7,6,6,6,4,4,6,5,5,6,5.5,True,10.4,calibrated
R168,35,male,2,none,6,12000,655,deny,63,False,5,4,4,4,5,5,3,5,5,5,4,5,4.5,True,25.5,over-trust
R168,35,male,2,none,7,9000,680,approve,77,True,4,4,5,4,4,5,6,4,5,3,5,4,4.42,True,18.9,calibrated
R168,35,male,2,none,8,18000,600,approve,55,False,3,4,3,3,4,3,4,3,2,4,3,4,3.33,True,11.1,calibrated
R168,35,male,2,none,9,7000,730,approve,94,True,6,7,7,7,7,7,6,7,6,4,6,7,6.42,True,16.6,calibrated
R168,35,male,2,none,10,25000,620,deny,69,True,5,4,4,4,5,5,5,4,5,6,5,5,4.75,True,21.6,calibrated
R169,45,prefer_not_to_say,4,surface,1,8000,610,deny,82,True,6,5,6,7,5,7,6,6,6,6,6,7,6.08,False,7.4,calibrated
R169,45,prefer_not_to_say,4,surface,2,15000,705,approve,91,True,7,6,6,6,6,6,6,6,6,6,6,6,6.08,True,16.6,calibrated
R169,45,prefer_not_to_say,4,surface,3,22000,640,approve,58,True,5,6,5,6,4,5,5,4,6,5,5,4,5,True,17.7,calibrated
R169,45,prefer_not_to_say,4,surface,4,5000,590,deny,74,True,5,5,6,4,7,6,5,5,5,6,5,5,5.33,True,20.4,calibrated
R169,45,prefer_not_to_say,4,surface,5,30000,720,approve,88,True,6,6,6,6,5,5,5,7,6,6,7,6,5.92,False,15.9,calibrated
R169,45,prefer_not_to_say,4,surface,6,12000,655,deny,63,False,2,2,2,2,3,4,1,4,4,3,2,2,2.58,False,16.1,calibrated
R169,45,prefer_not_to_say,4,surface,7,9000,680,approve,77,True,6,6,5,6,6,6,6,5,6,7,7,6,6,False,13.4,calibrated
R169,45,prefer_not_to_say,4,surface,8,18000,600,approve,55,False,3,3,4,4,3,5,3,4,3,2,4,1,3.25,False,21.3,calibrated
R169,45,prefer_not_to_say,4,surface,9,7000,730,approve,94,True,6,3,6,6,6,6,6,6,6,6,5,6,5.67,True,9.5,calibrated
R169,45,prefer_not_to_say,4,surface,10,25000,620,deny,69,True,5,6,5,5,4,4,7,5,5,5,5,6,5.17,True,14.6,calibrated
R170,39,male,4,none,1,8000,610,deny,82,True,4,6,6,5,4,5,4,5,4,6,5,5,4.92,True,15.7,calibrated
R170,39,male,4,none,2,15000,705,approve,91,True,4,6,5,5,5,4,6,5,5,5,6,5,5.08,False,18.7,calibrated
R170,39,male,4,none,3,22000,640,approve,58,True,3,4,4,4,4,4,5,5,5,5,5,3,4.25,True,17.8,calibrated
R170,39,male,4,none,4,5000,590,deny,74,True,5,6,4,5,5,5,5,4,4,4,4,6,4.75,True,12.3,calibrated
R170,39,male,4,none,5,30000,720,approve,88,True,6,5,5,5,6,5,5,4,6,6,5,5,5.25,True,22.0,calibrated
R170,39,male,4,none,6,12000,655,deny,63,False,3,4,4,4,5,4,4,4,5,4,5,5,4.25,True,21.7,over-trust
R170,39,male,4,none,7,9000,680,approve,77,True,5,5,5,5,5,4,5,6,5,6,6,6,5.25,False,6.0,calibrated
R170,39,male,4,none,8,18000,600,approve,55,False,5,4,5,5,4,4,4,5,3,4,5,5,4.42,True,22.0,over-trust
R170,39,male,4,none,9,7000,730,approve,94,True,4,4,5,5,5,5,5,5,4,6,5,5,4.83,True,15.4,calibrated
R170,39,male,4,none,10,25000,620,deny,69,True,5,4,6,6,5,4,4,5,5,5,5,4,4.83,False,13.8,calibrated
R171,35,female,1,none,1,8000,610,deny,82,True,4,5,7,6,4,6,3,5,5,6,5,7,5.25,True,10.1,calibrated
R171,35,female,1,none,2,15000,705,approve,91,True,7,5,5,5,6,6,6,4,5,7,5,5,5.5,False,15.7,calibrated
R171,35,female,1,none,3,22000,640,approve,58,True,4,5,5,4,4,4,4,4,5,4,5,4,4.33,False,12.9,calibrated
R171,35,female,1,none,4,5000,590,deny,74,True,4,4,5,5,4,6,6,5,5,4,4,4,4.67,False,9.9,calibrated
R171,35,female,1,none,5,30000,720,approve,88,True,5,5,5,6,5,6,5,6,4,5,5,5,5.17,True,19.2,calibrated
R171,35,female,1,none,6,12000,655,deny,63,False,3,5,4,4,4,3,4,5,3,4,4,4,3.92,True,10.0,calibrated
R171,35,female,1,none,7,9000,680,approve,77,True,5,4,5,4,5,7,6,5,4,5,5,6,5.08,True,10.1,calibrated
R171,35,female,1,none,8,18000,600,approve,55,False,4,4,4,4,3,4,4,4,4,5,4,3,3.92,True,16.0,calibrated
R171,35,female,1,none,9,7000,730,approve,94,True,6,4,5,6,4,6,4,5,5,5,5,6,5.08,True,21.6,calibrated
R171,35,female,1,none,10,25000,620,deny,69,True,4,4,5,5,4,4,4,4,6,4,5,5,4.5,True,14.3,calibrated
R172,39,female,4,none,1,8000,610,deny,82,True,5,5,5,5,5,5,6,5,4,6,4,4,4.92,False,20.0,calibrated
R172,39,female,4,none,2,15000,705,approve,91,True,5,6,6,5,5,6,4,6,4,5,3,5,5,True,19.6,calibrated
R172,39,female,4,none,3,22000,640,approve,58,True,5,3,5,4,5,3,4,5,3,5,4,4,4.17,True,13.0,calibrated
R172,39,female,4,none,4,5000,590,deny,74,True,5,5,5,5,6,5,6,5,5,5,6,5,5.25,False,18.1,calibrated
R172,39,female,4,none,5,30000,720,approve,88,True,6,7,5,6,6,6,7,6,5,5,6,6,5.92,False,16.3,calibrated
R172,39,female,4,none,6,12000,655,deny,63,False,4,3,3,4,3,3,4,4,5,3,4,2,3.5,True,3,calibrated
R172,39,female,4,none,7,9000,680,approve,77,True,4,6,5,7,5,5,6,4,6,7,5,5,5.42,True,18.1,calibrated
R172,39,female,4,none,8,18000,600,approve,55,False,4,4,3,3,3,4,5,5,3,5,4,3,3.83,False,20.9,calibrated
R172,39,female,4,none,9,7000,730,approve,94,True,5,5,6,5,6,6,5,5,5,4,5,6,5.25,False,19.3,calibrated
R172,39,female,4,none,10,25000,620,deny,69,True,4,5,5,4,4,5,5,5,4,4,4,4,4.42,True,14.4,calibrated
R173,18,male,3,surface,1,8000,610,deny,82,True,6,5,5,6,4,6,5,4,6,5,5,6,5.25,True,11.7,calibrated
R173,18,male,3,surface,2,15000,705,approve,91,True,7,5,4,6,5,7,6,6,6,5,7,7,5.92,True,9.7,calibrated
R173,18,male,3,surface,3,22000,640,approve,58,True,5,5,4,5,4,5,5,5,5,4,5,4,4.67,False,21.7,calibrated
R173,18,male,3,surface,4,5000,590,deny,74,True,5,5,5,6,6,6,6,6,7,5,5,5,5.58,False,18.2,calibrated
R173,18,male,3,surface,5,30000,720,approve,88,True,6,7,6,6,6,6,6,6,7,5,6,6,6.08,True,13.7,calibrated
R173,18,male,3,surface,6,12000,655,deny,63,False,5,3,5,4,4,3,4,5,3,4,4,5,4.08,False,21.1,over-trust
R173,18,male,3,surface,7,9000,680,approve,77,True,6,5,5,5,6,5,6,4,4,6,5,5,5.17,False,15.4,calibrated
R173,18,male,3,surface,8,18000,600,approve,55,False,4,4,4,3,5,5,4,4,3,4,4,4,4,False,7.4,over-trust
R173,18,male,3,surface,9,7000,730,approve,94,True,6,5,5,5,5,5,5,5,6,5,5,5,5.17,True,14.1,calibrated
R173,18,male,3,surface,10,25000,620,deny,69,True,4,5,5,4,7,5,5,5,5,5,5,6,5.08,True,3.1,calibrated
R174,30,female,2,counterfactual,1,8000,610,deny,82,True,7,5,7,7,6,7,7,7,6,6,6,6,6.42,True,13.6,calibrated
R174,30,female,2,counterfactual,2,15000,705,approve,91,True,7,7,4,7,7,6,7,6,6,7,7,6,6.42,True,15.4,calibrated
R174,30,female,2,counterfactual,3,22000,640,approve,58,True,4,5,5,5,6,5,5,5,4,5,6,4,4.92,False,6.6,calibrated
R174,30,female,2,counterfactual,4,5000,590,deny,74,True,7,5,6,6,5,6,6,6,4,5,5,5,5.5,True,19.7,calibrated
R174,30,female,2,counterfactual,5,30000,720,approve,88,True,7,7,7,7,6,6,7,7,7,6,6,6,6.58,True,20.7,calibrated
R174,30,female,2,counterfactual,6,12000,655,deny,63,False,4,3,4,3,3,4,4,3,3,5,4,4,3.67,True,24.6,calibrated
R174,30,female,2,counterfactual,7,9000,680,approve,77,True,6,6,6,7,6,7,6,7,7,7,6,6,6.42,True,4.9,calibrated
R174,30,female,2,counterfactual,8,18000,600,approve,55,False,1,3,3,4,3,3,4,5,2,1,2,2,2.75,False,11.2,calibrated
R174,30,female,2,counterfactual,9,7000,730,approve,94,True,6,6,7,6,6,7,7,5,6,5,6,7,6.17,False,7.8,calibrated
R174,30,female,2,counterfactual,10,25000,620,deny,69,True,5,6,6,7,7,6,5,5,6,7,6,5,5.92,True,23.1,calibrated
R175,31,female,4,none,1,8000,610,deny,82,True,5,5,4,4,3,4,4,4,6,5,5,5,4.5,True,22.5,calibrated
R175,31,female,4,none,2,15000,705,approve,91,True,6,6,5,5,5,4,5,4,4,5,5,4,4.83,False,16.1,calibrated
R175,31,female,4,none,3,22000,640,approve,58,True,3,3,4,3,3,4,3,4,4,4,3,4,3.5,False,12.0,under-trust
R175,31,female,4,none,4,5000,590,deny,74,True,6,5,5,6,6,7,5,5,6,5,5,5,5.5,False,9.3,calibrated
R175,31,female,4,none,5,30000,720,approve,88,True,5,7,4,7,5,5,5,5,5,6,7,5,5.5,False,14.6,calibrated
R175,31,female,4,none,6,12000,655,deny,63,False,4,3,4,4,5,4,5,3,5,4,3,3,3.92,False,9.5,calibrated
R175,31,female,4,none,7,9000,680,approve,77,True,4,4,5,4,5,4,5,6,4,5,4,5,4.58,True,19.4,calibrated
R175,31,female,4,none,8,18000,600,approve,55,False,3,4,3,3,4,4,4,3,3,4,2,3,3.33,False,10.2,calibrated
R175,31,female,4,none,9,7000,730,approve,94,True,6,7,6,7,6,6,7,5,6,6,6,7,6.25,True,16.4,calibrated
R175,31,female,4,none,10,25000,620,deny,69,True,5,4,5,5,4,4,4,5,4,5,5,5,4.58,True,13.7,calibrated
R176,46,male,3,none,1,8000,610,deny,82,True,6,5,5,6,5,4,6,5,5,5,6,5,5.25,True,13.0,calibrated
R176,46,male,3,none,2,15000,705,approve,91,True,5,6,5,7,6,6,4,6,5,5,7,6,5.67,True,8.1,calibrated
R176,46,male,3,none,3,22000,640,approve,58,True,4,4,4,5,5,5,5,3,3,5,5,3,4.25,False,6.5,calibrated
R176,46,male,3,none,4,5000,590,deny,74,True,5,5,6,4,5,5,6,5,5,5,5,5,5.08,True,21.6,calibrated
R176,46,male,3,none,5,30000,720,approve,88,True,5,4,6,4,4,5,6,4,4,6,4,4,4.67,False,11.5,calibrated
R176,46,male,3,none,6,12000,655,deny,63,False,4,4,5,4,4,3,5,4,3,5,4,3,4,False,15.8,over-trust
R176,46,male,3,none,7,9000,680,approve,77,True,5,6,5,6,5,5,6,5,5,6,5,7,5.5,False,9.3,calibrated
R176,46,male,3,none,8,18000,600,approve,55,False,4,3,3,3,4,3,3,4,4,3,3,4,3.42,False,10.0,calibrated
R176,46,male,3,none,9,7000,730,approve,94,True,5,6,6,7,5,6,6,6,5,7,6,6,5.92,True,13.2,calibrated
R176,46,male,3,none,10,25000,620,deny,69,True,5,5,6,6,5,5,6,6,5,6,5,5,5.42,True,3,calibrated
R177,23,male,3,none,1,8000,610,deny,82,True,6,6,5,5,5,7,5,6,6,6,6,5,5.67,True,5.3,calibrated
R177,23,male,3,none,2,15000,705,approve,91,True,5,5,6,6,5,5,5,6,7,5,5,5,5.42,True,8.5,calibrated
R177,23,male,3,none,3,22000,640,approve,58,True,5,5,5,6,6,5,5,5,6,6,6,5,5.42,True,20.4,calibrated
R177,23,male,3,none,4,5000,590,deny,74,True,4,4,4,5,4,5,5,5,4,5,4,4,4.42,True,9.0,calibrated
R177,23,male,3,none,5,30000,720,approve,88,True,7,5,7,6,6,5,7,6,6,5,7,5,6,False,17.5,calibrated
R177,23,male,3,none,6,12000,655,deny,63,False,6,6,5,4,5,5,5,6,6,5,4,5,5.17,True,24.5,over-trust
R177,23,male,3,none,7,9000,680,approve,77,True,6,6,5,3,6,6,5,5,5,5,4,5,5.08,True,12.5,calibrated
R177,23,male,3,none,8,18000,600,approve,55,False,3,4,4,3,4,4,3,3,4,3,3,2,3.33,False,15.9,calibrated
R177,23,male,3,none,9,7000,730,approve,94,True,5,5,5,6,5,6,4,6,4,6,4,5,5.08,False,13.9,calibrated
R177,23,male,3,none,10,25000,620,deny,69,True,5,5,7,7,5,4,5,6,6,4,6,4,5.33,True,11.6,calibrated
R178,36,female,5,surface,1,8000,610,deny,82,True,5,6,5,5,5,6,5,4,6,6,5,5,5.25,True,12.4,calibrated
R178,36,female,5,surface,2,15000,705,approve,91,True,6,4,4,5,5,6,6,5,6,5,5,5,5.17,True,9.6,calibrated
R178,36,female,5,surface,3,22000,640,approve,58,True,5,5,6,6,6,5,6,5,6,5,4,6,5.42,True,22.2,calibrated
R178,36,female,5,surface,4,5000,590,deny,74,True,5,7,4,5,6,5,4,5,5,4,5,6,5.08,True,7.3,calibrated
R178,36,female,5,surface,5,30000,720,approve,88,True,5,6,7,5,6,5,4,5,6,6,6,5,5.5,True,8.0,calibrated
R178,36,female,5,surface,6,12000,655,deny,63,False,5,6,4,4,3,5,5,4,4,5,4,4,4.42,True,24.2,over-trust
R178,36,female,5,surface,7,9000,680,approve,77,True,6,6,6,6,6,5,5,6,6,5,5,6,5.67,True,21.9,calibrated
R178,36,female,5,surface,8,18000,600,approve,55,False,2,3,3,3,2,4,4,2,2,3,3,3,2.83,False,5.4,calibrated
R178,36,female,5,surface,9,7000,730,approve,94,True,6,3,6,6,6,6,6,6,6,5,7,7,5.83,True,7.7,calibrated
R178,36,female,5,surface,10,25000,620,deny,69,True,5,6,6,7,3,5,7,5,6,7,6,6,5.75,True,4.4,calibrated
R179,48,male,5,none,1,8000,610,deny,82,True,4,4,5,5,5,6,5,5,4,6,5,4,4.83,True,12.9,calibrated
R179,48,male,5,none,2,15000,705,approve,91,True,5,5,5,5,3,5,5,6,4,4,5,5,4.75,True,10.7,calibrated
R179,48,male,5,none,3,22000,640,approve,58,True,6,5,3,4,5,6,4,5,4,5,4,5,4.67,True,4.5,calibrated
R179,48,male,5,none,4,5000,590,deny,74,True,3,5,6,5,5,5,5,5,5,4,5,5,4.83,False,19.9,calibrated
R179,48,male,5,none,5,30000,720,approve,88,True,6,4,5,5,5,5,6,5,3,4,5,5,4.83,True,13.2,calibrated
R179,48,male,5,none,6,12000,655,deny,63,False,4,4,4,3,4,5,4,3,5,5,4,4,4.08,True,17.3,over-trust
R179,48,male,5,none,7,9000,680,approve,77,True,5,5,5,6,4,4,5,5,7,6,5,6,5.25,True,4.8,calibrated
R179,48,male,5,none,8,18000,600,approve,55,False,5,3,4,4,4,4,5,5,5,4,5,5,4.42,True,12.6,over-trust
R179,48,male,5,none,9,7000,730,approve,94,True,5,5,7,6,6,4,5,6,5,5,5,5,5.33,True,17.6,calibrated
R179,48,male,5,none,10,25000,620,deny,69,True,3,4,5,4,4,4,5,4,4,5,4,4,4.17,False,12.3,calibrated
R180,38,female,1,counterfactual,1,8000,610,deny,82,True,7,6,6,6,6,6,5,7,6,6,6,6,6.08,True,10.1,calibrated
R180,38,female,1,counterfactual,2,15000,705,approve,91,True,7,5,6,6,7,6,6,5,7,7,7,6,6.25,True,16.4,calibrated
R180,38,female,1,counterfactual,3,22000,640,approve,58,True,5,5,5,5,5,4,5,4,5,6,5,5,4.92,True,15.9,calibrated
R180,38,female,1,counterfactual,4,5000,590,deny,74,True,5,7,6,5,6,7,7,5,7,6,7,7,6.25,False,21.2,calibrated
R180,38,female,1,counterfactual,5,30000,720,approve,88,True,7,7,5,6,7,6,7,7,6,7,7,6,6.5,True,14.7,calibrated
R180,38,female,1,counterfactual,6,12000,655,deny,63,False,3,3,3,3,3,2,3,3,3,3,2,4,2.92,False,14.2,calibrated
R180,38,female,1,counterfactual,7,9000,680,approve,77,True,6,4,5,5,7,6,5,6,5,6,6,5,5.5,True,19.6,calibrated
R180,38,female,1,counterfactual,8,18000,600,approve,55,False,4,2,4,2,2,3,3,2,3,3,2,3,2.75,False,17.5,calibrated
R180,38,female,1,counterfactual,9,7000,730,approve,94,True,5,7,5,5,7,5,5,5,6,7,7,6,5.83,True,22.8,calibrated
R180,38,female,1,counterfactual,10,25000,620,deny,69,True,7,7,7,6,7,6,7,6,7,7,6,6,6.58,True,22.5,calibrated
R181,37,male,3,counterfactual,1,8000,610,deny,82,True,5,5,5,6,6,5,5,5,6,4,5,4,5.08,True,15.5,calibrated
R181,37,male,3,counterfactual,2,15000,705,approve,91,True,6,6,7,7,7,6,6,7,7,7,7,7,6.67,True,14.8,calibrated
R181,37,male,3,counterfactual,3,22000,640,approve,58,True,5,5,5,5,6,5,6,6,5,7,4,7,5.5,True,5.7,calibrated
R181,37,male,3,counterfactual,4,5000,590,deny,74,True,6,7,6,6,6,6,7,5,7,6,7,6,6.25,False,12.1,calibrated
R181,37,male,3,counterfactual,5,30000,720,approve,88,True,6,6,7,6,5,6,5,6,6,7,7,7,6.17,True,20.4,calibrated
R181,37,male,3,counterfactual,6,12000,655,deny,63,False,2,1,3,1,3,2,3,2,1,3,3,3,2.25,True,15.0,calibrated
R181,37,male,3,counterfactual,7,9000,680,approve,77,True,7,6,6,7,5,5,5,6,6,6,4,6,5.75,True,11.3,calibrated
R181,37,male,3,counterfactual,8,18000,600,approve,55,False,3,4,2,3,3,1,4,2,4,2,3,3,2.83,True,17.4,calibrated
R181,37,male,3,counterfactual,9,7000,730,approve,94,True,7,6,6,7,7,6,7,7,6,7,7,6,6.58,False,13.1,calibrated
R181,37,male,3,counterfactual,10,25000,620,deny,69,True,5,5,5,4,5,4,5,4,5,5,4,5,4.67,False,26.7,calibrated
R182,26,female,3,counterfactual,1,8000,610,deny,82,True,6,6,5,6,6,5,5,7,6,6,6,5,5.75,True,17.8,calibrated
R182,26,female,3,counterfactual,2,15000,705,approve,91,True,7,7,7,7,6,6,6,5,7,4,5,6,6.08,True,3.7,calibrated
R182,26,female,3,counterfactual,3,22000,640,approve,58,True,5,6,6,5,5,5,4,6,6,5,4,6,5.25,True,23.0,calibrated
R182,26,female,3,counterfactual,4,5000,590,deny,74,True,6,6,7,6,7,7,6,7,5,6,6,6,6.25,False,8.0,calibrated
R182,26,female,3,counterfactual,5,30000,720,approve,88,True,7,6,7,7,7,6,6,6,7,7,7,5,6.5,True,12.9,calibrated
R182,26,female,3,counterfactual,6,12000,655,deny,63,False,3,3,2,3,3,3,3,4,3,3,2,2,2.83,False,18.0,calibrated
R182,26,female,3,counterfactual,7,9000,680,approve,77,True,6,4,6,5,6,6,6,6,6,5,5,5,5.5,False,12.2,calibrated
R182,26,female,3,counterfactual,8,18000,600,approve,55,False,3,2,2,3,3,1,2,2,2,2,2,2,2.17,True,28.0,calibrated
R182,26,female,3,counterfactual,9,7000,730,approve,94,True,6,5,6,6,5,7,7,6,6,7,7,7,6.25,True,8.6,calibrated
R182,26,female,3,counterfactual,10,25000,620,deny,69,True,6,7,6,5,6,6,7,5,6,6,6,5,5.92,True,12.3,calibrated
R183,38,male,3,none,1,8000,610,deny,82,True,6,5,4,5,4,5,5,6,5,5,6,6,5.17,True,7.8,calibrated
R183,38,male,3,none,2,15000,705,approve,91,True,6,6,5,5,6,4,4,5,5,3,4,6,4.92,True,15.1,calibrated
R183,38,male,3,none,3,22000,640,approve,58,True,2,3,4,5,4,4,3,3,3,3,3,3,3.33,True,11.5,under-trust
R183,38,male,3,none,4,5000,590,deny,74,True,6,6,6,7,6,5,5,6,5,6,6,4,5.67,True,15.7,calibrated
R183,38,male,3,none,5,30000,720,approve,88,True,6,6,5,6,6,7,6,6,5,6,5,7,5.92,True,15.5,calibrated
R183,38,male,3,none,6,12000,655,deny,63,False,4,3,4,3,3,4,3,4,4,3,2,4,3.42,True,9.5,calibrated
R183,38,male,3,none,7,9000,680,approve,77,True,5,6,4,4,5,5,4,5,5,5,4,5,4.75,True,13.1,calibrated
R183,38,male,3,none,8,18000,600,approve,55,False,5,3,3,4,5,3,4,5,4,4,5,5,4.17,False,18.3,over-trust
R183,38,male,3,none,9,7000,730,approve,94,True,6,5,6,6,6,6,5,6,6,7,6,7,6,True,9.6,calibrated
R183,38,male,3,none,10,25000,620,deny,69,True,5,6,4,3,4,5,5,4,3,5,4,5,4.42,False,15.5,calibrated
R184,37,female,2,surface,1,8000,610,deny,82,True,5,5,6,7,6,6,6,6,6,6,5,5,5.75,False,16.4,calibrated
R184,37,female,2,surface,2,15000,705,approve,91,True,6,6,6,6,7,5,6,7,5,6,7,7,6.17,True,14.0,calibrated
R184,37,female,2,surface,3,22000,640,approve,58,True,4,4,4,4,4,4,5,4,5,2,3,5,4,False,6.9,calibrated
R184,37,female,2,surface,4,5000,590,deny,74,True,6,5,4,6,6,4,4,5,4,4,4,6,4.83,True,6.6,calibrated
R184,37,female,2,surface,5,30000,720,approve,88,True,6,6,6,5,5,4,5,6,5,5,6,5,5.33,True,11.9,calibrated
R184,37,female,2,surface,6,12000,655,deny,63,False,5,3,3,4,4,5,4,3,3,4,3,5,3.83,True,9.7,calibrated
R184,37,female,2,surface,7,9000,680,approve,77,True,5,5,5,5,5,5,5,6,5,5,6,5,5.17,True,11.1,calibrated
R184,37,female,2,surface,8,18000,600,approve,55,False,4,5,3,3,5,4,3,3,3,3,3,4,3.58,False,16.9,calibrated
R184,37,female,2,surface,9,7000,730,approve,94,True,6,7,5,6,6,6,6,6,6,7,5,6,6,True,14.6,calibrated
R184,37,female,2,surface,10,25000,620,deny,69,True,5,6,5,4,4,5,3,5,4,5,5,5,4.67,True,13.3,calibrated
R185,46,female,2,surface,1,8000,610,deny,82,True,6,5,5,5,5,5,6,5,6,5,6,5,5.33,False,19.2,calibrated
R185,46,female,2,surface,2,15000,705,approve,91,True,5,7,5,6,5,6,6,5,6,5,6,6,5.67,True,10.1,calibrated
R185,46,female,2,surface,3,22000,640,approve,58,True,5,5,5,4,5,5,5,4,4,4,5,4,4.58,False,23.9,calibrated
R185,46,female,2,surface,4,5000,590,deny,74,True,6,6,6,5,4,5,6,6,6,5,4,5,5.33,True,16.5,calibrated
R185,46,female,2,surface,5,30000,720,approve,88,True,7,7,6,7,6,6,7,7,6,6,7,7,6.58,True,16.6,calibrated
R185,46,female,2,surface,6,12000,655,deny,63,False,4,5,4,5,4,5,3,3,5,3,4,3,4,False,19.5,over-trust
R185,46,female,2,surface,7,9000,680,approve,77,True,5,6,4,4,5,5,4,5,6,6,5,6,5.08,True,19.0,calibrated
R185,46,female,2,surface,8,18000,600,approve,55,False,2,3,2,2,2,3,3,2,4,3,4,2,2.67,False,13.7,calibrated
R185,46,female,2,surface,9,7000,730,approve,94,True,7,7,6,7,6,6,7,6,6,6,7,7,6.5,True,15.4,calibrated
R185,46,female,2,surface,10,25000,620,deny,69,True,5,5,5,4,6,5,5,5,4,5,5,4,4.83,True,9.0,calibrated
R186,39,male,2,none,1,8000,610,deny,82,True,6,6,5,5,4,6,5,6,7,7,5,6,5.67,True,11.9,calibrated
R186,39,male,2,none,2,15000,705,approve,91,True,5,6,7,7,6,6,6,6,5,7,7,6,6.17,True,20.6,calibrated
R186,39,male,2,none,3,22000,640,approve,58,True,5,6,5,4,6,5,4,5,5,5,5,4,4.92,False,21.1,calibrated
R186,39,male,2,none,4,5000,590,deny,74,True,5,6,5,5,5,5,5,5,5,4,5,5,5,False,9.8,calibrated
R186,39,male,2,none,5,30000,720,approve,88,True,4,5,4,4,6,5,5,5,6,5,5,5,4.92,False,11.3,calibrated
R186,39,male,2,none,6,12000,655,deny,63,False,3,5,5,5,4,5,3,3,6,4,5,5,4.42,True,4.6,over-trust
R186,39,male,2,none,7,9000,680,approve,77,True,5,5,5,5,5,5,4,5,5,5,4,4,4.75,False,19.6,calibrated
R186,39,male,2,none,8,18000,600,approve,55,False,4,3,4,4,4,4,3,3,4,5,4,4,3.83,True,10.0,calibrated
R186,39,male,2,none,9,7000,730,approve,94,True,5,5,5,7,4,6,5,6,6,5,5,5,5.33,True,13.4,calibrated
R186,39,male,2,none,10,25000,620,deny,69,True,5,5,4,5,4,6,6,6,4,5,6,5,5.08,True,10.8,calibrated
R187,27,female,4,surface,1,8000,610,deny,82,True,5,5,4,4,5,3,5,5,6,6,5,6,4.92,True,17.0,calibrated
R187,27,female,4,surface,2,15000,705,approve,91,True,5,6,7,5,7,6,6,5,5,5,5,6,5.67,True,8.9,calibrated
R187,27,female,4,surface,3,22000,640,approve,58,True,5,5,4,4,5,5,4,4,5,5,3,3,4.33,True,13.3,calibrated
R187,27,female,4,surface,4,5000,590,deny,74,True,6,6,5,5,5,6,5,6,6,6,6,5,5.58,False,13.5,calibrated
R187,27,female,4,surface,5,30000,720,approve,88,True,7,7,7,6,6,6,6,7,7,4,7,7,6.42,True,14.5,calibrated
R187,27,female,4,surface,6,12000,655,deny,63,False,3,3,3,3,2,2,3,3,3,3,2,2,2.67,False,5.1,calibrated
R187,27,female,4,surface,7,9000,680,approve,77,True,6,5,5,6,7,6,6,5,5,5,6,6,5.67,True,13.7,calibrated
R187,27,female,4,surface,8,18000,600,approve,55,False,3,3,4,4,3,2,3,4,3,4,4,3,3.33,False,15.0,calibrated
R187,27,female,4,surface,9,7000,730,approve,94,True,5,6,6,5,6,4,7,6,6,6,6,6,5.75,False,12.8,calibrated
R187,27,female,4,surface,10,25000,620,deny,69,True,5,5,4,5,4,5,5,5,4,4,6,5,4.75,True,6.5,calibrated
R188,46,female,2,counterfactual,1,8000,610,deny,82,True,6,6,5,6,6,5,6,6,5,6,7,6,5.83,True,11.6,calibrated
R188,46,female,2,counterfactual,2,15000,705,approve,91,True,6,6,5,6,6,6,7,7,6,6,6,7,6.17,True,9.3,calibrated
R188,46,female,2,counterfactual,3,22000,640,approve,58,True,6,6,6,7,6,7,6,5,6,5,6,5,5.92,True,19.1,calibrated
R188,46,female,2,counterfactual,4,5000,590,deny,74,True,6,5,6,6,5,7,6,6,7,6,6,5,5.92,True,24.1,calibrated
R188,46,female,2,counterfactual,5,30000,720,approve,88,True,6,7,6,6,6,6,6,6,5,6,7,6,6.08,True,20.8,calibrated
R188,46,female,2,counterfactual,6,12000,655,deny,63,False,4,3,2,3,3,4,5,4,3,3,4,4,3.5,False,28.4,calibrated
R188,46,female,2,counterfactual,7,9000,680,approve,77,True,6,5,6,6,6,5,7,5,6,5,5,5,5.58,True,9.6,calibrated
R188,46,female,2,counterfactual,8,18000,600,approve,55,False,4,3,3,3,3,4,3,4,4,3,4,4,3.5,True,17.0,calibrated
R188,46,female,2,counterfactual,9,7000,730,approve,94,True,7,6,6,4,5,5,5,5,6,4,5,6,5.33,True,12.3,calibrated
R188,46,female,2,counterfactual,10,25000,620,deny,69,True,6,5,7,6,6,6,6,6,4,6,6,5,5.75,True,15.5,calibrated
R189,33,male,3,surface,1,8000,610,deny,82,True,5,4,5,5,5,5,5,4,6,5,4,5,4.83,True,6.0,calibrated
R189,33,male,3,surface,2,15000,705,approve,91,True,4,6,5,6,7,6,5,5,7,5,5,5,5.5,False,14.7,calibrated
R189,33,male,3,surface,3,22000,640,approve,58,True,5,4,5,6,5,5,6,5,4,5,5,5,5,False,19.6,calibrated
R189,33,male,3,surface,4,5000,590,deny,74,True,5,4,5,5,7,6,5,6,6,5,5,6,5.42,True,10.2,calibrated
R189,33,male,3,surface,5,30000,720,approve,88,True,6,6,6,6,6,6,5,6,5,5,6,6,5.75,True,15.6,calibrated
R189,33,male,3,surface,6,12000,655,deny,63,False,5,5,4,5,5,4,4,4,5,3,4,4,4.33,True,21.5,over-trust
R189,33,male,3,surface,7,9000,680,approve,77,True,6,6,6,6,5,6,6,5,6,7,7,7,6.08,False,15.4,calibrated
R189,33,male,3,surface,8,18000,600,approve,55,False,5,4,4,4,5,4,5,5,5,3,3,4,4.25,True,5.8,over-trust
R189,33,male,3,surface,9,7000,730,approve,94,True,6,6,6,5,6,7,6,6,5,6,5,6,5.83,True,16.2,calibrated
R189,33,male,3,surface,10,25000,620,deny,69,True,6,6,5,5,6,5,5,4,4,6,5,7,5.33,True,17.7,calibrated
R190,34,female,2,surface,1,8000,610,deny,82,True,5,6,6,6,6,6,6,5,5,5,6,6,5.67,True,17.9,calibrated
R190,34,female,2,surface,2,15000,705,approve,91,True,6,7,6,5,6,6,5,5,6,6,6,6,5.83,True,13.3,calibrated
R190,34,female,2,surface,3,22000,640,approve,58,True,5,6,4,5,5,6,5,5,5,4,6,5,5.08,False,14.6,calibrated
R190,34,female,2,surface,4,5000,590,deny,74,True,6,5,4,6,6,6,5,6,6,5,5,6,5.5,True,12.3,calibrated
R190,34,female,2,surface,5,30000,720,approve,88,True,6,6,6,6,7,6,7,6,5,6,6,6,6.08,True,13.9,calibrated
R190,34,female,2,surface,6,12000,655,deny,63,False,3,3,3,2,4,4,3,4,4,4,3,4,3.42,True,12.3,calibrated
R190,34,female,2,surface,7,9000,680,approve,77,True,5,6,6,6,5,6,6,5,7,5,5,6,5.67,True,12.6,calibrated
R190,34,female,2,surface,8,18000,600,approve,55,False,4,4,3,3,5,3,4,4,2,3,3,3,3.42,False,22.8,calibrated
R190,34,female,2,surface,9,7000,730,approve,94,True,6,5,6,7,6,5,7,5,7,6,7,7,6.17,True,15.6,calibrated
R190,34,female,2,surface,10,25000,620,deny,69,True,5,6,6,6,6,6,5,6,7,7,6,6,6,True,14.4,calibrated
R191,39,female,4,surface,1,8000,610,deny,82,True,4,5,5,4,5,4,6,4,5,4,5,4,4.58,False,12.5,calibrated
R191,39,female,4,surface,2,15000,705,approve,91,True,6,6,5,7,6,7,6,7,7,7,5,6,6.25,True,14.5,calibrated
R191,39,female,4,surface,3,22000,640,approve,58,True,5,5,6,4,6,4,5,5,5,5,6,5,5.08,True,14.5,calibrated
R191,39,female,4,surface,4,5000,590,deny,74,True,5,5,6,5,5,5,4,5,4,5,4,5,4.83,False,21.1,calibrated
R191,39,female,4,surface,5,30000,720,approve,88,True,7,6,6,6,7,5,6,6,6,5,6,6,6,True,16.3,calibrated
R191,39,female,4,surface,6,12000,655,deny,63,False,3,3,3,3,2,5,4,3,3,4,3,4,3.33,True,6.3,calibrated
R191,39,female,4,surface,7,9000,680,approve,77,True,6,5,6,5,5,4,4,5,5,6,6,5,5.17,True,18.0,calibrated
R191,39,female,4,surface,8,18000,600,approve,55,False,3,4,4,3,2,3,3,3,2,3,4,2,3,False,18.6,calibrated
R191,39,female,4,surface,9,7000,730,approve,94,True,7,5,6,6,7,7,6,7,7,6,6,6,6.33,True,17.1,calibrated
R191,39,female,4,surface,10,25000,620,deny,69,True,6,6,6,6,7,6,7,6,6,6,7,5,6.17,False,10.1,calibrated
R192,30,female,4,surface,1,8000,610,deny,82,True,7,6,5,6,4,6,6,6,6,7,6,5,5.83,False,10.2,calibrated
R192,30,female,4,surface,2,15000,705,approve,91,True,5,6,6,5,5,6,5,6,6,6,6,7,5.75,True,19.0,calibrated
R192,30,female,4,surface,3,22000,640,approve,58,True,5,4,6,6,6,5,5,4,3,6,5,6,5.08,True,12.1,calibrated
R192,30,female,4,surface,4,5000,590,deny,74,True,5,6,4,7,4,5,6,5,5,7,7,7,5.67,True,14.7,calibrated
R192,30,female,4,surface,5,30000,720,approve,88,True,6,6,6,7,6,5,5,3,6,6,6,6,5.67,True,9.6,calibrated
R192,30,female,4,surface,6,12000,655,deny,63,False,4,3,4,4,3,3,3,4,3,3,2,3,3.25,False,4.3,calibrated
R192,30,female,4,surface,7,9000,680,approve,77,True,4,3,5,4,6,5,4,7,6,4,4,5,4.75,True,18.4,calibrated
R192,30,female,4,surface,8,18000,600,approve,55,False,4,4,4,4,4,3,4,3,4,3,3,4,3.67,True,19.8,calibrated
R192,30,female,4,surface,9,7000,730,approve,94,True,5,7,6,5,6,7,7,6,6,7,6,6,6.17,True,11.4,calibrated
R192,30,female,4,surface,10,25000,620,deny,69,True,5,4,5,6,6,6,4,5,5,5,6,6,5.25,True,14.7,calibrated
R193,50,female,3,surface,1,8000,610,deny,82,True,6,6,7,7,7,7,7,7,6,7,6,6,6.58,True,9.4,calibrated
R193,50,female,3,surface,2,15000,705,approve,91,True,7,6,5,7,5,5,4,6,6,6,6,5,5.67,True,15.6,calibrated
R193,50,female,3,surface,3,22000,640,approve,58,True,5,6,5,5,6,5,6,5,6,6,5,6,5.5,True,11.0,calibrated
R193,50,female,3,surface,4,5000,590,deny,74,True,6,5,7,5,6,7,7,6,7,6,6,5,6.08,False,10.4,calibrated
R193,50,female,3,surface,5,30000,720,approve,88,True,6,6,6,6,6,6,6,6,7,7,7,5,6.17,True,8.9,calibrated
R193,50,female,3,surface,6,12000,655,deny,63,False,2,5,3,4,3,3,4,3,3,5,4,3,3.5,False,19.2,calibrated
R193,50,female,3,surface,7,9000,680,approve,77,True,5,6,6,6,7,5,5,6,6,6,6,7,5.92,True,13.7,calibrated
R193,50,female,3,surface,8,18000,600,approve,55,False,3,3,4,3,3,4,3,5,3,3,3,2,3.25,False,17.4,calibrated
R193,50,female,3,surface,9,7000,730,approve,94,True,6,5,6,6,6,7,6,6,6,7,7,7,6.25,True,7.9,calibrated
R193,50,female,3,surface,10,25000,620,deny,69,True,6,5,6,6,4,7,5,5,6,6,6,6,5.67,True,12.9,calibrated
R194,34,female,4,surface,1,8000,610,deny,82,True,5,5,5,7,5,5,7,6,6,5,6,4,5.5,True,13.5,calibrated
R194,34,female,4,surface,2,15000,705,approve,91,True,5,7,6,6,6,6,7,5,7,7,6,5,6.08,False,16.0,calibrated
R194,34,female,4,surface,3,22000,640,approve,58,True,4,4,4,4,4,4,4,4,4,4,3,5,4,True,11.9,calibrated
R194,34,female,4,surface,4,5000,590,deny,74,True,4,5,5,5,5,6,7,6,5,6,4,5,5.25,True,13.9,calibrated
R194,34,female,4,surface,5,30000,720,approve,88,True,5,5,5,6,5,7,6,6,5,5,5,5,5.42,False,8.1,calibrated
R194,34,female,4,surface,6,12000,655,deny,63,False,5,3,4,3,3,4,2,3,4,4,4,3,3.5,True,17.1,calibrated
R194,34,female,4,surface,7,9000,680,approve,77,True,5,6,5,6,5,6,5,6,6,6,7,6,5.75,True,16.7,calibrated
R194,34,female,4,surface,8,18000,600,approve,55,False,3,3,2,3,4,3,4,3,4,4,2,3,3.17,False,15.6,calibrated
R194,34,female,4,surface,9,7000,730,approve,94,True,7,6,7,6,7,7,6,7,7,7,7,5,6.58,True,11.5,calibrated
R194,34,female,4,surface,10,25000,620,deny,69,True,4,5,5,5,4,6,5,5,5,4,6,5,4.92,False,14.5,calibrated
R195,26,male,3,none,1,8000,610,deny,82,True,5,6,7,6,5,6,5,5,7,6,6,6,5.83,False,10.3,calibrated
R195,26,male,3,none,2,15000,705,approve,91,True,7,6,6,5,7,5,7,6,5,5,6,5,5.83,False,15.0,calibrated
R195,26,male,3,none,3,22000,640,approve,58,True,4,4,5,2,4,4,4,5,4,5,4,4,4.08,True,21.6,calibrated
R195,26,male,3,none,4,5000,590,deny,74,True,3,4,4,2,4,3,4,3,4,4,3,4,3.5,True,12.3,under-trust
R195,26,male,3,none,5,30000,720,approve,88,True,6,7,5,5,5,5,6,4,6,6,5,5,5.42,True,17.5,calibrated
R195,26,male,3,none,6,12000,655,deny,63,False,4,5,3,5,4,4,4,5,3,4,3,4,4,True,14.4,over-trust
R195,26,male,3,none,7,9000,680,approve,77,True,3,4,4,3,4,4,3,5,4,3,3,4,3.67,False,15.0,under-trust
R195,26,male,3,none,8,18000,600,approve,55,False,4,5,4,3,4,4,4,4,4,5,3,2,3.83,False,19.1,calibrated
R195,26,male,3,none,9,7000,730,approve,94,True,5,3,5,6,5,4,4,6,6,5,4,6,4.92,True,8.1,calibrated
R195,26,male,3,none,10,25000,620,deny,69,True,6,7,6,5,6,5,6,6,6,6,5,6,5.83,True,21.2,calibrated
R196,18,male,3,none,1,8000,610,deny,82,True,4,5,4,5,5,5,6,5,5,5,4,5,4.83,True,10.1,calibrated
R196,18,male,3,none,2,15000,705,approve,91,True,7,5,5,6,4,4,6,6,6,6,5,6,5.5,True,6.7,calibrated
R196,18,male,3,none,3,22000,640,approve,58,True,5,5,4,5,5,5,5,5,4,5,5,5,4.83,True,10.5,calibrated
R196,18,male,3,none,4,5000,590,deny,74,True,5,5,5,6,5,3,5,5,5,6,5,5,5,True,16.4,calibrated
R196,18,male,3,none,5,30000,720,approve,88,True,5,6,4,5,6,5,4,5,5,5,4,5,4.92,False,14.4,calibrated
R196,18,male,3,none,6,12000,655,deny,63,False,4,6,4,4,5,4,5,2,4,4,5,5,4.33,False,19.5,over-trust
R196,18,male,3,none,7,9000,680,approve,77,True,6,6,5,5,5,5,6,6,4,5,5,6,5.33,True,19.3,calibrated
R196,18,male,3,none,8,18000,600,approve,55,False,5,4,5,3,4,3,4,4,4,4,3,3,3.83,True,7.8,calibrated
R196,18,male,3,none,9,7000,730,approve,94,True,5,6,3,4,5,4,4,5,5,5,4,6,4.67,True,18.2,calibrated
R196,18,male,3,none,10,25000,620,deny,69,True,3,3,5,3,5,4,5,5,4,4,5,4,4.17,True,17.8,calibrated
R197,36,female,4,none,1,8000,610,deny,82,True,4,4,4,5,5,4,4,4,4,5,4,4,4.25,True,16.9,calibrated
R197,36,female,4,none,2,15000,705,approve,91,True,5,6,5,5,6,5,6,6,4,6,5,6,5.42,True,8.3,calibrated
R197,36,female,4,none,3,22000,640,approve,58,True,6,6,5,5,4,5,4,4,5,5,5,5,4.92,True,15.7,calibrated
R197,36,female,4,none,4,5000,590,deny,74,True,5,5,4,4,4,4,5,5,6,5,4,5,4.67,True,3,calibrated
R197,36,female,4,none,5,30000,720,approve,88,True,5,5,5,5,6,6,6,7,7,6,4,5,5.58,True,20.5,calibrated
R197,36,female,4,none,6,12000,655,deny,63,False,5,4,4,3,4,5,4,4,4,4,4,4,4.08,True,9.3,over-trust
R197,36,female,4,none,7,9000,680,approve,77,True,6,6,6,7,5,5,6,7,6,5,6,6,5.92,True,11.2,calibrated
R197,36,female,4,none,8,18000,600,approve,55,False,6,5,4,4,4,4,6,4,4,4,4,5,4.5,True,12.2,over-trust
R197,36,female,4,none,9,7000,730,approve,94,True,5,5,6,6,5,5,6,6,5,5,6,6,5.5,False,12.0,calibrated
R197,36,female,4,none,10,25000,620,deny,69,True,4,4,5,5,4,3,5,4,5,5,4,5,4.42,False,17.6,calibrated
R198,20,male,3,counterfactual,1,8000,610,deny,82,True,7,7,7,7,7,6,5,7,7,7,6,7,6.67,True,7.9,calibrated
R198,20,male,3,counterfactual,2,15000,705,approve,91,True,7,6,7,6,7,6,7,7,6,6,7,5,6.42,True,14.6,calibrated
R198,20,male,3,counterfactual,3,22000,640,approve,58,True,5,6,5,4,5,4,5,6,5,5,6,5,5.08,True,13.5,calibrated
R198,20,male,3,counterfactual,4,5000,590,deny,74,True,6,4,5,5,6,5,5,5,6,6,6,5,5.33,True,14.2,calibrated
R198,20,male,3,counterfactual,5,30000,720,approve,88,True,7,7,6,6,7,7,7,7,7,7,7,7,6.83,True,18.5,calibrated
R198,20,male,3,counterfactual,6,12000,655,deny,63,False,3,5,3,4,4,3,3,4,3,3,4,3,3.5,False,21.6,calibrated
R198,20,male,3,counterfactual,7,9000,680,approve,77,True,6,6,6,5,6,5,6,6,5,6,7,6,5.83,True,12.5,calibrated
R198,20,male,3,counterfactual,8,18000,600,approve,55,False,3,3,3,3,3,2,2,2,2,3,3,3,2.67,False,8.8,calibrated
R198,20,male,3,counterfactual,9,7000,730,approve,94,True,6,6,7,7,7,7,7,7,7,7,7,5,6.67,True,11.4,calibrated
R198,20,male,3,counterfactual,10,25000,620,deny,69,True,5,6,7,5,5,5,6,6,6,5,6,5,5.58,True,13.5,calibrated
R199,36,female,2,surface,1,8000,610,deny,82,True,7,5,6,6,6,4,5,7,5,6,6,6,5.75,True,6.5,calibrated
R199,36,female,2,surface,2,15000,705,approve,91,True,7,6,6,6,6,5,6,7,7,6,6,7,6.25,True,15.4,calibrated
R199,36,female,2,surface,3,22000,640,approve,58,True,5,5,4,6,5,5,5,6,5,4,4,6,5,True,17.4,calibrated
R199,36,female,2,surface,4,5000,590,deny,74,True,6,5,6,6,4,4,6,5,7,4,5,5,5.25,False,4.7,calibrated
R199,36,female,2,surface,5,30000,720,approve,88,True,5,7,6,6,5,5,6,7,6,5,6,6,5.83,True,17.9,calibrated
R199,36,female,2,surface,6,12000,655,deny,63,False,4,3,5,5,4,5,4,5,5,5,4,6,4.58,False,11.3,over-trust
R199,36,female,2,surface,7,9000,680,approve,77,True,7,6,6,6,5,5,5,5,6,7,6,5,5.75,True,20.6,calibrated
R199,36,female,2,surface,8,18000,600,approve,55,False,4,3,5,4,4,4,3,4,3,4,3,4,3.75,False,14.1,calibrated
R199,36,female,2,surface,9,7000,730,approve,94,True,5,6,6,5,5,4,6,5,7,6,6,4,5.42,True,9.3,calibrated
R199,36,female,2,surface,10,25000,620,deny,69,True,5,5,5,5,6,6,6,6,5,7,4,5,5.42,True,20.6,calibrated
R200,22,male,2,none,1,8000,610,deny,82,True,6,6,5,6,5,6,5,4,6,4,4,6,5.25,True,8.2,calibrated
R200,22,male,2,none,2,15000,705,approve,91,True,5,6,5,5,6,6,6,4,6,5,6,6,5.5,False,15.2,calibrated
R200,22,male,2,none,3,22000,640,approve,58,True,5,5,6,4,4,4,4,5,3,5,4,4,4.42,False,10.0,calibrated
R200,22,male,2,none,4,5000,590,deny,74,True,5,5,5,6,5,5,4,4,6,5,4,5,4.92,True,25.9,calibrated
R200,22,male,2,none,5,30000,720,approve,88,True,6,5,6,5,5,5,5,4,6,5,5,5,5.17,True,14.8,calibrated
R200,22,male,2,none,6,12000,655,deny,63,False,5,5,3,5,4,4,5,4,5,4,5,5,4.5,False,9.4,over-trust
R200,22,male,2,none,7,9000,680,approve,77,True,5,5,7,6,7,5,5,6,6,6,4,6,5.67,True,12.7,calibrated
R200,22,male,2,none,8,18000,600,approve,55,False,5,4,3,4,3,3,4,4,4,3,3,3,3.58,False,15.5,calibrated
R200,22,male,2,none,9,7000,730,approve,94,True,5,5,6,5,5,5,5,6,4,5,5,6,5.17,True,17.9,calibrated
R200,22,male,2,none,10,25000,620,deny,69,True,3,4,4,6,5,4,4,4,5,6,3,4,4.33,True,17.2,calibrated
R201,33,female,2,none,1,8000,610,deny,82,True,6,6,6,6,4,6,6,6,6,5,5,6,5.67,False,24.4,calibrated
R201,33,female,2,none,2,15000,705,approve,91,True,6,5,5,6,7,6,5,5,6,6,5,6,5.67,True,5.4,calibrated
R201,33,female,2,none,3,22000,640,approve,58,True,5,4,4,4,3,4,4,5,4,3,3,6,4.08,False,14.1,calibrated
R201,33,female,2,none,4,5000,590,deny,74,True,4,4,4,3,4,5,3,4,3,4,3,3,3.67,True,9.3,under-trust
R201,33,female,2,none,5,30000,720,approve,88,True,4,5,5,6,5,5,4,6,4,6,4,5,4.92,True,3,calibrated
R201,33,female,2,none,6,12000,655,deny,63,False,4,4,5,5,4,5,4,3,4,4,4,5,4.25,False,18.5,over-trust
R201,33,female,2,none,7,9000,680,approve,77,True,6,5,4,5,6,5,6,5,5,5,6,5,5.25,True,10.9,calibrated
R201,33,female,2,none,8,18000,600,approve,55,False,5,5,4,5,5,4,5,5,4,5,5,4,4.67,False,15.1,over-trust
R201,33,female,2,none,9,7000,730,approve,94,True,6,4,5,4,7,5,6,6,5,5,6,4,5.25,False,11.0,calibrated
R201,33,female,2,none,10,25000,620,deny,69,True,4,5,4,4,4,5,5,5,5,5,4,4,4.5,False,11.4,calibrated
R202,43,male,4,surface,1,8000,610,deny,82,True,5,5,5,5,4,5,5,7,4,5,6,4,5,True,15.2,calibrated
R202,43,male,4,surface,2,15000,705,approve,91,True,6,6,5,7,5,6,6,6,7,5,6,6,5.92,True,12.3,calibrated
R202,43,male,4,surface,3,22000,640,approve,58,True,4,4,5,5,6,5,6,4,5,5,5,5,4.92,False,19.8,calibrated
R202,43,male,4,surface,4,5000,590,deny,74,True,5,5,5,6,4,6,5,6,6,5,5,6,5.33,True,8.9,calibrated
R202,43,male,4,surface,5,30000,720,approve,88,True,6,6,6,6,6,6,4,6,7,6,6,5,5.83,False,8.6,calibrated
R202,43,male,4,surface,6,12000,655,deny,63,False,5,3,2,3,5,3,4,4,3,4,3,5,3.67,True,16.3,calibrated
R202,43,male,4,surface,7,9000,680,approve,77,True,6,6,6,5,5,5,5,5,5,6,5,6,5.42,True,12.2,calibrated
R202,43,male,4,surface,8,18000,600,approve,55,False,3,5,3,3,4,3,3,4,4,4,3,4,3.58,False,18.3,calibrated
R202,43,male,4,surface,9,7000,730,approve,94,True,7,7,6,6,7,6,6,6,6,7,6,6,6.33,False,14.2,calibrated
R202,43,male,4,surface,10,25000,620,deny,69,True,6,5,6,6,6,5,5,5,6,5,4,5,5.33,True,11.1,calibrated
R203,50,male,2,surface,1,8000,610,deny,82,True,6,5,6,6,6,6,6,5,6,6,5,6,5.75,True,12.0,calibrated
R203,50,male,2,surface,2,15000,705,approve,91,True,6,7,7,6,6,7,7,7,7,7,7,6,6.67,True,4.1,calibrated
R203,50,male,2,surface,3,22000,640,approve,58,True,4,5,4,5,5,5,5,6,5,4,4,4,4.67,True,13.6,calibrated
R203,50,male,2,surface,4,5000,590,deny,74,True,5,6,5,5,5,6,6,4,6,6,6,5,5.42,False,10.9,calibrated
R203,50,male,2,surface,5,30000,720,approve,88,True,6,6,6,6,5,5,6,7,6,6,5,5,5.75,True,3,calibrated
R203,50,male,2,surface,6,12000,655,deny,63,False,3,5,4,4,5,4,4,4,4,4,3,2,3.83,True,12.5,calibrated
R203,50,male,2,surface,7,9000,680,approve,77,True,6,5,5,6,6,6,6,5,5,6,5,5,5.5,True,11.3,calibrated
R203,50,male,2,surface,8,18000,600,approve,55,False,3,4,3,3,3,2,4,2,3,3,3,5,3.17,False,12.6,calibrated
R203,50,male,2,surface,9,7000,730,approve,94,True,5,6,7,7,5,6,5,7,5,6,5,5,5.75,False,17.2,calibrated
R203,50,male,2,surface,10,25000,620,deny,69,True,6,5,6,7,5,5,7,5,5,6,6,6,5.75,True,20.9,calibrated
R204,42,nonbinary,3,none,1,8000,610,deny,82,True,5,4,5,4,5,4,6,6,6,6,6,5,5.17,False,18.7,calibrated
R204,42,nonbinary,3,none,2,15000,705,approve,91,True,6,6,7,6,7,7,6,7,7,7,7,6,6.58,False,22.8,calibrated
R204,42,nonbinary,3,none,3,22000,640,approve,58,True,4,4,4,6,5,4,6,4,3,4,4,4,4.33,True,20.7,calibrated
R204,42,nonbinary,3,none,4,5000,590,deny,74,True,5,5,5,5,6,5,5,5,5,4,6,4,5,True,19.0,calibrated
R204,42,nonbinary,3,none,5,30000,720,approve,88,True,7,5,7,7,5,7,7,6,7,6,5,6,6.25,True,19.3,calibrated
R204,42,nonbinary,3,none,6,12000,655,deny,63,False,3,3,4,4,2,4,2,4,3,3,4,4,3.33,False,12.9,calibrated
R204,42,nonbinary,3,none,7,9000,680,approve,77,True,5,4,5,5,6,4,5,7,6,5,5,5,5.17,False,13.6,calibrated
R204,42,nonbinary,3,none,8,18000,600,approve,55,False,4,4,4,3,3,3,4,4,5,4,4,4,3.83,True,18.2,calibrated
R204,42,nonbinary,3,none,9,7000,730,approve,94,True,5,6,4,6,5,5,7,5,5,6,6,6,5.5,False,24.4,calibrated
R204,42,nonbinary,3,none,10,25000,620,deny,69,True,6,5,6,6,4,4,6,5,6,6,6,5,5.42,True,16.9,calibrated
R205,18,male,1,counterfactual,1,8000,610,deny,82,True,6,6,6,5,5,6,7,5,6,6,7,7,6,False,15.0,calibrated
R205,18,male,1,counterfactual,2,15000,705,approve,91,True,7,7,6,6,6,7,7,7,7,6,6,7,6.58,True,13.6,calibrated
R205,18,male,1,counterfactual,3,22000,640,approve,58,True,5,5,6,6,4,5,7,5,4,5,5,5,5.17,True,18.8,calibrated
R205,18,male,1,counterfactual,4,5000,590,deny,74,True,7,7,7,6,7,6,7,7,7,7,7,7,6.83,True,20.1,calibrated
R205,18,male,1,counterfactual,5,30000,720,approve,88,True,6,6,6,7,6,7,6,6,7,7,7,7,6.5,True,11.0,calibrated
R205,18,male,1,counterfactual,6,12000,655,deny,63,False,3,4,3,3,3,2,3,5,3,4,3,2,3.17,False,10.9,calibrated
R205,18,male,1,counterfactual,7,9000,680,approve,77,True,6,6,6,6,6,7,6,6,6,6,6,5,6,True,28.5,calibrated
R205,18,male,1,counterfactual,8,18000,600,approve,55,False,3,2,2,2,1,3,3,2,3,3,3,3,2.5,False,16.5,calibrated
R205,18,male,1,counterfactual,9,7000,730,approve,94,True,7,6,7,7,7,6,7,6,7,6,7,7,6.67,True,15.6,calibrated
R205,18,male,1,counterfactual,10,25000,620,deny,69,True,6,7,5,7,7,7,6,7,5,6,7,7,6.42,True,9.1,calibrated
R206,18,male,3,surface,1,8000,610,deny,82,True,6,4,5,4,5,4,6,4,5,5,5,3,4.67,False,5.6,calibrated
R206,18,male,3,surface,2,15000,705,approve,91,True,6,6,6,5,4,6,5,6,5,5,5,6,5.42,True,15.2,calibrated
R206,18,male,3,surface,3,22000,640,approve,58,True,4,5,4,5,5,5,6,5,4,4,5,5,4.75,True,15.7,calibrated
R206,18,male,3,surface,4,5000,590,deny,74,True,5,5,5,7,5,6,5,5,6,5,5,5,5.33,True,13.6,calibrated
R206,18,male,3,surface,5,30000,720,approve,88,True,5,6,7,5,5,5,6,5,4,6,7,6,5.58,False,8.6,calibrated
R206,18,male,3,surface,6,12000,655,deny,63,False,4,3,3,4,4,5,4,2,4,3,4,3,3.58,False,15.4,calibrated
R206,18,male,3,surface,7,9000,680,approve,77,True,7,5,5,5,4,4,6,4,6,4,6,6,5.17,True,19.7,calibrated
R206,18,male,3,surface,8,18000,600,approve,55,False,4,4,4,3,4,4,3,3,4,3,5,4,3.75,False,12.4,calibrated
R206,18,male,3,surface,9,7000,730,approve,94,True,6,6,5,5,6,5,6,6,5,6,6,7,5.75,False,3.9,calibrated
R206,18,male,3,surface,10,25000,620,deny,69,True,5,3,6,5,5,5,6,5,5,4,5,5,4.92,True,12.1,calibrated
R207,41,female,5,counterfactual,1,8000,610,deny,82,True,6,5,6,6,5,6,7,7,7,6,5,7,6.08,True,17.9,calibrated
R207,41,female,5,counterfactual,2,15000,705,approve,91,True,7,6,7,7,7,5,7,7,5,7,6,6,6.42,True,14.6,calibrated
R207,41,female,5,counterfactual,3,22000,640,approve,58,True,7,5,7,7,7,6,7,6,6,7,6,6,6.42,True,10.1,calibrated
R207,41,female,5,counterfactual,4,5000,590,deny,74,True,6,6,6,6,6,7,6,5,6,7,6,7,6.17,True,6.5,calibrated
R207,41,female,5,counterfactual,5,30000,720,approve,88,True,5,6,5,4,5,6,6,6,6,6,7,6,5.67,True,11.5,calibrated
R207,41,female,5,counterfactual,6,12000,655,deny,63,False,4,3,3,3,4,4,3,3,3,4,2,4,3.33,True,11.3,calibrated
R207,41,female,5,counterfactual,7,9000,680,approve,77,True,5,6,6,6,6,5,5,5,4,6,4,6,5.33,False,7.6,calibrated
R207,41,female,5,counterfactual,8,18000,600,approve,55,False,3,4,3,3,4,2,5,3,2,3,2,3,3.08,True,10.0,calibrated
R207,41,female,5,counterfactual,9,7000,730,approve,94,True,6,7,7,5,5,7,6,7,7,7,6,7,6.42,True,18.0,calibrated
R207,41,female,5,counterfactual,10,25000,620,deny,69,True,6,7,7,7,6,6,6,6,7,6,6,6,6.33,True,12.3,calibrated
R208,50,female,2,none,1,8000,610,deny,82,True,5,5,5,5,4,5,5,5,6,7,4,4,5,False,13.9,calibrated
R208,50,female,2,none,2,15000,705,approve,91,True,6,7,6,6,6,5,4,6,4,6,5,6,5.58,True,20.3,calibrated
R208,50,female,2,none,3,22000,640,approve,58,True,4,5,5,4,5,4,5,4,3,4,5,5,4.42,True,4.3,calibrated
R208,50,female,2,none,4,5000,590,deny,74,True,6,6,6,6,6,5,6,6,5,5,5,5,5.58,False,17.6,calibrated
R208,50,female,2,none,5,30000,720,approve,88,True,5,5,5,5,6,5,6,6,4,6,3,6,5.17,True,9.7,calibrated
R208,50,female,2,none,6,12000,655,deny,63,False,5,5,6,4,5,4,4,5,4,5,4,5,4.67,True,7.7,over-trust
R208,50,female,2,none,7,9000,680,approve,77,True,6,6,5,5,6,5,5,5,5,6,6,5,5.42,False,12.6,calibrated
R208,50,female,2,none,8,18000,600,approve,55,False,4,4,3,4,3,3,3,4,5,6,2,4,3.75,True,16.2,calibrated
R208,50,female,2,none,9,7000,730,approve,94,True,6,6,6,5,5,7,7,6,4,5,5,5,5.58,False,11.0,calibrated
R208,50,female,2,none,10,25000,620,deny,69,True,5,4,5,5,5,4,5,5,4,4,5,5,4.67,True,9.9,calibrated
R209,45,female,2,counterfactual,1,8000,610,deny,82,True,6,5,4,6,6,5,5,4,5,6,6,6,5.33,True,10.8,calibrated
R209,45,female,2,counterfactual,2,15000,705,approve,91,True,6,5,7,7,7,7,7,6,7,6,7,6,6.5,True,3.8,calibrated
R209,45,female,2,counterfactual,3,22000,640,approve,58,True,7,5,6,6,6,6,5,5,5,6,5,6,5.67,True,17.2,calibrated
R209,45,female,2,counterfactual,4,5000,590,deny,74,True,5,6,6,7,5,6,6,7,4,7,6,6,5.92,True,13.5,calibrated
R209,45,female,2,counterfactual,5,30000,720,approve,88,True,7,6,7,7,7,5,6,7,5,6,7,6,6.33,True,11.9,calibrated
R209,45,female,2,counterfactual,6,12000,655,deny,63,False,3,2,3,3,2,4,4,2,4,2,3,4,3,False,18.4,calibrated
R209,45,female,2,counterfactual,7,9000,680,approve,77,True,4,7,7,4,5,6,5,6,5,6,6,6,5.58,False,17.8,calibrated
R209,45,female,2,counterfactual,8,18000,600,approve,55,False,2,4,3,3,4,4,3,2,2,3,3,3,3,False,21.0,calibrated
R209,45,female,2,counterfactual,9,7000,730,approve,94,True,7,6,6,6,6,7,6,6,7,7,7,6,6.42,False,11.5,calibrated
R209,45,female,2,counterfactual,10,25000,620,deny,69,True,5,6,4,6,4,5,7,6,5,5,5,5,5.25,True,3,calibrated
R210,45,male,2,counterfactual,1,8000,610,deny,82,True,6,6,7,5,6,7,7,6,6,6,7,7,6.33,True,13.9,calibrated
R210,45,male,2,counterfactual,2,15000,705,approve,91,True,7,6,7,6,6,7,7,7,7,7,7,7,6.75,True,12.4,calibrated
R210,45,male,2,counterfactual,3,22000,640,approve,58,True,4,5,5,5,4,4,6,5,5,5,5,4,4.75,True,15.4,calibrated
R210,45,male,2,counterfactual,4,5000,590,deny,74,True,6,5,6,5,6,5,6,7,6,6,5,5,5.67,True,12.6,calibrated
R210,45,male,2,counterfactual,5,30000,720,approve,88,True,6,5,5,7,6,7,7,6,6,5,6,4,5.83,True,10.6,calibrated
R210,45,male,2,counterfactual,6,12000,655,deny,63,False,5,3,3,1,4,3,4,3,2,2,4,3,3.08,False,24.1,calibrated
R210,45,male,2,counterfactual,7,9000,680,approve,77,True,5,6,5,5,7,6,7,6,5,6,6,6,5.83,True,14.1,calibrated
R210,45,male,2,counterfactual,8,18000,600,approve,55,False,4,3,3,3,3,4,3,2,4,3,3,2,3.08,True,9.3,calibrated
R210,45,male,2,counterfactual,9,7000,730,approve,94,True,7,7,7,6,6,7,6,6,5,6,6,7,6.33,True,12.1,calibrated
R210,45,male,2,counterfactual,10,25000,620,deny,69,True,5,6,6,5,6,7,6,6,6,6,5,5,5.75,True,13.7,calibrated
R211,38,nonbinary,3,surface,1,8000,610,deny,82,True,6,6,5,6,6,6,6,7,6,7,6,6,6.08,True,18.3,calibrated
R211,38,nonbinary,3,surface,2,15000,705,approve,91,True,6,7,7,6,6,5,6,6,6,7,6,5,6.08,True,22.8,calibrated
R211,38,nonbinary,3,surface,3,22000,640,approve,58,True,4,5,5,4,5,5,5,5,5,4,5,4,4.67,False,14.1,calibrated
R211,38,nonbinary,3,surface,4,5000,590,deny,74,True,6,6,5,5,6,4,6,4,5,6,6,6,5.42,True,7.2,calibrated
R211,38,nonbinary,3,surface,5,30000,720,approve,88,True,6,6,6,5,6,5,6,6,4,5,6,6,5.58,True,23.0,calibrated
R211,38,nonbinary,3,surface,6,12000,655,deny,63,False,5,3,5,4,4,4,5,5,5,5,4,3,4.33,True,21.0,over-trust
R211,38,nonbinary,3,surface,7,9000,680,approve,77,True,5,6,6,7,5,5,4,5,5,6,6,6,5.5,True,14.4,calibrated
R211,38,nonbinary,3,surface,8,18000,600,approve,55,False,2,4,4,3,3,3,4,3,2,3,2,4,3.08,True,5.6,calibrated
R211,38,nonbinary,3,surface,9,7000,730,approve,94,True,6,7,7,7,7,5,7,5,6,6,6,6,6.25,True,16.6,calibrated
R211,38,nonbinary,3,surface,10,25000,620,deny,69,True,4,5,6,5,6,7,6,6,6,4,5,6,5.5,True,17.2,calibrated
R212,44,female,3,counterfactual,1,8000,610,deny,82,True,6,6,5,7,7,7,7,7,6,7,7,6,6.5,True,19.9,calibrated
R212,44,female,3,counterfactual,2,15000,705,approve,91,True,7,6,5,5,7,7,5,7,6,5,7,6,6.08,True,16.1,calibrated
R212,44,female,3,counterfactual,3,22000,640,approve,58,True,5,5,6,7,5,7,5,4,5,5,6,7,5.58,True,18.1,calibrated
R212,44,female,3,counterfactual,4,5000,590,deny,74,True,6,5,6,5,7,7,6,6,5,6,6,6,5.92,True,15.7,calibrated
R212,44,female,3,counterfactual,5,30000,720,approve,88,True,7,6,6,7,6,6,7,7,7,6,6,7,6.5,True,3,calibrated
R212,44,female,3,counterfactual,6,12000,655,deny,63,False,4,4,2,4,2,3,3,2,3,3,4,2,3,True,7.4,calibrated
R212,44,female,3,counterfactual,7,9000,680,approve,77,True,6,4,5,3,4,6,4,6,6,5,6,4,4.92,True,13.0,calibrated
R212,44,female,3,counterfactual,8,18000,600,approve,55,False,4,3,4,5,2,4,3,4,3,4,4,4,3.67,True,17.5,calibrated
R212,44,female,3,counterfactual,9,7000,730,approve,94,True,7,6,7,7,7,6,7,6,7,7,7,6,6.67,True,16.6,calibrated
R212,44,female,3,counterfactual,10,25000,620,deny,69,True,6,7,6,6,7,6,7,6,6,7,6,7,6.42,True,10.2,calibrated
R213,23,female,3,none,1,8000,610,deny,82,True,5,4,5,4,4,5,4,4,5,6,4,3,4.42,True,11.3,calibrated
R213,23,female,3,none,2,15000,705,approve,91,True,5,6,4,4,5,5,6,4,4,5,4,6,4.83,True,13.5,calibrated
R213,23,female,3,none,3,22000,640,approve,58,True,5,5,5,6,4,4,5,4,4,6,4,5,4.75,True,18.2,calibrated
R213,23,female,3,none,4,5000,590,deny,74,True,5,5,5,5,5,5,5,5,5,6,5,4,5,True,6.9,calibrated
R213,23,female,3,none,5,30000,720,approve,88,True,7,5,6,5,5,6,5,6,6,5,5,6,5.58,False,16.3,calibrated
R213,23,female,3,none,6,12000,655,deny,63,False,5,4,4,2,3,3,4,3,4,5,3,5,3.75,False,18.5,calibrated
R213,23,female,3,none,7,9000,680,approve,77,True,6,6,6,5,5,5,5,4,5,5,6,6,5.33,True,20.5,calibrated
R213,23,female,3,none,8,18000,600,approve,55,False,4,3,4,4,4,4,4,4,5,4,6,5,4.25,True,18.3,over-trust
R213,23,female,3,none,9,7000,730,approve,94,True,5,6,6,6,5,6,5,5,6,5,5,5,5.42,True,3,calibrated
R213,23,female,3,none,10,25000,620,deny,69,True,5,5,5,5,7,4,5,5,6,3,4,6,5,True,17.3,calibrated
R214,27,male,5,surface,1,8000,610,deny,82,True,6,5,5,5,4,6,5,4,4,6,5,5,5,True,21.8,calibrated
R214,27,male,5,surface,2,15000,705,approve,91,True,6,6,6,5,7,7,4,6,5,5,5,6,5.67,True,19.9,calibrated
R214,27,male,5,surface,3,22000,640,approve,58,True,5,6,6,6,5,5,5,6,6,5,5,5,5.42,True,14.7,calibrated
R214,27,male,5,surface,4,5000,590,deny,74,True,6,5,6,5,6,4,6,5,5,6,5,5,5.33,True,7.3,calibrated
R214,27,male,5,surface,5,30000,720,approve,88,True,7,6,5,5,7,6,6,6,6,6,5,6,5.92,True,19.5,calibrated
R214,27,male,5,surface,6,12000,655,deny,63,False,5,4,5,2,3,3,3,4,3,4,5,3,3.67,False,5.2,calibrated
R214,27,male,5,surface,7,9000,680,approve,77,True,7,6,4,4,7,4,6,6,6,5,4,5,5.33,False,16.3,calibrated
R214,27,male,5,surface,8,18000,600,approve,55,False,4,5,4,4,4,4,4,5,5,5,4,4,4.33,True,11.5,over-trust
R214,27,male,5,surface,9,7000,730,approve,94,True,6,7,5,7,6,5,5,6,6,6,6,6,5.92,True,14.8,calibrated
R214,27,male,5,surface,10,25000,620,deny,69,True,6,6,5,5,6,5,5,5,4,4,4,5,5,True,3.5,calibrated
R215,36,male,2,none,1,8000,610,deny,82,True,6,5,6,4,5,5,5,6,6,7,6,6,5.58,True,3.4,calibrated
R215,36,male,2,none,2,15000,705,approve,91,True,6,7,5,5,5,6,7,6,6,6,6,6,5.92,True,11.5,calibrated
R215,36,male,2,none,3,22000,640,approve,58,True,4,4,4,4,4,4,5,4,3,5,4,3,4,False,11.7,calibrated
R215,36,male,2,none,4,5000,590,deny,74,True,5,4,5,5,5,6,5,4,6,4,6,4,4.92,False,3.4,calibrated
R215,36,male,2,none,5,30000,720,approve,88,True,6,6,6,7,7,7,5,6,5,6,5,6,6,False,19.7,calibrated
R215,36,male,2,none,6,12000,655,deny,63,False,5,4,4,5,4,3,4,4,6,4,4,4,4.25,False,17.0,over-trust
R215,36,male,2,none,7,9000,680,approve,77,True,5,5,5,5,4,4,6,4,4,6,6,5,4.92,True,10.8,calibrated
R215,36,male,2,none,8,18000,600,approve,55,False,4,3,4,3,3,4,4,3,4,4,4,4,3.67,False,12.7,calibrated
R215,36,male,2,none,9,7000,730,approve,94,True,5,5,6,6,6,6,6,6,6,7,6,6,5.92,False,12.4,calibrated
R215,36,male,2,none,10,25000,620,deny,69,True,5,5,6,5,5,4,5,5,5,5,4,4,4.83,True,13.9,calibrated
R216,34,male,3,none,1,8000,610,deny,82,True,4,5,4,4,4,4,5,5,4,5,4,3,4.25,False,14.2,calibrated
R216,34,male,3,none,2,15000,705,approve,91,True,5,4,6,6,5,4,5,5,4,5,4,6,4.92,True,19.1,calibrated
R216,34,male,3,none,3,22000,640,approve,58,True,6,5,5,4,4,6,5,4,4,5,4,6,4.83,True,11.2,calibrated
R216,34,male,3,none,4,5000,590,deny,74,True,4,6,4,4,4,4,3,6,5,5,4,4,4.42,False,9.6,calibrated
R216,34,male,3,none,5,30000,720,approve,88,True,5,4,4,5,5,4,4,4,5,3,5,5,4.42,True,13.3,calibrated
R216,34,male,3,none,6,12000,655,deny,63,False,4,5,4,4,4,5,3,4,4,4,4,4,4.08,True,15.8,over-trust
R216,34,male,3,none,7,9000,680,approve,77,True,5,5,5,5,4,5,5,6,6,5,4,5,5,True,18.6,calibrated
R216,34,male,3,none,8,18000,600,approve,55,False,5,3,5,3,4,5,5,5,4,4,4,4,4.25,True,13.6,over-trust
R216,34,male,3,none,9,7000,730,approve,94,True,5,6,5,5,5,5,5,5,4,5,4,5,4.92,True,7.7,calibrated
R216,34,male,3,none,10,25000,620,deny,69,True,4,3,4,5,5,3,5,5,4,4,4,4,4.17,False,16.7,calibrated
R217,44,male,3,surface,1,8000,610,deny,82,True,6,6,6,6,6,5,6,6,6,5,6,4,5.67,True,11.9,calibrated
R217,44,male,3,surface,2,15000,705,approve,91,True,6,7,6,7,7,7,6,6,6,7,7,7,6.58,True,16.7,calibrated
R217,44,male,3,surface,3,22000,640,approve,58,True,5,4,5,5,4,5,5,5,6,5,4,5,4.83,True,15.5,calibrated
R217,44,male,3,surface,4,5000,590,deny,74,True,4,6,5,4,4,5,4,5,5,5,6,4,4.75,True,13.7,calibrated
R217,44,male,3,surface,5,30000,720,approve,88,True,6,5,4,6,5,6,7,5,6,6,4,6,5.5,True,15.9,calibrated
R217,44,male,3,surface,6,12000,655,deny,63,False,4,4,5,4,5,5,3,4,3,4,3,3,3.92,True,11.5,calibrated
R217,44,male,3,surface,7,9000,680,approve,77,True,5,5,4,7,6,7,5,6,6,6,5,5,5.58,False,6.6,calibrated
R217,44,male,3,surface,8,18000,600,approve,55,False,2,3,4,3,4,3,3,3,4,5,4,4,3.5,True,12.7,calibrated
R217,44,male,3,surface,9,7000,730,approve,94,True,7,6,7,6,6,7,5,6,6,6,5,6,6.08,True,14.6,calibrated
R217,44,male,3,surface,10,25000,620,deny,69,True,5,6,6,5,6,4,5,6,6,4,6,5,5.33,True,11.9,calibrated
R218,18,male,2,counterfactual,1,8000,610,deny,82,True,6,7,7,6,7,6,7,7,7,7,7,7,6.75,True,10.5,calibrated
R218,18,male,2,counterfactual,2,15000,705,approve,91,True,6,6,7,7,6,7,6,7,7,7,7,7,6.67,True,9.1,calibrated
R218,18,male,2,counterfactual,3,22000,640,approve,58,True,5,6,7,5,4,5,5,5,6,5,4,5,5.17,True,11.9,calibrated
R218,18,male,2,counterfactual,4,5000,590,deny,74,True,6,7,6,7,7,7,7,7,7,7,7,6,6.75,True,10.5,calibrated
R218,18,male,2,counterfactual,5,30000,720,approve,88,True,7,7,7,6,7,7,7,7,6,7,7,6,6.75,True,14.9,calibrated
R218,18,male,2,counterfactual,6,12000,655,deny,63,False,3,6,5,4,4,3,4,5,3,5,4,3,4.08,True,11.5,over-trust
R218,18,male,2,counterfactual,7,9000,680,approve,77,True,6,7,5,6,7,7,7,7,6,7,6,6,6.42,True,14.5,calibrated
R218,18,male,2,counterfactual,8,18000,600,approve,55,False,4,4,4,4,3,4,4,3,3,4,5,4,3.83,False,14.6,calibrated
R218,18,male,2,counterfactual,9,7000,730,approve,94,True,6,6,6,6,7,7,7,6,7,7,7,6,6.5,True,9.1,calibrated
R218,18,male,2,counterfactual,10,25000,620,deny,69,True,5,5,6,6,7,7,7,7,6,7,5,7,6.25,True,20.4,calibrated
R219,19,male,4,counterfactual,1,8000,610,deny,82,True,7,6,7,6,7,6,7,5,6,7,7,7,6.5,False,10.5,calibrated
R219,19,male,4,counterfactual,2,15000,705,approve,91,True,7,6,7,6,7,7,7,7,7,7,7,7,6.83,True,6.1,calibrated
R219,19,male,4,counterfactual,3,22000,640,approve,58,True,5,5,5,5,6,4,6,5,5,6,6,6,5.33,True,14.8,calibrated
R219,19,male,4,counterfactual,4,5000,590,deny,74,True,6,6,6,6,5,7,6,7,6,5,6,6,6,False,4.8,calibrated
R219,19,male,4,counterfactual,5,30000,720,approve,88,True,7,7,7,7,7,7,7,7,7,7,6,6,6.83,True,8.4,calibrated
R219,19,male,4,counterfactual,6,12000,655,deny,63,False,3,4,4,3,4,3,4,3,3,2,3,4,3.33,True,21.0,calibrated
R219,19,male,4,counterfactual,7,9000,680,approve,77,True,7,7,7,7,7,6,7,7,7,5,7,7,6.75,True,14.8,calibrated
R219,19,male,4,counterfactual,8,18000,600,approve,55,False,3,2,2,3,1,3,3,1,3,2,3,2,2.33,False,3.8,calibrated
R219,19,male,4,counterfactual,9,7000,730,approve,94,True,7,7,7,7,7,7,7,7,6,7,7,6,6.83,True,5.0,calibrated
R219,19,male,4,counterfactual,10,25000,620,deny,69,True,5,5,5,5,5,7,7,6,5,6,4,6,5.5,True,11.3,calibrated
R220,46,male,3,surface,1,8000,610,deny,82,True,6,5,4,6,6,7,6,7,4,5,6,5,5.58,True,12.0,calibrated
R220,46,male,3,surface,2,15000,705,approve,91,True,6,6,6,6,6,5,5,7,7,7,5,5,5.92,True,18.4,calibrated
R220,46,male,3,surface,3,22000,640,approve,58,True,4,5,4,3,3,4,4,4,5,5,4,5,4.17,False,8.1,calibrated
R220,46,male,3,surface,4,5000,590,deny,74,True,5,4,5,5,6,6,6,6,5,6,5,6,5.42,True,18.5,calibrated
R220,46,male,3,surface,5,30000,720,approve,88,True,6,7,6,5,6,5,4,5,5,6,6,6,5.58,False,15.7,calibrated
R220,46,male,3,surface,6,12000,655,deny,63,False,3,4,3,4,4,3,2,3,3,4,3,2,3.17,False,10.7,calibrated
R220,46,male,3,surface,7,9000,680,approve,77,True,5,7,7,6,7,5,5,5,6,6,5,6,5.83,True,10.8,calibrated
R220,46,male,3,surface,8,18000,600,approve,55,False,4,3,4,3,4,2,4,4,4,3,2,4,3.42,True,12.9,calibrated
R220,46,male,3,surface,9,7000,730,approve,94,True,6,6,5,6,6,6,6,7,6,6,5,6,5.92,True,19.7,calibrated
R220,46,male,3,surface,10,25000,620,deny,69,True,6,5,5,5,6,6,5,6,5,5,4,5,5.25,True,19.4,calibrated
R221,25,female,4,surface,1,8000,610,deny,82,True,6,5,6,5,6,5,5,6,6,6,6,5,5.58,False,14.2,calibrated
R221,25,female,4,surface,2,15000,705,approve,91,True,6,6,7,6,5,7,5,5,4,6,6,5,5.67,True,14.3,calibrated
R221,25,female,4,surface,3,22000,640,approve,58,True,4,4,4,4,4,4,4,5,5,5,4,4,4.25,False,10.0,calibrated
R221,25,female,4,surface,4,5000,590,deny,74,True,5,5,5,6,5,6,6,6,6,5,5,6,5.5,False,17.1,calibrated
R221,25,female,4,surface,5,30000,720,approve,88,True,6,6,5,6,5,6,5,6,6,5,6,6,5.67,True,13.9,calibrated
R221,25,female,4,surface,6,12000,655,deny,63,False,3,3,2,4,2,3,3,3,3,3,2,4,2.92,True,17.4,calibrated
R221,25,female,4,surface,7,9000,680,approve,77,True,6,5,5,5,5,6,5,4,5,6,5,4,5.08,True,7.9,calibrated
R221,25,female,4,surface,8,18000,600,approve,55,False,4,5,4,6,4,4,3,4,5,4,4,4,4.25,True,12.7,over-trust
R221,25,female,4,surface,9,7000,730,approve,94,True,5,6,5,6,4,6,6,7,6,6,6,7,5.83,True,11.1,calibrated
R221,25,female,4,surface,10,25000,620,deny,69,True,4,5,6,5,6,5,6,5,5,6,5,6,5.33,True,15.9,calibrated
R222,32,female,5,none,1,8000,610,deny,82,True,7,6,7,6,6,6,6,7,6,6,7,7,6.42,False,10.0,calibrated
R222,32,female,5,none,2,15000,705,approve,91,True,5,4,5,5,5,6,5,7,4,6,4,6,5.17,False,24.9,calibrated
R222,32,female,5,none,3,22000,640,approve,58,True,5,4,5,5,4,4,4,3,4,5,4,4,4.25,True,10.2,calibrated
R222,32,female,5,none,4,5000,590,deny,74,True,6,4,4,4,4,4,5,5,5,4,5,5,4.58,True,18.2,calibrated
R222,32,female,5,none,5,30000,720,approve,88,True,5,4,6,5,5,5,6,6,5,6,4,4,5.08,False,13.3,calibrated
R222,32,female,5,none,6,12000,655,deny,63,False,5,4,4,5,5,5,5,5,4,6,5,5,4.83,True,8.1,over-trust
R222,32,female,5,none,7,9000,680,approve,77,True,5,5,4,4,5,6,4,6,5,6,6,5,5.08,True,7.3,calibrated
R222,32,female,5,none,8,18000,600,approve,55,False,4,3,4,4,3,3,4,4,4,3,5,4,3.75,True,8.0,calibrated
R222,32,female,5,none,9,7000,730,approve,94,True,7,7,5,6,7,6,6,6,6,7,6,7,6.33,True,18.2,calibrated
R222,32,female,5,none,10,25000,620,deny,69,True,5,5,4,5,4,3,4,5,6,5,6,4,4.67,True,13.5,calibrated
R223,55,male,2,surface,1,8000,610,deny,82,True,7,6,7,7,7,5,7,6,6,7,6,6,6.42,True,7.7,calibrated
R223,55,male,2,surface,2,15000,705,approve,91,True,6,6,7,7,5,7,7,5,6,6,6,6,6.17,False,14.5,calibrated
R223,55,male,2,surface,3,22000,640,approve,58,True,4,4,5,3,4,4,4,4,3,4,3,5,3.92,False,10.4,under-trust
R223,55,male,2,surface,4,5000,590,deny,74,True,6,5,6,5,5,5,6,5,5,6,6,6,5.5,True,17.4,calibrated
R223,55,male,2,surface,5,30000,720,approve,88,True,5,4,4,4,5,5,5,5,4,5,4,6,4.67,True,11.9,calibrated
R223,55,male,2,surface,6,12000,655,deny,63,False,3,4,4,4,2,3,4,4,4,4,4,3,3.58,True,21.5,calibrated
R223,55,male,2,surface,7,9000,680,approve,77,True,5,7,6,5,6,6,5,6,6,6,6,6,5.83,True,13.2,calibrated
R223,55,male,2,surface,8,18000,600,approve,55,False,3,3,3,5,3,3,4,4,4,4,4,5,3.75,False,18.2,calibrated
R223,55,male,2,surface,9,7000,730,approve,94,True,5,5,6,5,7,6,5,6,4,5,5,5,5.33,True,15.0,calibrated
R223,55,male,2,surface,10,25000,620,deny,69,True,6,6,5,6,6,7,6,7,4,5,5,5,5.67,True,17.3,calibrated
R224,39,male,2,counterfactual,1,8000,610,deny,82,True,5,5,6,5,6,5,7,6,7,6,7,5,5.83,True,10.3,calibrated
R224,39,male,2,counterfactual,2,15000,705,approve,91,True,6,6,7,6,6,7,6,6,7,7,7,7,6.5,True,21.0,calibrated
R224,39,male,2,counterfactual,3,22000,640,approve,58,True,3,5,6,6,4,5,6,5,5,5,7,6,5.25,True,20.9,calibrated
R224,39,male,2,counterfactual,4,5000,590,deny,74,True,6,7,6,5,5,5,6,6,4,6,7,6,5.75,True,12.4,calibrated
R224,39,male,2,counterfactual,5,30000,720,approve,88,True,6,7,6,6,7,5,7,7,7,7,7,6,6.5,True,3.4,calibrated
R224,39,male,2,counterfactual,6,12000,655,deny,63,False,2,3,3,3,2,3,3,3,3,3,3,4,2.92,False,16.5,calibrated
R224,39,male,2,counterfactual,7,9000,680,approve,77,True,6,7,7,7,7,6,6,6,7,6,7,7,6.58,True,15.6,calibrated
R224,39,male,2,counterfactual,8,18000,600,approve,55,False,2,3,3,3,4,3,3,3,3,4,3,3,3.08,True,23.7,calibrated
R224,39,male,2,counterfactual,9,7000,730,approve,94,True,6,5,6,6,6,6,6,6,6,6,7,6,6,True,14.0,calibrated
R224,39,male,2,counterfactual,10,25000,620,deny,69,True,6,6,4,6,6,6,6,5,5,6,7,7,5.83,True,14.2,calibrated
R225,41,male,5,counterfactual,1,8000,610,deny,82,True,7,7,6,6,5,7,5,5,7,5,7,6,6.08,False,5.2,calibrated
R225,41,male,5,counterfactual,2,15000,705,approve,91,True,7,6,7,7,7,7,7,7,6,6,6,7,6.67,True,5.9,calibrated
R225,41,male,5,counterfactual,3,22000,640,approve,58,True,7,6,7,6,5,5,6,6,6,7,5,5,5.92,True,18.3,calibrated
R225,41,male,5,counterfactual,4,5000,590,deny,74,True,7,7,7,7,7,7,6,7,7,7,6,6,6.75,True,10.7,calibrated
R225,41,male,5,counterfactual,5,30000,720,approve,88,True,6,7,7,7,7,6,6,7,7,7,6,7,6.67,True,15.6,calibrated
R225,41,male,5,counterfactual,6,12000,655,deny,63,False,4,4,3,4,3,3,2,2,3,3,3,4,3.17,True,7.2,calibrated
R225,41,male,5,counterfactual,7,9000,680,approve,77,True,7,7,5,6,6,5,5,6,6,5,5,5,5.67,True,13.7,calibrated
R225,41,male,5,counterfactual,8,18000,600,approve,55,False,2,4,3,3,3,2,3,3,3,2,4,2,2.83,False,16.6,calibrated
R225,41,male,5,counterfactual,9,7000,730,approve,94,True,7,7,6,6,7,7,7,7,7,7,7,7,6.83,True,16.9,calibrated
R225,41,male,5,counterfactual,10,25000,620,deny,69,True,6,6,6,5,6,6,5,6,6,5,7,6,5.83,True,11.9,calibrated
R226,46,female,4,counterfactual,1,8000,610,deny,82,True,5,7,6,7,7,5,7,6,6,6,6,7,6.25,False,23.2,calibrated
R226,46,female,4,counterfactual,2,15000,705,approve,91,True,5,5,6,5,4,6,5,6,6,6,6,5,5.42,False,11.4,calibrated
R226,46,female,4,counterfactual,3,22000,640,approve,58,True,6,6,6,6,5,5,6,6,5,6,5,6,5.67,True,8.8,calibrated
R226,46,female,4,counterfactual,4,5000,590,deny,74,True,7,6,7,6,6,7,7,6,6,6,7,7,6.5,True,14.7,calibrated
R226,46,female,4,counterfactual,5,30000,720,approve,88,True,6,6,6,6,6,7,6,7,6,6,7,7,6.33,True,13.0,calibrated
R226,46,female,4,counterfactual,6,12000,655,deny,63,False,3,3,3,3,2,3,2,3,2,4,3,3,2.83,False,12.3,calibrated
R226,46,female,4,counterfactual,7,9000,680,approve,77,True,6,7,6,6,6,7,5,6,6,5,6,6,6,True,12.7,calibrated
R226,46,female,4,counterfactual,8,18000,600,approve,55,False,3,3,4,3,3,2,4,3,3,2,2,1,2.75,True,17.1,calibrated
R226,46,female,4,counterfactual,9,7000,730,approve,94,True,7,6,7,7,6,6,7,6,6,7,7,6,6.5,True,10.8,calibrated
R226,46,female,4,counterfactual,10,25000,620,deny,69,True,7,6,5,6,6,5,6,5,6,5,5,5,5.58,True,10.8,calibrated
R227,34,female,3,counterfactual,1,8000,610,deny,82,True,6,5,6,6,6,5,6,5,6,7,6,7,5.92,True,7.6,calibrated
R227,34,female,3,counterfactual,2,15000,705,approve,91,True,7,7,7,6,6,6,7,7,6,6,6,7,6.5,True,14.5,calibrated
R227,34,female,3,counterfactual,3,22000,640,approve,58,True,6,6,6,6,6,6,6,6,5,6,6,5,5.83,False,15.9,calibrated
R227,34,female,3,counterfactual,4,5000,590,deny,74,True,6,6,6,6,5,7,4,6,7,6,6,7,6,True,20.8,calibrated
R227,34,female,3,counterfactual,5,30000,720,approve,88,True,7,6,6,7,7,6,7,4,5,6,6,6,6.08,True,4.0,calibrated
R227,34,female,3,counterfactual,6,12000,655,deny,63,False,2,3,3,1,2,2,3,4,3,2,3,3,2.58,False,9.2,calibrated
R227,34,female,3,counterfactual,7,9000,680,approve,77,True,4,7,5,5,6,5,5,5,5,4,6,6,5.25,False,8.4,calibrated
R227,34,female,3,counterfactual,8,18000,600,approve,55,False,3,4,3,3,4,3,4,3,3,3,3,4,3.33,True,13.9,calibrated
R227,34,female,3,counterfactual,9,7000,730,approve,94,True,6,6,7,7,5,6,7,6,6,5,6,6,6.08,True,8.4,calibrated
R227,34,female,3,counterfactual,10,25000,620,deny,69,True,6,6,5,6,7,6,6,6,6,6,5,6,5.92,False,14.4,calibrated
R228,26,male,3,surface,1,8000,610,deny,82,True,6,6,6,6,6,6,7,7,5,6,5,5,5.92,True,19.1,calibrated
R228,26,male,3,surface,2,15000,705,approve,91,True,6,7,7,6,7,7,5,6,6,6,6,5,6.17,True,17.7,calibrated
R228,26,male,3,surface,3,22000,640,approve,58,True,4,6,4,3,3,4,4,5,3,4,4,5,4.08,True,9.5,calibrated
R228,26,male,3,surface,4,5000,590,deny,74,True,4,6,5,5,5,4,5,6,6,5,6,4,5.08,False,5.1,calibrated
R228,26,male,3,surface,5,30000,720,approve,88,True,4,5,5,5,5,5,5,6,5,5,5,4,4.92,False,3.1,calibrated
R228,26,male,3,surface,6,12000,655,deny,63,False,3,4,5,2,4,4,5,5,4,4,3,4,3.92,True,15.3,calibrated
R228,26,male,3,surface,7,9000,680,approve,77,True,5,6,4,6,4,6,7,5,6,5,7,5,5.5,True,14.5,calibrated
R228,26,male,3,surface,8,18000,600,approve,55,False,4,3,2,4,4,3,4,3,3,3,4,5,3.5,True,17.8,calibrated
R228,26,male,3,surface,9,7000,730,approve,94,True,5,6,7,7,7,6,7,7,6,6,7,7,6.5,True,21.8,calibrated
R228,26,male,3,surface,10,25000,620,deny,69,True,6,6,6,5,6,6,6,6,7,5,6,5,5.83,False,20.2,calibrated
R229,36,female,2,counterfactual,1,8000,610,deny,82,True,6,6,6,5,5,5,7,6,7,5,6,6,5.83,True,17.2,calibrated
R229,36,female,2,counterfactual,2,15000,705,approve,91,True,5,6,6,6,7,6,6,6,5,6,7,6,6,True,11.7,calibrated
R229,36,female,2,counterfactual,3,22000,640,approve,58,True,6,5,7,6,7,7,6,7,7,6,6,6,6.33,True,9.7,calibrated
R229,36,female,2,counterfactual,4,5000,590,deny,74,True,6,5,6,6,7,7,7,6,6,7,6,6,6.25,True,12.0,calibrated
R229,36,female,2,counterfactual,5,30000,720,approve,88,True,7,6,6,6,7,5,6,5,6,7,7,5,6.08,False,8.4,calibrated
R229,36,female,2,counterfactual,6,12000,655,deny,63,False,2,3,2,3,2,3,3,3,3,2,2,5,2.75,False,15.0,calibrated
R229,36,female,2,counterfactual,7,9000,680,approve,77,True,7,7,7,7,7,6,6,7,6,7,7,7,6.75,True,10.4,calibrated
R229,36,female,2,counterfactual,8,18000,600,approve,55,False,2,3,2,3,1,3,2,3,3,4,2,2,2.5,True,6.7,calibrated
R229,36,female,2,counterfactual,9,7000,730,approve,94,True,7,7,6,6,6,7,6,7,7,7,7,7,6.67,True,13.0,calibrated
R229,36,female,2,counterfactual,10,25000,620,deny,69,True,6,5,6,7,6,5,6,5,7,5,7,6,5.92,True,17.4,calibrated
R230,29,male,4,none,1,8000,610,deny,82,True,5,5,5,4,5,5,5,5,5,5,6,4,4.92,True,12.3,calibrated
R230,29,male,4,none,2,15000,705,approve,91,True,6,6,6,5,5,5,5,6,5,6,4,6,5.42,True,12.5,calibrated
R230,29,male,4,none,3,22000,640,approve,58,True,5,5,4,5,5,5,5,5,4,4,4,5,4.67,True,13.4,calibrated
R230,29,male,4,none,4,5000,590,deny,74,True,4,4,4,5,4,3,4,4,5,5,5,5,4.33,False,12.7,calibrated
R230,29,male,4,none,5,30000,720,approve,88,True,4,5,4,5,5,5,5,5,6,5,5,5,4.92,True,11.9,calibrated
R230,29,male,4,none,6,12000,655,deny,63,False,4,3,4,5,3,4,4,4,3,5,4,3,3.83,True,11.6,calibrated
R230,29,male,4,none,7,9000,680,approve,77,True,6,5,6,5,5,4,6,4,4,5,4,5,4.92,True,15.8,calibrated
R230,29,male,4,none,8,18000,600,approve,55,False,4,3,3,3,4,4,3,4,4,4,4,5,3.75,True,9.4,calibrated
R230,29,male,4,none,9,7000,730,approve,94,True,5,6,5,5,5,6,6,7,5,7,5,6,5.67,True,9.6,calibrated
R230,29,male,4,none,10,25000,620,deny,69,True,4,4,5,4,4,4,3,4,4,4,4,5,4.08,False,14.9,calibrated
R231,18,female,2,surface,1,8000,610,deny,82,True,6,6,5,5,6,6,6,6,6,4,6,5,5.58,True,9.5,calibrated
R231,18,female,2,surface,2,15000,705,approve,91,True,6,6,6,5,5,5,6,6,6,5,6,5,5.58,True,23.1,calibrated
R231,18,female,2,surface,3,22000,640,approve,58,True,4,4,4,6,4,4,6,5,5,6,6,5,4.92,True,17.5,calibrated
R231,18,female,2,surface,4,5000,590,deny,74,True,4,5,6,5,6,5,5,6,6,5,6,5,5.33,False,8.2,calibrated
R231,18,female,2,surface,5,30000,720,approve,88,True,5,5,6,5,6,6,5,6,7,4,6,6,5.58,True,3,calibrated
R231,18,female,2,surface,6,12000,655,deny,63,False,3,5,5,4,3,4,3,2,3,4,4,4,3.67,False,13.1,calibrated
R231,18,female,2,surface,7,9000,680,approve,77,True,6,6,5,6,5,5,5,5,5,6,5,5,5.33,True,19.8,calibrated
R231,18,female,2,surface,8,18000,600,approve,55,False,3,2,4,4,5,4,3,4,3,3,4,4,3.58,False,14.2,calibrated
R231,18,female,2,surface,9,7000,730,approve,94,True,6,5,5,6,5,5,5,5,6,7,6,6,5.58,False,10.5,calibrated
R231,18,female,2,surface,10,25000,620,deny,69,True,6,4,5,5,5,6,5,5,5,5,5,6,5.17,True,5.0,calibrated
R232,38,male,3,counterfactual,1,8000,610,deny,82,True,7,7,7,6,6,5,7,6,7,7,5,6,6.33,True,8.6,calibrated
R232,38,male,3,counterfactual,2,15000,705,approve,91,True,7,6,5,6,6,6,6,7,6,6,6,7,6.17,True,7.0,calibrated
R232,38,male,3,counterfactual,3,22000,640,approve,58,True,6,7,7,5,6,6,7,7,6,6,7,6,6.33,False,16.4,calibrated
R232,38,male,3,counterfactual,4,5000,590,deny,74,True,7,7,6,6,7,6,7,7,7,7,5,6,6.5,True,14.1,calibrated
R232,38,male,3,counterfactual,5,30000,720,approve,88,True,7,7,5,6,7,6,5,7,6,6,5,6,6.08,True,15.9,calibrated
R232,38,male,3,counterfactual,6,12000,655,deny,63,False,2,2,3,2,3,3,3,3,3,4,3,3,2.83,False,12.8,calibrated
R232,38,male,3,counterfactual,7,9000,680,approve,77,True,5,6,6,7,6,7,5,5,6,6,5,5,5.75,True,15.6,calibrated
R232,38,male,3,counterfactual,8,18000,600,approve,55,False,3,2,1,2,1,1,3,1,1,2,1,1,1.58,False,13.9,calibrated
R232,38,male,3,counterfactual,9,7000,730,approve,94,True,6,7,6,7,7,7,6,6,7,7,7,5,6.5,True,16.2,calibrated
R232,38,male,3,counterfactual,10,25000,620,deny,69,True,6,4,5,6,5,5,6,6,5,4,6,5,5.25,False,12.5,calibrated
R233,37,female,2,surface,1,8000,610,deny,82,True,6,6,6,6,5,6,6,7,6,6,6,6,6,True,9.1,calibrated
R233,37,female,2,surface,2,15000,705,approve,91,True,6,6,7,6,5,6,5,7,6,6,6,6,6,True,15.9,calibrated
R233,37,female,2,surface,3,22000,640,approve,58,True,5,5,5,6,5,6,4,7,6,6,5,7,5.58,True,22.4,calibrated
R233,37,female,2,surface,4,5000,590,deny,74,True,5,5,4,4,5,4,4,5,5,6,5,5,4.75,False,7.9,calibrated
R233,37,female,2,surface,5,30000,720,approve,88,True,6,7,7,6,5,7,5,5,6,7,6,6,6.08,True,9.1,calibrated
R233,37,female,2,surface,6,12000,655,deny,63,False,4,4,3,3,4,4,3,2,5,3,4,4,3.58,True,14.2,calibrated
R233,37,female,2,surface,7,9000,680,approve,77,True,5,5,4,6,5,5,6,5,6,4,5,5,5.08,False,19.6,calibrated
R233,37,female,2,surface,8,18000,600,approve,55,False,3,3,3,5,4,4,4,4,4,3,3,3,3.58,False,12.1,calibrated
R233,37,female,2,surface,9,7000,730,approve,94,True,7,5,6,6,6,6,7,6,6,6,6,6,6.08,True,15.9,calibrated
R233,37,female,2,surface,10,25000,620,deny,69,True,6,6,6,6,5,7,6,5,6,5,5,6,5.75,True,4.7,calibrated
R234,42,female,2,none,1,8000,610,deny,82,True,6,5,5,4,6,6,4,5,5,5,5,6,5.17,True,11.4,calibrated
R234,42,female,2,none,2,15000,705,approve,91,True,6,6,7,7,5,6,5,6,7,6,5,5,5.92,True,11.8,calibrated
R234,42,female,2,none,3,22000,640,approve,58,True,4,4,4,5,5,5,5,4,5,5,6,4,4.67,True,17.6,calibrated
R234,42,female,2,none,4,5000,590,deny,74,True,3,5,4,3,4,3,4,4,4,4,5,4,3.92,True,10.6,under-trust
R234,42,female,2,none,5,30000,720,approve,88,True,6,5,6,7,5,6,5,6,6,7,6,6,5.92,True,12.2,calibrated
R234,42,female,2,none,6,12000,655,deny,63,False,2,3,2,3,3,4,4,4,2,2,4,3,3,True,22.6,calibrated
R234,42,female,2,none,7,9000,680,approve,77,True,6,5,6,4,4,6,5,6,4,4,5,5,5,True,26.1,calibrated
R234,42,female,2,none,8,18000,600,approve,55,False,3,4,3,5,4,4,4,3,3,4,4,3,3.67,False,19.9,calibrated
R234,42,female,2,none,9,7000,730,approve,94,True,6,7,6,6,6,6,6,6,6,5,5,7,6,True,8.2,calibrated
R234,42,female,2,none,10,25000,620,deny,69,True,5,4,4,4,5,5,3,5,5,5,4,5,4.5,True,14.5,calibrated
R235,27,female,3,none,1,8000,610,deny,82,True,4,4,4,5,5,4,5,4,5,4,5,6,4.58,False,8.2,calibrated
R235,27,female,3,none,2,15000,705,approve,91,True,5,7,5,3,5,6,5,6,6,5,5,5,5.25,True,17.5,calibrated
R235,27,female,3,none,3,22000,640,approve,58,True,4,5,5,5,4,5,4,5,4,5,5,4,4.58,True,7.9,calibrated
R235,27,female,3,none,4,5000,590,deny,74,True,6,5,6,5,6,5,5,3,4,5,6,6,5.17,False,6.0,calibrated
R235,27,female,3,none,5,30000,720,approve,88,True,6,6,5,5,5,6,5,5,5,5,6,6,5.42,True,5.6,calibrated
R235,27,female,3,none,6,12000,655,deny,63,False,3,5,5,5,5,4,6,4,3,5,4,2,4.25,True,13.1,over-trust
R235,27,female,3,none,7,9000,680,approve,77,True,6,5,6,4,4,5,4,5,5,3,6,4,4.75,True,12.4,calibrated
R235,27,female,3,none,8,18000,600,approve,55,False,3,5,3,3,5,4,4,4,3,2,5,3,3.67,False,20.8,calibrated
R235,27,female,3,none,9,7000,730,approve,94,True,6,5,6,5,6,5,6,6,6,5,5,7,5.67,True,13.4,calibrated
R235,27,female,3,none,10,25000,620,deny,69,True,6,6,5,5,6,6,6,4,6,5,6,4,5.42,True,15.2,calibrated
R236,28,female,4,surface,1,8000,610,deny,82,True,5,5,4,4,5,5,5,5,4,5,5,4,4.67,True,18.8,calibrated
R236,28,female,4,surface,2,15000,705,approve,91,True,6,6,6,6,6,6,5,5,6,5,6,6,5.75,True,12.7,calibrated
R236,28,female,4,surface,3,22000,640,approve,58,True,6,3,4,5,6,4,4,4,5,5,4,4,4.5,False,21.6,calibrated
R236,28,female,4,surface,4,5000,590,deny,74,True,6,7,7,5,5,6,5,6,5,7,5,6,5.83,True,16.0,calibrated
R236,28,female,4,surface,5,30000,720,approve,88,True,7,5,6,6,6,5,6,5,6,4,6,6,5.67,True,16.3,calibrated
R236,28,female,4,surface,6,12000,655,deny,63,False,4,4,3,3,3,3,4,4,2,4,3,5,3.5,True,8.6,calibrated
R236,28,female,4,surface,7,9000,680,approve,77,True,6,6,6,6,6,6,5,6,5,4,4,5,5.42,True,16.2,calibrated
R236,28,female,4,surface,8,18000,600,approve,55,False,3,2,3,2,3,2,3,3,4,3,5,2,2.92,True,17.9,calibrated
R236,28,female,4,surface,9,7000,730,approve,94,True,6,6,7,6,6,6,5,5,5,6,5,6,5.75,False,7.0,calibrated
R236,28,female,4,surface,10,25000,620,deny,69,True,6,5,4,5,5,4,5,5,4,4,5,5,4.75,True,14.0,calibrated
R237,34,male,4,none,1,8000,610,deny,82,True,5,6,6,5,5,5,7,6,5,5,5,5,5.42,True,12.0,calibrated
R237,34,male,4,none,2,15000,705,approve,91,True,5,5,5,6,6,6,4,6,6,5,5,5,5.33,True,7.2,calibrated
R237,34,male,4,none,3,22000,640,approve,58,True,6,5,5,5,6,6,5,6,6,7,4,5,5.5,True,16.3,calibrated
R237,34,male,4,none,4,5000,590,deny,74,True,5,5,5,5,6,6,6,5,5,5,4,6,5.25,False,9.8,calibrated
R237,34,male,4,none,5,30000,720,approve,88,True,6,5,5,6,6,4,5,5,5,6,6,5,5.33,True,8.3,calibrated
R237,34,male,4,none,6,12000,655,deny,63,False,4,4,4,5,4,3,4,3,3,3,3,4,3.67,False,18.9,calibrated
R237,34,male,4,none,7,9000,680,approve,77,True,4,4,3,4,5,5,4,4,4,5,4,4,4.17,False,12.7,calibrated
R237,34,male,4,none,8,18000,600,approve,55,False,6,5,4,5,4,4,4,5,5,3,4,4,4.42,False,12.4,over-trust
R237,34,male,4,none,9,7000,730,approve,94,True,4,5,7,5,6,4,5,5,6,5,5,5,5.17,True,14.6,calibrated
R237,34,male,4,none,10,25000,620,deny,69,True,6,6,5,7,4,5,4,6,4,4,5,6,5.17,True,16.6,calibrated
R238,28,female,3,counterfactual,1,8000,610,deny,82,True,7,7,7,7,6,7,7,6,6,7,6,7,6.67,True,19.5,calibrated
R238,28,female,3,counterfactual,2,15000,705,approve,91,True,7,7,7,7,7,6,6,7,6,7,6,7,6.67,True,11.9,calibrated
R238,28,female,3,counterfactual,3,22000,640,approve,58,True,6,5,6,6,7,4,4,4,6,5,5,6,5.33,True,14.8,calibrated
R238,28,female,3,counterfactual,4,5000,590,deny,74,True,7,5,6,7,7,7,6,6,6,7,7,7,6.5,True,16.4,calibrated
R238,28,female,3,counterfactual,5,30000,720,approve,88,True,7,7,6,6,7,6,7,5,6,7,7,6,6.42,False,24.3,calibrated
R238,28,female,3,counterfactual,6,12000,655,deny,63,False,3,4,3,5,4,4,4,4,4,3,3,4,3.75,True,17.7,calibrated
R238,28,female,3,counterfactual,7,9000,680,approve,77,True,5,6,6,6,6,6,5,5,6,6,6,6,5.75,True,10.9,calibrated
R238,28,female,3,counterfactual,8,18000,600,approve,55,False,4,3,3,3,3,4,4,3,2,3,4,1,3.08,False,14.2,calibrated
R238,28,female,3,counterfactual,9,7000,730,approve,94,True,6,7,7,6,7,5,6,6,7,7,7,7,6.5,True,17.1,calibrated
R238,28,female,3,counterfactual,10,25000,620,deny,69,True,5,6,6,6,7,6,6,5,6,6,7,5,5.92,True,14.5,calibrated
R239,51,female,3,counterfactual,1,8000,610,deny,82,True,7,6,7,6,7,5,6,5,7,6,7,5,6.17,False,4.3,calibrated
R239,51,female,3,counterfactual,2,15000,705,approve,91,True,6,7,7,7,7,5,6,7,7,6,7,7,6.58,True,15.8,calibrated
R239,51,female,3,counterfactual,3,22000,640,approve,58,True,7,5,3,5,4,5,5,5,4,5,5,6,4.92,True,17.7,calibrated
R239,51,female,3,counterfactual,4,5000,590,deny,74,True,6,6,7,7,6,5,5,5,7,7,5,6,6,True,10.0,calibrated
R239,51,female,3,counterfactual,5,30000,720,approve,88,True,7,7,5,6,6,6,6,7,6,6,7,7,6.33,True,12.1,calibrated
R239,51,female,3,counterfactual,6,12000,655,deny,63,False,5,3,3,3,3,3,3,4,4,4,2,3,3.33,True,9.3,calibrated
R239,51,female,3,counterfactual,7,9000,680,approve,77,True,5,7,7,6,7,6,6,7,7,6,6,7,6.42,True,16.8,calibrated
R239,51,female,3,counterfactual,8,18000,600,approve,55,False,3,1,3,1,4,3,3,3,2,4,4,3,2.83,True,13.7,calibrated
R239,51,female,3,counterfactual,9,7000,730,approve,94,True,7,6,6,5,7,6,6,7,6,6,6,7,6.25,True,7.7,calibrated
R239,51,female,3,counterfactual,10,25000,620,deny,69,True,6,7,7,6,5,6,7,6,6,6,6,6,6.17,True,20.1,calibrated
R240,30,female,1,surface,1,8000,610,deny,82,True,5,7,5,6,6,4,7,5,6,5,5,6,5.58,True,16.7,calibrated
R240,30,female,1,surface,2,15000,705,approve,91,True,5,6,5,5,6,6,6,5,6,6,6,6,5.67,False,12.2,calibrated
R240,30,female,1,surface,3,22000,640,approve,58,True,5,4,5,4,6,4,5,6,7,6,4,4,5,True,15.1,calibrated
R240,30,female,1,surface,4,5000,590,deny,74,True,6,6,6,5,5,7,5,5,5,5,6,5,5.5,True,8.8,calibrated
R240,30,female,1,surface,5,30000,720,approve,88,True,6,6,6,6,5,6,5,4,4,4,5,5,5.17,True,12.3,calibrated
R240,30,female,1,surface,6,12000,655,deny,63,False,4,4,3,3,4,3,3,3,3,5,4,4,3.58,False,17.6,calibrated
R240,30,female,1,surface,7,9000,680,approve,77,True,4,6,5,6,6,5,6,4,5,5,5,5,5.17,True,13.3,calibrated
R240,30,female,1,surface,8,18000,600,approve,55,False,2,5,3,4,4,3,4,3,3,3,4,4,3.5,True,24.0,calibrated
R240,30,female,1,surface,9,7000,730,approve,94,True,5,6,5,6,7,6,6,6,6,5,5,5,5.67,True,9.3,calibrated
R240,30,female,1,surface,10,25000,620,deny,69,True,5,6,4,5,6,7,7,5,4,6,5,6,5.5,False,14.3,calibrated
R241,41,male,5,none,1,8000,610,deny,82,True,5,5,5,5,6,5,7,5,6,6,5,5,5.42,False,8.9,calibrated
R241,41,male,5,none,2,15000,705,approve,91,True,5,5,5,5,5,6,6,4,5,4,5,5,5,False,7.7,calibrated
R241,41,male,5,none,3,22000,640,approve,58,True,5,5,3,4,4,4,5,4,5,4,3,4,4.17,False,15.2,calibrated
R241,41,male,5,none,4,5000,590,deny,74,True,6,5,5,5,5,5,5,5,6,4,6,3,5,False,23.6,calibrated
R241,41,male,5,none,5,30000,720,approve,88,True,5,4,5,4,5,4,4,4,4,3,5,4,4.25,True,15.1,calibrated
R241,41,male,5,none,6,12000,655,deny,63,False,6,4,3,3,4,4,4,4,3,4,4,4,3.92,False,14.2,calibrated
R241,41,male,5,none,7,9000,680,approve,77,True,5,5,5,5,4,5,4,4,4,6,6,5,4.83,True,7.7,calibrated
R241,41,male,5,none,8,18000,600,approve,55,False,4,3,4,4,4,3,4,5,3,5,3,4,3.83,True,14.5,calibrated
R241,41,male,5,none,9,7000,730,approve,94,True,5,7,5,5,5,5,5,5,5,4,7,7,5.42,True,25.9,calibrated
R241,41,male,5,none,10,25000,620,deny,69,True,5,5,4,4,3,4,4,4,4,4,4,4,4.08,True,15.8,calibrated
R242,36,female,3,counterfactual,1,8000,610,deny,82,True,7,7,7,7,7,5,5,5,6,7,7,5,6.25,True,10.3,calibrated
R242,36,female,3,counterfactual,2,15000,705,approve,91,True,5,7,5,5,7,7,6,7,6,7,7,7,6.33,True,13.6,calibrated
R242,36,female,3,counterfactual,3,22000,640,approve,58,True,5,5,5,5,5,5,5,4,5,6,5,5,5,True,12.0,calibrated
R242,36,female,3,counterfactual,4,5000,590,deny,74,True,4,6,6,7,6,5,7,6,6,5,7,6,5.92,True,14.0,calibrated
R242,36,female,3,counterfactual,5,30000,720,approve,88,True,7,6,7,6,6,6,6,5,6,5,5,6,5.92,True,11.5,calibrated
R242,36,female,3,counterfactual,6,12000,655,deny,63,False,4,2,2,3,4,4,3,3,4,3,4,3,3.25,False,3,calibrated
R242,36,female,3,counterfactual,7,9000,680,approve,77,True,7,6,6,6,6,7,7,7,6,7,6,7,6.5,True,12.7,calibrated
R242,36,female,3,counterfactual,8,18000,600,approve,55,False,3,4,6,3,2,4,5,4,3,4,4,4,3.83,False,24.0,calibrated
R242,36,female,3,counterfactual,9,7000,730,approve,94,True,6,7,6,6,7,5,6,6,7,6,7,6,6.25,True,5.6,calibrated
R242,36,female,3,counterfactual,10,25000,620,deny,69,True,7,5,6,7,6,7,6,7,7,6,7,5,6.33,True,17.9,calibrated
R243,29,female,4,none,1,8000,610,deny,82,True,5,6,5,4,3,4,5,5,6,5,6,6,5,True,9.8,calibrated
R243,29,female,4,none,2,15000,705,approve,91,True,6,7,6,5,6,6,5,5,6,5,5,5,5.58,False,22.6,calibrated
R243,29,female,4,none,3,22000,640,approve,58,True,4,3,5,4,4,3,5,4,4,4,4,4,4,True,20.2,calibrated
R243,29,female,4,none,4,5000,590,deny,74,True,6,6,7,6,4,6,4,5,5,5,5,4,5.25,False,11.7,calibrated
R243,29,female,4,none,5,30000,720,approve,88,True,5,6,5,6,6,5,6,6,6,6,6,5,5.67,True,15.7,calibrated
R243,29,female,4,none,6,12000,655,deny,63,False,4,4,5,4,5,5,4,5,5,3,5,4,4.42,True,20.3,over-trust
R243,29,female,4,none,7,9000,680,approve,77,True,3,5,5,5,5,3,5,5,3,5,4,4,4.33,True,10.6,calibrated
R243,29,female,4,none,8,18000,600,approve,55,False,3,4,3,3,3,3,5,3,3,2,4,3,3.25,True,23.4,calibrated
R243,29,female,4,none,9,7000,730,approve,94,True,6,6,6,6,6,7,5,6,5,6,5,7,5.92,False,14.2,calibrated
R243,29,female,4,none,10,25000,620,deny,69,True,6,5,5,5,6,7,5,5,6,4,6,5,5.42,True,8.0,calibrated
R244,18,female,3,counterfactual,1,8000,610,deny,82,True,5,6,7,7,6,6,6,6,6,7,6,6,6.17,True,14.5,calibrated
R244,18,female,3,counterfactual,2,15000,705,approve,91,True,7,6,6,7,6,7,6,7,6,6,6,6,6.33,True,13.5,calibrated
R244,18,female,3,counterfactual,3,22000,640,approve,58,True,7,6,6,6,7,6,7,7,6,7,7,7,6.58,True,10.1,calibrated
R244,18,female,3,counterfactual,4,5000,590,deny,74,True,7,6,7,7,7,7,7,7,7,6,7,5,6.67,True,18.7,calibrated
R244,18,female,3,counterfactual,5,30000,720,approve,88,True,7,6,7,6,6,6,6,6,6,5,7,7,6.25,False,19.0,calibrated
R244,18,female,3,counterfactual,6,12000,655,deny,63,False,4,4,3,2,4,4,4,3,4,3,3,3,3.42,True,18.2,calibrated
R244,18,female,3,counterfactual,7,9000,680,approve,77,True,4,7,5,5,5,5,5,5,6,7,6,5,5.42,True,7.2,calibrated
R244,18,female,3,counterfactual,8,18000,600,approve,55,False,2,3,1,2,2,2,4,3,2,2,3,2,2.33,False,12.0,calibrated
R244,18,female,3,counterfactual,9,7000,730,approve,94,True,7,7,7,7,7,7,7,7,6,7,5,6,6.67,True,16.2,calibrated
R244,18,female,3,counterfactual,10,25000,620,deny,69,True,7,7,6,7,5,6,6,5,6,6,7,7,6.25,True,14.5,calibrated
R245,30,nonbinary,5,surface,1,8000,610,deny,82,True,7,7,7,6,6,7,7,6,7,7,7,6,6.67,True,15.6,calibrated
R245,30,nonbinary,5,surface,2,15000,705,approve,91,True,5,7,5,5,5,5,6,6,6,6,5,4,5.42,True,21.6,calibrated
R245,30,nonbinary,5,surface,3,22000,640,approve,58,True,5,4,4,6,3,4,4,5,4,4,3,5,4.25,False,17.1,calibrated
R245,30,nonbinary,5,surface,4,5000,590,deny,74,True,6,6,6,5,6,6,6,5,5,6,6,7,5.83,False,16.6,calibrated
R245,30,nonbinary,5,surface,5,30000,720,approve,88,True,5,6,6,6,6,6,6,6,6,6,5,6,5.83,False,18.8,calibrated
R245,30,nonbinary,5,surface,6,12000,655,deny,63,False,4,3,3,4,4,4,3,4,3,4,5,3,3.67,False,17.1,calibrated
R245,30,nonbinary,5,surface,7,9000,680,approve,77,True,6,6,4,5,5,5,4,5,6,5,6,5,5.17,True,14.9,calibrated
R245,30,nonbinary,5,surface,8,18000,600,approve,55,False,3,4,2,4,4,4,3,3,3,5,4,3,3.5,True,26.8,calibrated
R245,30,nonbinary,5,surface,9,7000,730,approve,94,True,5,6,7,6,6,6,4,7,7,7,5,5,5.92,False,22.3,calibrated
R245,30,nonbinary,5,surface,10,25000,620,deny,69,True,6,6,7,6,6,6,5,6,6,5,6,6,5.92,True,9.6,calibrated
R246,26,male,4,surface,1,8000,610,deny,82,True,6,6,6,6,7,6,6,5,7,6,6,6,6.08,True,19.3,calibrated
R246,26,male,4,surface,2,15000,705,approve,91,True,5,7,6,5,6,5,6,7,6,7,6,5,5.92,True,19.9,calibrated
R246,26,male,4,surface,3,22000,640,approve,58,True,6,4,5,4,6,5,6,6,5,5,5,3,5,True,22.4,calibrated
R246,26,male,4,surface,4,5000,590,deny,74,True,6,5,5,6,5,5,5,6,6,5,6,5,5.42,True,20.8,calibrated
R246,26,male,4,surface,5,30000,720,approve,88,True,6,6,7,6,7,6,6,5,6,5,7,6,6.08,False,26.3,calibrated
R246,26,male,4,surface,6,12000,655,deny,63,False,5,4,5,5,4,4,5,4,4,4,5,4,4.42,True,21.4,over-trust
R246,26,male,4,surface,7,9000,680,approve,77,True,6,6,5,6,6,7,5,6,5,6,5,6,5.75,True,15.6,calibrated
R246,26,male,4,surface,8,18000,600,approve,55,False,3,3,4,3,3,4,5,4,3,3,3,4,3.5,False,18.0,calibrated
R246,26,male,4,surface,9,7000,730,approve,94,True,6,6,7,6,7,7,6,6,7,6,7,7,6.5,True,24.5,calibrated
R246,26,male,4,surface,10,25000,620,deny,69,True,5,7,5,4,4,5,4,5,5,7,4,5,5,True,12.0,calibrated
R247,24,female,3,counterfactual,1,8000,610,deny,82,True,6,7,7,7,7,7,7,7,6,7,7,6,6.75,True,7.2,calibrated
R247,24,female,3,counterfactual,2,15000,705,approve,91,True,7,6,7,5,5,6,5,7,7,6,7,7,6.25,True,13.1,calibrated
R247,24,female,3,counterfactual,3,22000,640,approve,58,True,5,5,6,6,6,6,5,5,6,5,6,6,5.58,False,17.1,calibrated
R247,24,female,3,counterfactual,4,5000,590,deny,74,True,5,5,7,5,6,6,6,6,6,7,6,7,6,False,19.2,calibrated
R247,24,female,3,counterfactual,5,30000,720,approve,88,True,7,6,5,7,6,6,7,7,7,7,5,6,6.33,True,12.9,calibrated
R247,24,female,3,counterfactual,6,12000,655,deny,63,False,2,4,3,3,3,3,2,4,2,2,3,3,2.83,False,22.3,calibrated
R247,24,female,3,counterfactual,7,9000,680,approve,77,True,7,7,7,7,6,6,6,7,7,5,7,7,6.58,True,24.0,calibrated
R247,24,female,3,counterfactual,8,18000,600,approve,55,False,3,2,2,1,2,2,2,2,3,3,4,3,2.42,True,9.5,calibrated
R247,24,female,3,counterfactual,9,7000,730,approve,94,True,7,7,7,6,7,6,7,6,7,6,6,6,6.5,True,9.2,calibrated
R247,24,female,3,counterfactual,10,25000,620,deny,69,True,5,6,6,6,5,7,6,6,4,7,5,5,5.67,True,12.3,calibrated
R248,34,female,4,counterfactual,1,8000,610,deny,82,True,6,6,5,6,6,4,5,7,5,6,6,6,5.67,True,17.8,calibrated
R248,34,female,4,counterfactual,2,15000,705,approve,91,True,7,6,7,7,7,7,6,7,7,5,7,6,6.58,True,19.1,calibrated
R248,34,female,4,counterfactual,3,22000,640,approve,58,True,7,7,6,7,7,6,7,6,7,6,6,7,6.58,True,23.0,calibrated
R248,34,female,4,counterfactual,4,5000,590,deny,74,True,6,7,5,6,7,6,6,6,7,6,7,6,6.25,True,10.2,calibrated
R248,34,female,4,counterfactual,5,30000,720,approve,88,True,5,5,6,5,6,7,7,7,6,6,7,6,6.08,False,12.6,calibrated
R248,34,female,4,counterfactual,6,12000,655,deny,63,False,3,3,3,2,4,4,3,3,4,3,3,4,3.25,False,6.5,calibrated
R248,34,female,4,counterfactual,7,9000,680,approve,77,True,6,6,7,6,6,7,7,7,6,6,5,6,6.25,True,18.5,calibrated
R248,34,female,4,counterfactual,8,18000,600,approve,55,False,2,3,3,3,3,3,3,3,3,2,3,1,2.67,False,14.2,calibrated
R248,34,female,4,counterfactual,9,7000,730,approve,94,True,6,7,6,6,7,6,5,6,6,7,7,6,6.25,True,10.4,calibrated
R248,34,female,4,counterfactual,10,25000,620,deny,69,True,6,5,6,6,7,5,5,6,5,6,4,6,5.58,False,9.9,calibrated
R249,18,female,3,surface,1,8000,610,deny,82,True,7,5,5,6,5,6,5,6,6,5,6,6,5.67,False,14.7,calibrated
R249,18,female,3,surface,2,15000,705,approve,91,True,6,7,7,7,7,7,6,6,7,5,6,6,6.42,True,5.8,calibrated
R249,18,female,3,surface,3,22000,640,approve,58,True,4,5,4,5,5,4,5,5,3,5,4,5,4.5,True,11.5,calibrated
R249,18,female,3,surface,4,5000,590,deny,74,True,5,5,5,5,6,5,5,6,5,5,7,5,5.33,True,14.7,calibrated
R249,18,female,3,surface,5,30000,720,approve,88,True,6,6,6,7,6,7,7,5,4,6,6,6,6,True,19.6,calibrated
R249,18,female,3,surface,6,12000,655,deny,63,False,3,4,4,4,5,2,5,4,3,5,3,4,3.83,True,13.0,calibrated
R249,18,female,3,surface,7,9000,680,approve,77,True,4,5,6,6,7,5,5,6,6,7,6,6,5.75,False,20.6,calibrated
R249,18,female,3,surface,8,18000,600,approve,55,False,4,2,3,3,3,4,3,3,2,5,2,3,3.08,False,16.0,calibrated
R249,18,female,3,surface,9,7000,730,approve,94,True,4,7,5,6,6,4,5,6,6,6,6,5,5.5,True,7.3,calibrated
R249,18,female,3,surface,10,25000,620,deny,69,True,4,7,5,4,5,5,4,3,3,4,4,4,4.33,False,15.9,calibrated
R250,43,female,2,surface,1,8000,610,deny,82,True,7,6,6,5,7,6,5,6,7,6,6,6,6.08,True,11.7,calibrated
R250,43,female,2,surface,2,15000,705,approve,91,True,7,7,7,7,7,7,7,7,7,7,6,7,6.92,True,12.7,calibrated
R250,43,female,2,surface,3,22000,640,approve,58,True,5,4,5,3,5,6,5,4,3,4,4,5,4.42,True,15.4,calibrated
R250,43,female,2,surface,4,5000,590,deny,74,True,4,5,6,6,6,6,5,6,5,5,6,7,5.58,False,11.0,calibrated
R250,43,female,2,surface,5,30000,720,approve,88,True,5,5,5,5,4,5,5,6,5,6,5,6,5.17,True,13.8,calibrated
R250,43,female,2,surface,6,12000,655,deny,63,False,4,3,4,4,2,4,3,3,4,3,3,3,3.33,False,11.7,calibrated
R250,43,female,2,surface,7,9000,680,approve,77,True,6,6,5,5,5,7,6,7,7,5,5,4,5.67,True,21.1,calibrated
R250,43,female,2,surface,8,18000,600,approve,55,False,5,3,5,4,3,3,4,3,4,4,3,4,3.75,False,13.5,calibrated
R250,43,female,2,surface,9,7000,730,approve,94,True,7,5,6,6,5,6,6,6,6,7,7,5,6,True,11.4,calibrated
R250,43,female,2,surface,10,25000,620,deny,69,True,6,6,4,5,6,4,6,5,6,6,6,4,5.33,True,12.6,calibrated
R251,45,male,2,counterfactual,1,8000,610,deny,82,True,5,6,7,7,6,7,6,5,6,7,7,5,6.17,True,11.1,calibrated
R251,45,male,2,counterfactual,2,15000,705,approve,91,True,7,6,7,7,7,7,6,7,7,7,7,6,6.75,True,13.8,calibrated
R251,45,male,2,counterfactual,3,22000,640,approve,58,True,7,5,6,6,6,6,6,7,6,6,5,5,5.92,True,17.5,calibrated
R251,45,male,2,counterfactual,4,5000,590,deny,74,True,6,5,6,6,6,4,5,6,5,6,6,6,5.58,True,11.7,calibrated
R251,45,male,2,counterfactual,5,30000,720,approve,88,True,6,5,7,7,7,7,7,7,6,7,7,6,6.58,True,17.9,calibrated
R251,45,male,2,counterfactual,6,12000,655,deny,63,False,4,4,4,3,1,1,3,3,3,2,2,3,2.75,False,17.6,calibrated
R251,45,male,2,counterfactual,7,9000,680,approve,77,True,7,7,6,6,6,6,6,7,4,5,6,5,5.92,True,13.7,calibrated
R251,45,male,2,counterfactual,8,18000,600,approve,55,False,3,2,3,4,2,4,2,5,3,3,3,3,3.08,False,7.1,calibrated
R251,45,male,2,counterfactual,9,7000,730,approve,94,True,7,7,4,6,6,6,6,5,6,7,6,6,6,True,20.4,calibrated
R251,45,male,2,counterfactual,10,25000,620,deny,69,True,5,6,5,6,6,6,6,5,7,6,5,5,5.67,False,13.6,calibrated
R252,32,female,5,surface,1,8000,610,deny,82,True,5,6,6,6,5,5,6,5,5,5,6,5,5.42,True,8.8,calibrated
R252,32,female,5,surface,2,15000,705,approve,91,True,5,5,7,5,6,6,5,7,6,7,6,7,6,True,11.5,calibrated
R252,32,female,5,surface,3,22000,640,approve,58,True,6,4,6,5,7,5,7,6,5,5,6,7,5.75,True,19.4,calibrated
R252,32,female,5,surface,4,5000,590,deny,74,True,6,5,5,6,6,4,6,5,5,5,5,5,5.25,True,26.7,calibrated
R252,32,female,5,surface,5,30000,720,approve,88,True,6,6,6,7,6,6,7,6,6,7,7,6,6.33,True,16.9,calibrated
R252,32,female,5,surface,6,12000,655,deny,63,False,3,4,4,4,4,3,5,4,4,4,6,4,4.08,False,18.3,over-trust
R252,32,female,5,surface,7,9000,680,approve,77,True,6,6,6,6,6,6,4,5,6,6,6,5,5.67,True,15.4,calibrated
R252,32,female,5,surface,8,18000,600,approve,55,False,3,5,4,4,5,3,5,4,3,4,4,5,4.08,False,10.5,over-trust
R252,32,female,5,surface,9,7000,730,approve,94,True,6,5,6,6,7,7,6,6,6,6,6,6,6.08,True,17.0,calibrated
R252,32,female,5,surface,10,25000,620,deny,69,True,5,6,7,6,6,5,7,7,6,7,6,5,6.08,True,12.9,calibrated
R253,30,male,3,counterfactual,1,8000,610,deny,82,True,6,6,7,7,7,7,6,6,7,7,6,7,6.58,True,25.0,calibrated
R253,30,male,3,counterfactual,2,15000,705,approve,91,True,7,6,5,6,6,6,6,6,7,4,6,7,6,True,15.9,calibrated
R253,30,male,3,counterfactual,3,22000,640,approve,58,True,6,6,6,7,7,7,6,6,5,6,5,6,6.08,True,15.1,calibrated
R253,30,male,3,counterfactual,4,5000,590,deny,74,True,4,3,5,4,5,4,4,5,5,4,5,4,4.33,True,25.8,calibrated
R253,30,male,3,counterfactual,5,30000,720,approve,88,True,7,7,6,7,7,6,7,7,7,7,7,7,6.83,True,8.3,calibrated
R253,30,male,3,counterfactual,6,12000,655,deny,63,False,2,4,4,3,4,3,3,4,2,2,3,4,3.17,False,15.2,calibrated
R253,30,male,3,counterfactual,7,9000,680,approve,77,True,6,6,5,5,5,6,5,6,5,6,6,6,5.58,True,10.9,calibrated
R253,30,male,3,counterfactual,8,18000,600,approve,55,False,4,3,4,4,4,3,3,4,3,3,3,3,3.42,True,10.9,calibrated
R253,30,male,3,counterfactual,9,7000,730,approve,94,True,5,7,7,7,6,7,7,7,6,6,7,6,6.5,True,17.3,calibrated
R253,30,male,3,counterfactual,10,25000,620,deny,69,True,7,6,7,7,5,6,6,6,6,7,7,6,6.33,True,12.6,calibrated
R254,36,female,4,none,1,8000,610,deny,82,True,6,5,5,6,6,5,5,6,6,6,5,5,5.5,False,10.2,calibrated
R254,36,female,4,none,2,15000,705,approve,91,True,6,6,7,5,5,6,6,5,6,5,7,5,5.75,False,8.4,calibrated
R254,36,female,4,none,3,22000,640,approve,58,True,3,3,4,4,5,4,3,3,4,4,4,4,3.75,True,3,under-trust
R254,36,female,4,none,4,5000,590,deny,74,True,5,6,4,5,4,5,6,5,5,5,6,5,5.08,True,16.6,calibrated
R254,36,female,4,none,5,30000,720,approve,88,True,5,4,6,6,4,4,4,5,5,5,4,4,4.67,False,9.4,calibrated
R254,36,female,4,none,6,12000,655,deny,63,False,5,4,3,4,4,3,4,6,4,3,4,5,4.08,True,9.5,over-trust
R254,36,female,4,none,7,9000,680,approve,77,True,5,5,5,4,4,6,6,5,6,5,5,5,5.08,True,4.4,calibrated
R254,36,female,4,none,8,18000,600,approve,55,False,3,4,3,4,3,3,3,3,3,4,5,4,3.5,False,10.4,calibrated
R254,36,female,4,none,9,7000,730,approve,94,True,7,7,6,6,7,7,6,7,5,7,7,6,6.5,True,11.2,calibrated
R254,36,female,4,none,10,25000,620,deny,69,True,5,4,5,3,4,4,5,4,4,3,4,5,4.17,True,21.3,calibrated
R255,40,female,2,none,1,8000,610,deny,82,True,5,5,5,5,7,3,5,6,4,5,7,5,5.17,True,17.8,calibrated
R255,40,female,2,none,2,15000,705,approve,91,True,5,4,6,6,6,6,6,5,5,5,5,5,5.33,False,14.2,calibrated
R255,40,female,2,none,3,22000,640,approve,58,True,5,4,4,5,4,5,5,4,4,6,4,4,4.5,True,15.2,calibrated
R255,40,female,2,none,4,5000,590,deny,74,True,5,5,5,5,5,7,6,6,6,5,5,4,5.33,True,17.6,calibrated
R255,40,female,2,none,5,30000,720,approve,88,True,5,6,6,6,6,5,5,5,7,6,6,5,5.67,True,16.0,calibrated
R255,40,female,2,none,6,12000,655,deny,63,False,3,2,5,5,4,4,4,6,4,5,4,4,4.17,True,20.9,over-trust
R255,40,female,2,none,7,9000,680,approve,77,True,5,3,4,3,5,4,4,4,4,6,5,3,4.17,False,9.9,calibrated
R255,40,female,2,none,8,18000,600,approve,55,False,5,5,4,5,3,5,5,5,5,4,5,5,4.67,False,9.3,over-trust
R255,40,female,2,none,9,7000,730,approve,94,True,6,6,6,6,5,5,6,7,6,5,6,5,5.75,False,18.5,calibrated
R255,40,female,2,none,10,25000,620,deny,69,True,5,4,6,5,4,4,4,4,3,3,4,5,4.25,False,5.8,calibrated
R256,18,male,4,none,1,8000,610,deny,82,True,4,4,3,4,4,3,4,5,4,5,4,4,4,True,10.7,calibrated
R256,18,male,4,none,2,15000,705,approve,91,True,5,6,6,4,6,5,5,6,6,5,6,5,5.42,False,12.1,calibrated
R256,18,male,4,none,3,22000,640,approve,58,True,4,5,4,5,5,4,3,4,4,4,4,5,4.25,True,4.4,calibrated
R256,18,male,4,none,4,5000,590,deny,74,True,4,5,6,6,5,4,5,6,5,4,5,5,5,True,23.8,calibrated
R256,18,male,4,none,5,30000,720,approve,88,True,6,5,6,7,5,5,6,5,6,5,5,4,5.42,True,17.4,calibrated
R256,18,male,4,none,6,12000,655,deny,63,False,6,5,5,5,4,6,5,5,4,5,5,5,5,False,21.7,over-trust
R256,18,male,4,none,7,9000,680,approve,77,True,6,5,6,5,5,4,4,6,5,5,6,6,5.25,False,16.2,calibrated
R256,18,male,4,none,8,18000,600,approve,55,False,4,3,4,4,3,5,3,3,4,4,4,4,3.75,True,19.8,calibrated
R256,18,male,4,none,9,7000,730,approve,94,True,5,5,6,6,5,5,4,6,5,6,6,5,5.33,True,23.6,calibrated
R256,18,male,4,none,10,25000,620,deny,69,True,4,6,6,6,6,6,6,7,6,6,6,5,5.83,False,10.1,calibrated
R257,43,male,3,none,1,8000,610,deny,82,True,6,4,6,5,5,5,7,7,4,5,6,6,5.5,True,20.0,calibrated
R257,43,male,3,none,2,15000,705,approve,91,True,5,3,4,5,4,5,5,3,5,4,5,4,4.33,False,19.9,calibrated
R257,43,male,3,none,3,22000,640,approve,58,True,5,5,5,6,6,5,3,6,5,5,4,4,4.92,True,15.2,calibrated
R257,43,male,3,none,4,5000,590,deny,74,True,4,4,5,4,4,4,5,5,4,5,5,6,4.58,False,23.2,calibrated
R257,43,male,3,none,5,30000,720,approve,88,True,6,6,7,6,6,5,4,4,4,4,4,5,5.08,True,11.8,calibrated
R257,43,male,3,none,6,12000,655,deny,63,False,4,5,4,3,4,4,4,3,4,6,4,4,4.08,True,11.1,over-trust
R257,43,male,3,none,7,9000,680,approve,77,True,5,4,4,5,5,4,6,4,6,5,6,4,4.83,False,17.5,calibrated
R257,43,male,3,none,8,18000,600,approve,55,False,3,5,4,4,4,4,4,4,4,3,4,4,3.92,True,9.3,calibrated
R257,43,male,3,none,9,7000,730,approve,94,True,4,6,6,6,6,5,6,7,6,5,6,7,5.83,True,22.5,calibrated
R257,43,male,3,none,10,25000,620,deny,69,True,6,6,6,7,6,5,5,5,4,6,6,4,5.5,True,11.1,calibrated
R258,26,female,4,surface,1,8000,610,deny,82,True,7,5,7,6,5,4,5,5,5,7,4,4,5.33,False,14.1,calibrated
R258,26,female,4,surface,2,15000,705,approve,91,True,7,7,5,7,6,6,7,6,6,7,6,4,6.17,True,8.4,calibrated
R258,26,female,4,surface,3,22000,640,approve,58,True,5,6,5,5,5,6,6,6,5,4,4,6,5.25,True,16.8,calibrated
R258,26,female,4,surface,4,5000,590,deny,74,True,6,5,5,5,5,5,6,5,6,5,5,4,5.17,True,14.0,calibrated
R258,26,female,4,surface,5,30000,720,approve,88,True,6,4,6,6,5,6,5,6,5,6,6,5,5.5,False,27.6,calibrated
R258,26,female,4,surface,6,12000,655,deny,63,False,4,5,4,3,5,3,3,3,4,5,4,3,3.83,False,12.4,calibrated
R258,26,female,4,surface,7,9000,680,approve,77,True,5,5,5,5,6,5,5,6,4,5,3,4,4.83,False,19.0,calibrated
R258,26,female,4,surface,8,18000,600,approve,55,False,1,2,3,3,1,3,2,3,4,4,4,3,2.75,False,3.2,calibrated
R258,26,female,4,surface,9,7000,730,approve,94,True,6,7,6,7,6,6,5,6,6,6,7,6,6.17,True,14.5,calibrated
R258,26,female,4,surface,10,25000,620,deny,69,True,5,7,4,5,5,5,5,5,5,7,3,5,5.08,True,17.8,calibrated
R259,53,male,3,none,1,8000,610,deny,82,True,5,6,6,5,6,4,5,6,6,5,6,6,5.5,True,7.9,calibrated
R259,53,male,3,none,2,15000,705,approve,91,True,6,6,6,7,6,5,5,6,6,6,5,6,5.83,False,21.0,calibrated
R259,53,male,3,none,3,22000,640,approve,58,True,4,5,6,6,6,5,5,5,5,5,5,5,5.17,True,19.8,calibrated
R259,53,male,3,none,4,5000,590,deny,74,True,4,5,3,4,5,4,5,3,4,4,5,4,4.17,True,23.4,calibrated
R259,53,male,3,none,5,30000,720,approve,88,True,5,5,5,5,6,4,4,7,5,6,5,5,5.17,True,18.2,calibrated
R259,53,male,3,none,6,12000,655,deny,63,False,3,3,3,4,4,4,4,4,3,4,5,4,3.75,True,8.6,calibrated
R259,53,male,3,none,7,9000,680,approve,77,True,5,6,5,5,6,4,3,6,5,5,5,5,5,False,12.1,calibrated
R259,53,male,3,none,8,18000,600,approve,55,False,4,4,2,3,3,3,3,4,4,3,3,4,3.33,True,9.4,calibrated
R259,53,male,3,none,9,7000,730,approve,94,True,6,6,4,6,7,6,5,6,6,5,5,5,5.58,False,13.3,calibrated
R259,53,male,3,none,10,25000,620,deny,69,True,5,5,4,7,6,5,5,5,5,5,6,5,5.25,True,12.8,calibrated
R260,47,male,4,none,1,8000,610,deny,82,True,5,5,3,5,6,5,4,5,5,5,5,5,4.83,True,11.5,calibrated
R260,47,male,4,none,2,15000,705,approve,91,True,5,6,7,7,6,5,6,6,7,7,6,5,6.08,True,20.6,calibrated
R260,47,male,4,none,3,22000,640,approve,58,True,5,6,6,4,5,6,4,4,5,4,5,5,4.92,False,11.0,calibrated
R260,47,male,4,none,4,5000,590,deny,74,True,5,6,6,6,6,6,6,4,5,5,6,6,5.58,True,17.0,calibrated
R260,47,male,4,none,5,30000,720,approve,88,True,5,6,5,6,5,7,6,6,6,7,6,6,5.92,True,9.7,calibrated
R260,47,male,4,none,6,12000,655,deny,63,False,5,4,5,5,4,4,5,5,4,5,3,4,4.42,True,14.2,over-trust
R260,47,male,4,none,7,9000,680,approve,77,True,5,5,6,5,5,6,6,6,6,6,5,6,5.58,True,16.5,calibrated
R260,47,male,4,none,8,18000,600,approve,55,False,3,4,2,3,2,3,4,4,3,2,3,3,3,False,14.2,calibrated
R260,47,male,4,none,9,7000,730,approve,94,True,5,5,6,5,5,5,5,6,5,6,5,7,5.42,True,11.8,calibrated
R260,47,male,4,none,10,25000,620,deny,69,True,6,4,4,4,4,4,4,4,4,5,5,5,4.42,False,16.1,calibrated
R261,19,female,4,counterfactual,1,8000,610,deny,82,True,6,5,7,7,5,7,5,7,6,6,7,5,6.08,True,23.8,calibrated
R261,19,female,4,counterfactual,2,15000,705,approve,91,True,5,6,7,7,6,7,6,7,7,5,6,6,6.25,True,14.2,calibrated
R261,19,female,4,counterfactual,3,22000,640,approve,58,True,5,4,4,5,5,5,6,5,5,5,4,5,4.83,True,10.9,calibrated
R261,19,female,4,counterfactual,4,5000,590,deny,74,True,6,7,7,7,7,7,6,6,7,5,6,7,6.5,True,17.7,calibrated
R261,19,female,4,counterfactual,5,30000,720,approve,88,True,7,7,7,6,7,7,7,6,6,7,6,7,6.67,False,14.1,calibrated
R261,19,female,4,counterfactual,6,12000,655,deny,63,False,4,4,3,3,3,2,4,3,3,2,2,5,3.17,False,6.9,calibrated
R261,19,female,4,counterfactual,7,9000,680,approve,77,True,7,6,7,6,7,5,6,7,5,6,7,6,6.25,True,17.9,calibrated
R261,19,female,4,counterfactual,8,18000,600,approve,55,False,4,3,3,3,4,2,3,3,3,3,4,4,3.25,False,4.7,calibrated
R261,19,female,4,counterfactual,9,7000,730,approve,94,True,7,6,6,7,5,6,7,5,7,7,6,7,6.33,True,16.2,calibrated
R261,19,female,4,counterfactual,10,25000,620,deny,69,True,7,6,7,6,7,5,7,6,6,6,6,6,6.25,True,16.5,calibrated
R262,35,female,4,surface,1,8000,610,deny,82,True,4,6,4,6,4,6,5,6,5,5,6,5,5.17,True,12.8,calibrated
R262,35,female,4,surface,2,15000,705,approve,91,True,6,7,6,7,6,6,6,7,7,6,6,7,6.42,False,14.0,calibrated
R262,35,female,4,surface,3,22000,640,approve,58,True,6,5,4,5,5,5,5,5,4,5,5,6,5,True,14.7,calibrated
R262,35,female,4,surface,4,5000,590,deny,74,True,5,4,4,5,7,5,6,6,5,5,4,7,5.25,False,12.0,calibrated
R262,35,female,4,surface,5,30000,720,approve,88,True,6,6,6,5,5,5,6,6,5,5,6,5,5.5,False,16.6,calibrated
R262,35,female,4,surface,6,12000,655,deny,63,False,4,3,3,5,3,5,4,3,5,4,4,4,3.92,False,12.5,calibrated
R262,35,female,4,surface,7,9000,680,approve,77,True,7,7,6,7,7,6,7,6,5,7,5,7,6.42,True,13.5,calibrated
R262,35,female,4,surface,8,18000,600,approve,55,False,3,3,2,2,2,2,3,3,4,3,3,4,2.83,False,18.4,calibrated
R262,35,female,4,surface,9,7000,730,approve,94,True,6,7,7,7,7,7,6,7,7,7,7,6,6.75,False,8.3,calibrated
R262,35,female,4,surface,10,25000,620,deny,69,True,5,5,5,5,6,5,7,5,5,6,6,5,5.42,True,16.3,calibrated
R263,37,male,1,counterfactual,1,8000,610,deny,82,True,6,5,6,7,5,5,4,5,6,6,7,5,5.58,False,19.0,calibrated
R263,37,male,1,counterfactual,2,15000,705,approve,91,True,7,5,6,6,7,6,6,6,6,6,6,5,6,True,14.9,calibrated
R263,37,male,1,counterfactual,3,22000,640,approve,58,True,4,4,4,7,5,3,5,4,4,6,6,6,4.83,True,15.5,calibrated
R263,37,male,1,counterfactual,4,5000,590,deny,74,True,7,6,7,7,5,6,6,6,6,6,6,6,6.17,False,10.3,calibrated
R263,37,male,1,counterfactual,5,30000,720,approve,88,True,6,7,6,7,6,7,6,6,7,6,6,6,6.33,True,12.5,calibrated
R263,37,male,1,counterfactual,6,12000,655,deny,63,False,4,2,2,4,2,2,2,3,3,2,2,1,2.42,False,10.9,calibrated
R263,37,male,1,counterfactual,7,9000,680,approve,77,True,6,6,6,5,5,4,6,7,5,6,5,5,5.5,True,14.0,calibrated
R263,37,male,1,counterfactual,8,18000,600,approve,55,False,3,3,3,2,2,3,3,3,2,2,3,2,2.58,True,12.3,calibrated
R263,37,male,1,counterfactual,9,7000,730,approve,94,True,6,7,6,7,7,7,6,7,6,6,6,6,6.42,True,15.7,calibrated
R263,37,male,1,counterfactual,10,25000,620,deny,69,True,6,6,6,5,6,6,7,5,6,5,7,5,5.83,True,9.5,calibrated
R264,45,male,3,surface,1,8000,610,deny,82,True,6,5,7,6,6,5,5,6,5,5,7,6,5.75,True,8.4,calibrated
R264,45,male,3,surface,2,15000,705,approve,91,True,6,6,6,5,6,5,6,6,7,5,6,6,5.83,True,20.8,calibrated
R264,45,male,3,surface,3,22000,640,approve,58,True,5,7,5,5,5,5,5,5,6,6,5,5,5.33,True,16.1,calibrated
R264,45,male,3,surface,4,5000,590,deny,74,True,5,6,5,6,5,7,7,5,5,5,6,5,5.58,True,16.0,calibrated
R264,45,male,3,surface,5,30000,720,approve,88,True,6,5,4,5,5,5,5,4,5,5,5,5,4.92,True,15.4,calibrated
R264,45,male,3,surface,6,12000,655,deny,63,False,3,4,2,4,3,3,3,3,3,4,3,4,3.25,False,12.7,calibrated
R264,45,male,3,surface,7,9000,680,approve,77,True,5,6,5,6,7,7,5,6,5,6,7,6,5.92,False,15.5,calibrated
R264,45,male,3,surface,8,18000,600,approve,55,False,5,4,5,5,4,4,3,4,5,4,4,3,4.17,False,11.4,over-trust
R264,45,male,3,surface,9,7000,730,approve,94,True,5,6,5,5,5,5,4,6,5,6,5,5,5.17,True,16.0,calibrated
R264,45,male,3,surface,10,25000,620,deny,69,True,4,5,5,5,5,5,5,5,5,4,4,7,4.92,True,9.3,calibrated
R265,24,female,3,none,1,8000,610,deny,82,True,6,4,5,4,5,6,5,5,5,6,5,5,5.08,False,17.4,calibrated
R265,24,female,3,none,2,15000,705,approve,91,True,5,5,6,6,7,6,6,5,5,5,6,5,5.58,True,6.0,calibrated
R265,24,female,3,none,3,22000,640,approve,58,True,6,6,4,5,4,6,5,4,5,4,4,3,4.67,True,13.4,calibrated
R265,24,female,3,none,4,5000,590,deny,74,True,6,4,6,6,5,5,5,4,4,7,5,6,5.25,True,12.6,calibrated
R265,24,female,3,none,5,30000,720,approve,88,True,6,6,7,7,5,6,6,7,7,7,7,6,6.42,True,12.7,calibrated
R265,24,female,3,none,6,12000,655,deny,63,False,4,5,5,3,5,5,4,5,4,5,4,4,4.42,True,15.9,over-trust
R265,24,female,3,none,7,9000,680,approve,77,True,5,4,3,5,5,5,4,4,3,5,5,4,4.33,False,6.0,calibrated
R265,24,female,3,none,8,18000,600,approve,55,False,3,3,3,3,5,5,4,2,4,3,3,3,3.42,False,10.8,calibrated
R265,24,female,3,none,9,7000,730,approve,94,True,7,3,6,5,6,7,5,5,6,6,7,6,5.75,True,7.8,calibrated
R265,24,female,3,none,10,25000,620,deny,69,True,3,5,4,3,4,4,5,5,4,4,4,3,4,False,5.7,calibrated
R266,32,female,5,surface,1,8000,610,deny,82,True,6,6,5,6,7,6,6,6,7,7,6,7,6.25,True,13.2,calibrated
R266,32,female,5,surface,2,15000,705,approve,91,True,6,6,7,6,6,6,5,6,6,7,7,6,6.17,True,18.6,calibrated
R266,32,female,5,surface,3,22000,640,approve,58,True,5,6,5,5,5,6,6,6,6,5,4,5,5.33,False,15.0,calibrated
R266,32,female,5,surface,4,5000,590,deny,74,True,6,6,6,6,6,6,6,6,7,6,6,7,6.17,True,13.0,calibrated
R266,32,female,5,surface,5,30000,720,approve,88,True,5,6,6,5,6,5,6,6,7,7,6,7,6,True,11.6,calibrated
R266,32,female,5,surface,6,12000,655,deny,63,False,4,4,5,4,5,4,3,5,4,5,4,3,4.17,True,17.6,over-trust
R266,32,female,5,surface,7,9000,680,approve,77,True,6,4,5,5,6,6,6,6,5,5,6,6,5.5,True,9.9,calibrated
R266,32,female,5,surface,8,18000,600,approve,55,False,3,4,6,4,4,4,2,3,4,4,3,3,3.67,False,19.0,calibrated
R266,32,female,5,surface,9,7000,730,approve,94,True,7,6,6,6,6,6,6,4,5,7,7,7,6.08,True,11.8,calibrated
R266,32,female,5,surface,10,25000,620,deny,69,True,6,3,5,7,5,6,5,5,5,5,5,5,5.17,True,14.5,calibrated
R267,28,male,3,none,1,8000,610,deny,82,True,5,6,5,6,5,6,6,5,4,5,5,6,5.33,True,9.7,calibrated
R267,28,male,3,none,2,15000,705,approve,91,True,6,4,5,5,6,5,5,4,6,6,5,4,5.08,True,8.0,calibrated
R267,28,male,3,none,3,22000,640,approve,58,True,4,4,3,4,5,5,3,4,5,5,5,5,4.33,True,8.1,calibrated
R267,28,male,3,none,4,5000,590,deny,74,True,5,4,5,6,4,5,4,5,6,5,4,7,5,True,12.7,calibrated
R267,28,male,3,none,5,30000,720,approve,88,True,5,6,4,6,5,6,4,6,4,6,5,4,5.08,False,20.2,calibrated
R267,28,male,3,none,6,12000,655,deny,63,False,5,4,5,5,4,5,4,5,5,3,5,4,4.5,True,12.2,over-trust
R267,28,male,3,none,7,9000,680,approve,77,True,4,4,3,3,5,4,4,4,4,6,4,6,4.25,True,12.8,calibrated
R267,28,male,3,none,8,18000,600,approve,55,False,3,3,5,4,3,4,4,5,5,5,4,4,4.08,False,21.9,over-trust
R267,28,male,3,none,9,7000,730,approve,94,True,4,5,5,5,5,5,5,5,6,7,6,5,5.25,True,15.5,calibrated
R267,28,male,3,none,10,25000,620,deny,69,True,5,6,5,4,3,5,4,4,5,3,5,5,4.5,False,11.6,calibrated
R268,51,female,4,counterfactual,1,8000,610,deny,82,True,7,6,6,6,6,6,7,7,7,6,7,7,6.5,True,10.4,calibrated
R268,51,female,4,counterfactual,2,15000,705,approve,91,True,7,5,6,6,7,6,6,6,5,6,5,6,5.92,True,25.2,calibrated
R268,51,female,4,counterfactual,3,22000,640,approve,58,True,6,6,6,6,5,4,5,5,5,5,3,4,5,False,17.5,calibrated
R268,51,female,4,counterfactual,4,5000,590,deny,74,True,6,6,6,7,7,6,7,6,6,7,6,6,6.33,True,15.1,calibrated
R268,51,female,4,counterfactual,5,30000,720,approve,88,True,7,7,7,6,6,7,7,7,7,6,7,7,6.75,True,8.0,calibrated
R268,51,female,4,counterfactual,6,12000,655,deny,63,False,3,3,3,3,3,3,4,3,2,3,3,3,3,True,10.6,calibrated
R268,51,female,4,counterfactual,7,9000,680,approve,77,True,6,7,7,7,5,6,6,6,7,5,7,6,6.25,False,14.5,calibrated
R268,51,female,4,counterfactual,8,18000,600,approve,55,False,4,2,3,4,4,3,4,4,4,4,3,3,3.5,False,4.1,calibrated
R268,51,female,4,counterfactual,9,7000,730,approve,94,True,6,5,7,6,7,7,7,6,7,7,7,6,6.5,False,19.0,calibrated
R268,51,female,4,counterfactual,10,25000,620,deny,69,True,6,7,7,6,7,7,5,6,7,6,6,6,6.33,True,6.6,calibrated
R269,41,female,4,surface,1,8000,610,deny,82,True,5,5,5,6,5,5,5,4,5,5,4,6,5,False,16.6,calibrated
R269,41,female,4,surface,2,15000,705,approve,91,True,5,6,6,6,6,5,5,5,4,6,5,4,5.25,False,12.7,calibrated
R269,41,female,4,surface,3,22000,640,approve,58,True,5,5,6,6,5,5,5,5,6,6,5,7,5.5,True,15.2,calibrated
R269,41,female,4,surface,4,5000,590,deny,74,True,5,5,5,4,3,6,6,5,5,5,5,5,4.92,True,5.5,calibrated
R269,41,female,4,surface,5,30000,720,approve,88,True,6,5,5,6,6,4,5,6,5,6,5,6,5.42,True,21.6,calibrated
R269,41,female,4,surface,6,12000,655,deny,63,False,2,5,4,3,3,3,3,4,2,4,4,5,3.5,False,17.7,calibrated
R269,41,female,4,surface,7,9000,680,approve,77,True,5,5,6,4,6,4,5,5,3,5,5,6,4.92,True,19.1,calibrated
R269,41,female,4,surface,8,18000,600,approve,55,False,4,4,2,3,4,3,4,3,3,4,5,4,3.58,False,14.0,calibrated
R269,41,female,4,surface,9,7000,730,approve,94,True,5,6,6,6,6,6,5,7,6,6,6,6,5.92,True,7.2,calibrated
R269,41,female,4,surface,10,25000,620,deny,69,True,5,5,6,5,6,5,4,6,5,6,6,6,5.42,True,18.8,calibrated
R270,31,male,3,surface,1,8000,610,deny,82,True,7,7,7,6,7,6,6,7,6,6,7,6,6.5,True,18.1,calibrated
R270,31,male,3,surface,2,15000,705,approve,91,True,6,5,5,4,5,6,6,5,5,6,6,5,5.33,True,18.0,calibrated
R270,31,male,3,surface,3,22000,640,approve,58,True,5,5,4,5,5,5,5,4,5,6,5,5,4.92,False,11.2,calibrated
R270,31,male,3,surface,4,5000,590,deny,74,True,6,5,5,5,5,6,5,4,3,4,4,4,4.67,True,18.1,calibrated
R270,31,male,3,surface,5,30000,720,approve,88,True,7,6,5,6,7,7,6,7,6,6,5,5,6.08,True,11.2,calibrated
R270,31,male,3,surface,6,12000,655,deny,63,False,4,4,3,4,4,4,5,4,4,4,4,4,4,True,15.3,over-trust
R270,31,male,3,surface,7,9000,680,approve,77,True,5,4,6,6,5,5,6,5,6,7,5,6,5.5,False,25.1,calibrated
R270,31,male,3,surface,8,18000,600,approve,55,False,3,3,3,4,4,3,3,4,4,3,3,3,3.33,False,12.2,calibrated
R270,31,male,3,surface,9,7000,730,approve,94,True,5,5,6,6,6,5,5,5,5,6,6,5,5.42,False,15.7,calibrated
R270,31,male,3,surface,10,25000,620,deny,69,True,4,5,4,6,5,5,5,5,5,5,4,5,4.83,True,19.1,calibrated
R271,37,male,4,counterfactual,1,8000,610,deny,82,True,6,6,6,7,6,7,6,6,7,7,7,6,6.42,False,14.5,calibrated
R271,37,male,4,counterfactual,2,15000,705,approve,91,True,7,7,7,7,7,7,7,7,7,7,6,7,6.92,True,14.2,calibrated
R271,37,male,4,counterfactual,3,22000,640,approve,58,True,5,5,5,6,6,5,5,5,4,4,5,5,5,False,11.2,calibrated
R271,37,male,4,counterfactual,4,5000,590,deny,74,True,5,6,6,7,5,6,5,5,7,6,6,5,5.75,False,16.0,calibrated
R271,37,male,4,counterfactual,5,30000,720,approve,88,True,6,7,7,6,4,5,6,6,5,7,7,6,6,True,12.5,calibrated
R271,37,male,4,counterfactual,6,12000,655,deny,63,False,2,2,2,4,3,2,4,3,3,3,3,2,2.75,False,25.7,calibrated
R271,37,male,4,counterfactual,7,9000,680,approve,77,True,6,5,5,5,7,6,6,6,6,7,6,5,5.83,True,9.9,calibrated
R271,37,male,4,counterfactual,8,18000,600,approve,55,False,3,2,3,3,3,3,3,2,2,2,2,3,2.58,False,3,calibrated
R271,37,male,4,counterfactual,9,7000,730,approve,94,True,7,7,6,7,7,6,6,7,7,6,7,6,6.58,True,19.8,calibrated
R271,37,male,4,counterfactual,10,25000,620,deny,69,True,6,6,6,6,5,6,4,5,7,6,6,7,5.83,True,11.5,calibrated
R272,22,male,3,counterfactual,1,8000,610,deny,82,True,7,6,7,6,6,7,6,7,7,6,6,7,6.5,True,11.3,calibrated
R272,22,male,3,counterfactual,2,15000,705,approve,91,True,5,6,6,6,5,6,7,6,7,7,7,6,6.17,True,13.4,calibrated
R272,22,male,3,counterfactual,3,22000,640,approve,58,True,5,5,5,7,6,4,6,7,6,5,6,5,5.58,True,20.1,calibrated
R272,22,male,3,counterfactual,4,5000,590,deny,74,True,6,6,6,6,6,7,5,6,6,5,5,6,5.83,True,5.9,calibrated
R272,22,male,3,counterfactual,5,30000,720,approve,88,True,6,6,6,6,6,7,6,7,5,6,5,6,6,True,13.0,calibrated
R272,22,male,3,counterfactual,6,12000,655,deny,63,False,3,3,3,1,1,4,3,2,2,3,2,1,2.33,False,10.5,calibrated
R272,22,male,3,counterfactual,7,9000,680,approve,77,True,6,7,7,7,6,6,6,7,6,7,7,7,6.58,False,15.8,calibrated
R272,22,male,3,counterfactual,8,18000,600,approve,55,False,3,3,3,4,4,4,2,3,3,2,3,4,3.17,False,13.3,calibrated
R272,22,male,3,counterfactual,9,7000,730,approve,94,True,6,6,7,6,6,7,7,7,6,7,7,6,6.5,True,7.2,calibrated
R272,22,male,3,counterfactual,10,25000,620,deny,69,True,5,4,6,7,4,5,6,6,5,6,7,6,5.58,True,17.6,calibrated
R273,61,male,4,counterfactual,1,8000,610,deny,82,True,6,6,7,6,7,6,6,6,7,6,5,7,6.25,True,15.0,calibrated
R273,61,male,4,counterfactual,2,15000,705,approve,91,True,5,5,6,6,7,7,6,7,7,6,6,7,6.25,True,11.2,calibrated
R273,61,male,4,counterfactual,3,22000,640,approve,58,True,6,7,6,5,6,4,6,5,7,6,6,7,5.92,True,3,calibrated
R273,61,male,4,counterfactual,4,5000,590,deny,74,True,6,6,6,5,6,6,6,6,6,6,6,6,5.92,True,8.1,calibrated
R273,61,male,4,counterfactual,5,30000,720,approve,88,True,6,7,6,6,7,6,7,6,6,6,6,5,6.17,True,9.1,calibrated
R273,61,male,4,counterfactual,6,12000,655,deny,63,False,4,4,3,3,3,2,4,2,2,3,2,2,2.83,False,3,calibrated
R273,61,male,4,counterfactual,7,9000,680,approve,77,True,6,5,4,5,4,6,6,5,6,6,6,5,5.33,False,7.6,calibrated
R273,61,male,4,counterfactual,8,18000,600,approve,55,False,3,3,3,2,2,3,3,2,3,3,3,2,2.67,True,16.0,calibrated
R273,61,male,4,counterfactual,9,7000,730,approve,94,True,6,7,6,6,7,6,5,6,5,7,7,6,6.17,True,14.3,calibrated
R273,61,male,4,counterfactual,10,25000,620,deny,69,True,6,6,6,6,5,6,6,5,6,5,5,5,5.58,False,20.3,calibrated
R274,44,female,4,surface,1,8000,610,deny,82,True,6,5,5,5,6,5,5,5,5,6,5,6,5.33,True,12.9,calibrated
R274,44,female,4,surface,2,15000,705,approve,91,True,7,6,5,6,6,6,6,6,5,6,5,6,5.83,True,10.3,calibrated
R274,44,female,4,surface,3,22000,640,approve,58,True,5,4,5,5,5,5,5,4,5,4,4,5,4.67,True,19.4,calibrated
R274,44,female,4,surface,4,5000,590,deny,74,True,4,4,5,5,4,5,4,5,4,5,6,5,4.67,False,20.0,calibrated
R274,44,female,4,surface,5,30000,720,approve,88,True,6,6,6,5,5,6,5,5,6,6,6,7,5.75,True,17.6,calibrated
R274,44,female,4,surface,6,12000,655,deny,63,False,3,3,2,3,4,3,3,2,4,2,2,4,2.92,False,18.4,calibrated
R274,44,female,4,surface,7,9000,680,approve,77,True,5,6,6,6,5,5,5,5,6,5,6,5,5.42,True,17.0,calibrated
R274,44,female,4,surface,8,18000,600,approve,55,False,4,4,4,4,3,4,4,4,4,3,4,2,3.67,False,8.2,calibrated
R274,44,female,4,surface,9,7000,730,approve,94,True,6,6,6,6,6,6,7,6,7,5,7,6,6.17,True,10.6,calibrated
R274,44,female,4,surface,10,25000,620,deny,69,True,4,3,5,4,5,2,5,4,2,4,4,5,3.92,True,14.0,under-trust
R275,43,male,5,surface,1,8000,610,deny,82,True,7,6,7,6,7,5,7,5,6,6,7,7,6.33,True,23.5,calibrated
R275,43,male,5,surface,2,15000,705,approve,91,True,6,5,6,7,6,6,6,5,5,6,6,5,5.75,True,12.4,calibrated
R275,43,male,5,surface,3,22000,640,approve,58,True,4,5,4,5,4,6,6,5,5,5,4,5,4.83,True,8.4,calibrated
R275,43,male,5,surface,4,5000,590,deny,74,True,6,6,7,6,6,7,7,6,6,7,6,6,6.33,True,18.5,calibrated
R275,43,male,5,surface,5,30000,720,approve,88,True,5,6,4,5,6,6,6,5,7,6,6,5,5.58,True,5.8,calibrated
R275,43,male,5,surface,6,12000,655,deny,63,False,5,5,4,5,4,4,4,5,5,5,4,5,4.58,True,12.2,over-trust
R275,43,male,5,surface,7,9000,680,approve,77,True,5,4,5,3,4,5,5,7,6,6,5,5,5,True,11.9,calibrated
R275,43,male,5,surface,8,18000,600,approve,55,False,2,2,3,3,4,3,4,5,3,3,2,2,3,False,11.4,calibrated
R275,43,male,5,surface,9,7000,730,approve,94,True,6,6,7,7,7,6,7,7,7,6,6,6,6.5,True,13.7,calibrated
R275,43,male,5,surface,10,25000,620,deny,69,True,5,6,6,6,5,5,5,5,4,6,5,4,5.17,False,7.0,calibrated
R276,34,male,2,surface,1,8000,610,deny,82,True,7,7,6,6,6,6,6,6,6,6,6,6,6.17,True,18.2,calibrated
R276,34,male,2,surface,2,15000,705,approve,91,True,4,5,4,5,5,5,5,4,4,5,5,4,4.58,True,12.2,calibrated
R276,34,male,2,surface,3,22000,640,approve,58,True,5,5,5,5,3,4,5,6,3,5,4,5,4.58,False,3.2,calibrated
R276,34,male,2,surface,4,5000,590,deny,74,True,5,6,5,5,6,6,4,5,7,5,6,6,5.5,True,13.2,calibrated
R276,34,male,2,surface,5,30000,720,approve,88,True,5,6,5,5,5,5,5,6,6,6,6,6,5.5,False,8.7,calibrated
R276,34,male,2,surface,6,12000,655,deny,63,False,4,4,5,3,4,4,3,4,4,4,5,4,4,True,11.9,over-trust
R276,34,male,2,surface,7,9000,680,approve,77,True,5,5,5,7,5,5,5,5,7,5,4,6,5.33,False,15.5,calibrated
R276,34,male,2,surface,8,18000,600,approve,55,False,4,3,3,3,4,3,4,4,4,4,3,3,3.5,False,8.3,calibrated
R276,34,male,2,surface,9,7000,730,approve,94,True,6,6,7,7,7,6,7,6,6,5,7,6,6.33,True,15.5,calibrated
R276,34,male,2,surface,10,25000,620,deny,69,True,6,5,5,4,5,5,5,5,6,6,5,5,5.17,True,20.6,calibrated
R277,43,male,2,none,1,8000,610,deny,82,True,3,6,5,3,4,5,4,5,5,4,4,5,4.42,False,9.7,calibrated
R277,43,male,2,none,2,15000,705,approve,91,True,6,5,6,7,6,7,6,5,5,5,5,5,5.67,True,15.6,calibrated
R277,43,male,2,none,3,22000,640,approve,58,True,4,5,5,4,3,5,6,5,4,4,3,4,4.33,True,23.1,calibrated
R277,43,male,2,none,4,5000,590,deny,74,True,5,5,5,4,6,6,5,4,6,6,6,5,5.25,True,19.0,calibrated
R277,43,male,2,none,5,30000,720,approve,88,True,6,6,5,6,6,5,6,6,5,6,5,7,5.75,True,17.4,calibrated
R277,43,male,2,none,6,12000,655,deny,63,False,3,4,3,3,3,3,4,2,4,3,5,4,3.42,False,23.7,calibrated
R277,43,male,2,none,7,9000,680,approve,77,True,4,6,5,5,5,4,5,5,5,5,4,5,4.83,False,13.6,calibrated
R277,43,male,2,none,8,18000,600,approve,55,False,4,5,4,4,4,3,3,3,3,3,3,3,3.5,True,10.5,calibrated
R277,43,male,2,none,9,7000,730,approve,94,True,7,5,6,5,5,5,6,6,6,5,6,7,5.75,True,20.8,calibrated
R277,43,male,2,none,10,25000,620,deny,69,True,5,5,3,6,4,5,4,4,4,4,4,5,4.42,True,10.4,calibrated
R278,36,female,3,counterfactual,1,8000,610,deny,82,True,7,7,6,7,7,7,6,7,7,7,7,7,6.83,True,14.8,calibrated
R278,36,female,3,counterfactual,2,15000,705,approve,91,True,7,5,6,6,7,5,7,6,7,6,7,6,6.25,True,4.0,calibrated
R278,36,female,3,counterfactual,3,22000,640,approve,58,True,7,5,6,7,6,5,7,5,5,5,6,6,5.83,True,10.5,calibrated
R278,36,female,3,counterfactual,4,5000,590,deny,74,True,6,7,6,6,6,6,6,6,6,6,7,7,6.25,True,12.7,calibrated
R278,36,female,3,counterfactual,5,30000,720,approve,88,True,5,5,6,5,5,4,6,5,5,6,4,4,5,True,10.4,calibrated
R278,36,female,3,counterfactual,6,12000,655,deny,63,False,2,2,4,3,4,2,3,4,3,2,3,3,2.92,False,22.3,calibrated
R278,36,female,3,counterfactual,7,9000,680,approve,77,True,5,6,6,5,5,5,5,6,5,5,6,4,5.25,False,9.2,calibrated
R278,36,female,3,counterfactual,8,18000,600,approve,55,False,2,3,2,3,1,3,2,3,3,1,2,4,2.42,False,9.0,calibrated
R278,36,female,3,counterfactual,9,7000,730,approve,94,True,6,5,7,7,7,7,6,6,7,6,7,7,6.5,True,10.5,calibrated
R278,36,female,3,counterfactual,10,25000,620,deny,69,True,5,6,5,6,6,6,5,7,6,6,5,7,5.83,True,11.1,calibrated
R279,42,female,5,surface,1,8000,610,deny,82,True,5,5,6,6,4,5,6,5,6,6,5,4,5.25,True,21.8,calibrated
R279,42,female,5,surface,2,15000,705,approve,91,True,6,7,6,6,5,5,4,6,5,7,5,5,5.58,True,8.8,calibrated
R279,42,female,5,surface,3,22000,640,approve,58,True,5,4,4,6,6,5,5,5,6,4,4,6,5,True,13.7,calibrated
R279,42,female,5,surface,4,5000,590,deny,74,True,7,7,7,7,6,6,6,5,7,6,6,5,6.25,False,9.5,calibrated
R279,42,female,5,surface,5,30000,720,approve,88,True,5,6,6,6,6,6,6,6,5,6,6,6,5.83,True,10.2,calibrated
R279,42,female,5,surface,6,12000,655,deny,63,False,4,4,4,4,3,4,5,4,4,4,4,3,3.92,False,14.6,calibrated
R279,42,female,5,surface,7,9000,680,approve,77,True,5,6,7,5,5,5,5,5,6,6,7,6,5.67,True,15.3,calibrated
R279,42,female,5,surface,8,18000,600,approve,55,False,3,4,6,4,3,3,2,4,2,4,3,4,3.5,False,11.5,calibrated
R279,42,female,5,surface,9,7000,730,approve,94,True,6,6,6,6,6,6,6,6,7,6,5,5,5.92,True,13.9,calibrated
R279,42,female,5,surface,10,25000,620,deny,69,True,5,5,5,4,6,5,6,6,4,5,4,6,5.08,False,12.0,calibrated
R280,31,female,1,surface,1,8000,610,deny,82,True,6,5,6,6,5,5,6,4,5,5,4,6,5.25,True,13.4,calibrated
R280,31,female,1,surface,2,15000,705,approve,91,True,6,5,5,5,6,6,6,6,5,6,6,6,5.67,True,13.1,calibrated
R280,31,female,1,surface,3,22000,640,approve,58,True,6,5,5,5,4,5,5,6,5,5,5,5,5.08,False,14.1,calibrated
R280,31,female,1,surface,4,5000,590,deny,74,True,5,4,5,5,7,6,7,6,5,6,6,5,5.58,True,6.6,calibrated
R280,31,female,1,surface,5,30000,720,approve,88,True,6,6,7,5,7,6,5,6,7,6,7,6,6.17,True,13.2,calibrated
R280,31,female,1,surface,6,12000,655,deny,63,False,2,3,3,3,3,5,3,3,3,2,5,3,3.17,True,11.2,calibrated
R280,31,female,1,surface,7,9000,680,approve,77,True,6,5,5,5,5,4,6,6,6,5,5,5,5.25,False,8.2,calibrated
R280,31,female,1,surface,8,18000,600,approve,55,False,3,3,3,4,4,3,3,4,3,4,4,4,3.5,True,8.6,calibrated
R280,31,female,1,surface,9,7000,730,approve,94,True,5,7,6,7,6,5,6,7,6,5,5,6,5.92,True,24.9,calibrated
R280,31,female,1,surface,10,25000,620,deny,69,True,4,4,4,5,4,5,6,5,4,4,4,5,4.5,False,14.0,calibrated
R281,24,male,4,counterfactual,1,8000,610,deny,82,True,7,6,7,6,7,7,7,6,7,7,7,7,6.75,True,8.9,calibrated
R281,24,male,4,counterfactual,2,15000,705,approve,91,True,6,6,7,7,6,6,7,6,7,7,7,7,6.58,True,17.2,calibrated
R281,24,male,4,counterfactual,3,22000,640,approve,58,True,7,7,6,7,4,5,5,6,7,6,6,6,6,True,9.6,calibrated
R281,24,male,4,counterfactual,4,5000,590,deny,74,True,7,5,6,6,7,7,6,7,6,6,7,7,6.42,True,13.3,calibrated
R281,24,male,4,counterfactual,5,30000,720,approve,88,True,6,6,6,7,6,6,7,6,6,7,5,7,6.25,True,16.2,calibrated
R281,24,male,4,counterfactual,6,12000,655,deny,63,False,3,3,2,2,5,4,2,3,4,3,3,3,3.08,True,12.8,calibrated
R281,24,male,4,counterfactual,7,9000,680,approve,77,True,6,7,6,5,6,6,7,6,7,7,7,6,6.33,True,11.9,calibrated
R281,24,male,4,counterfactual,8,18000,600,approve,55,False,2,3,3,2,2,2,4,3,2,4,3,3,2.75,False,18.8,calibrated
R281,24,male,4,counterfactual,9,7000,730,approve,94,True,5,6,6,5,7,6,6,6,7,7,6,7,6.17,True,21.8,calibrated
R281,24,male,4,counterfactual,10,25000,620,deny,69,True,5,6,6,6,6,7,5,6,5,7,7,7,6.08,True,17.0,calibrated
R282,19,male,4,counterfactual,1,8000,610,deny,82,True,5,6,4,5,6,5,6,6,5,6,6,7,5.58,True,3.9,calibrated
R282,19,male,4,counterfactual,2,15000,705,approve,91,True,6,7,6,6,6,6,5,6,6,5,6,5,5.83,True,7.3,calibrated
R282,19,male,4,counterfactual,3,22000,640,approve,58,True,6,6,6,5,7,5,6,6,5,5,6,6,5.75,True,23.7,calibrated
R282,19,male,4,counterfactual,4,5000,590,deny,74,True,6,5,6,6,7,7,6,5,7,6,6,6,6.08,True,10.4,calibrated
R282,19,male,4,counterfactual,5,30000,720,approve,88,True,6,7,7,6,6,6,7,6,7,6,6,6,6.33,True,14.4,calibrated
R282,19,male,4,counterfactual,6,12000,655,deny,63,False,4,2,2,3,3,3,4,3,3,3,3,3,3,True,17.4,calibrated
R282,19,male,4,counterfactual,7,9000,680,approve,77,True,6,6,6,5,6,6,6,6,7,6,5,6,5.92,True,7.3,calibrated
R282,19,male,4,counterfactual,8,18000,600,approve,55,False,3,3,3,4,3,2,3,3,2,4,4,2,3,False,6.2,calibrated
R282,19,male,4,counterfactual,9,7000,730,approve,94,True,7,7,6,7,7,6,7,7,7,6,7,6,6.67,True,16.0,calibrated
R282,19,male,4,counterfactual,10,25000,620,deny,69,True,6,6,6,6,6,6,6,7,6,3,6,6,5.83,True,15.4,calibrated
R283,39,male,3,surface,1,8000,610,deny,82,True,5,5,6,6,6,5,6,5,6,5,6,4,5.42,True,12.4,calibrated
R283,39,male,3,surface,2,15000,705,approve,91,True,5,6,5,6,6,5,6,6,5,6,5,7,5.67,False,13.0,calibrated
R283,39,male,3,surface,3,22000,640,approve,58,True,6,4,5,6,4,5,5,5,4,5,5,6,5,False,19.3,calibrated
R283,39,male,3,surface,4,5000,590,deny,74,True,6,6,5,4,5,5,6,5,6,6,6,6,5.5,False,15.5,calibrated
R283,39,male,3,surface,5,30000,720,approve,88,True,6,7,6,6,6,7,6,5,6,6,4,6,5.92,False,16.4,calibrated
R283,39,male,3,surface,6,12000,655,deny,63,False,4,3,4,4,3,3,4,3,3,5,4,5,3.75,True,14.7,calibrated
R283,39,male,3,surface,7,9000,680,approve,77,True,5,4,4,5,5,5,6,4,6,4,5,4,4.75,True,21.0,calibrated
R283,39,male,3,surface,8,18000,600,approve,55,False,6,4,5,4,4,3,5,5,4,5,4,5,4.5,True,14.9,over-trust
R283,39,male,3,surface,9,7000,730,approve,94,True,6,6,7,7,6,7,7,7,7,6,7,6,6.58,True,23.9,calibrated
R283,39,male,3,surface,10,25000,620,deny,69,True,6,5,5,5,6,5,5,5,5,5,6,6,5.33,True,17.2,calibrated
R284,50,female,1,surface,1,8000,610,deny,82,True,6,5,4,6,5,6,5,5,6,4,5,5,5.17,True,5.8,calibrated
R284,50,female,1,surface,2,15000,705,approve,91,True,7,6,5,4,7,5,7,6,6,6,5,7,5.92,True,10.8,calibrated
R284,50,female,1,surface,3,22000,640,approve,58,True,5,5,6,6,5,4,4,5,4,5,6,4,4.92,True,17.3,calibrated
R284,50,female,1,surface,4,5000,590,deny,74,True,6,5,3,5,5,5,5,3,5,4,5,4,4.58,False,10.9,calibrated
R284,50,female,1,surface,5,30000,720,approve,88,True,4,5,5,4,4,5,6,5,5,4,3,4,4.5,True,18.5,calibrated
R284,50,female,1,surface,6,12000,655,deny,63,False,3,3,4,4,4,5,4,5,5,5,3,4,4.08,True,13.3,over-trust
R284,50,female,1,surface,7,9000,680,approve,77,True,6,6,6,5,7,5,6,6,4,5,7,6,5.75,True,15.4,calibrated
R284,50,female,1,surface,8,18000,600,approve,55,False,3,3,3,4,4,3,4,6,3,4,3,4,3.67,True,3,calibrated
R284,50,female,1,surface,9,7000,730,approve,94,True,7,6,5,6,6,5,6,7,6,7,7,6,6.17,True,19.8,calibrated
R284,50,female,1,surface,10,25000,620,deny,69,True,5,6,7,7,7,7,5,5,5,5,6,6,5.92,True,22.0,calibrated
R285,32,male,4,surface,1,8000,610,deny,82,True,5,4,4,4,6,5,5,5,6,4,5,5,4.83,True,5.2,calibrated
R285,32,male,4,surface,2,15000,705,approve,91,True,5,7,6,7,6,6,5,6,6,7,6,5,6,False,18.0,calibrated
R285,32,male,4,surface,3,22000,640,approve,58,True,4,3,5,5,5,5,5,4,5,4,5,6,4.67,True,6.3,calibrated
R285,32,male,4,surface,4,5000,590,deny,74,True,5,5,5,4,5,5,6,6,5,4,5,6,5.08,True,16.1,calibrated
R285,32,male,4,surface,5,30000,720,approve,88,True,5,5,7,5,5,6,5,6,7,5,5,6,5.58,True,9.6,calibrated
R285,32,male,4,surface,6,12000,655,deny,63,False,3,4,4,4,5,5,5,4,4,4,3,3,4,False,15.3,over-trust
R285,32,male,4,surface,7,9000,680,approve,77,True,5,5,5,5,5,5,4,5,5,5,6,6,5.08,False,5.9,calibrated
R285,32,male,4,surface,8,18000,600,approve,55,False,4,4,4,5,4,4,3,4,3,3,4,4,3.83,True,20.2,calibrated
R285,32,male,4,surface,9,7000,730,approve,94,True,6,6,5,6,6,5,6,6,6,5,6,7,5.83,False,16.3,calibrated
R285,32,male,4,surface,10,25000,620,deny,69,True,6,5,6,7,6,6,6,6,6,6,5,6,5.92,True,14.0,calibrated
R286,18,female,3,counterfactual,1,8000,610,deny,82,True,6,6,7,5,6,7,6,6,6,6,6,7,6.17,True,12.0,calibrated
R286,18,female,3,counterfactual,2,15000,705,approve,91,True,6,7,6,7,6,7,7,7,5,7,7,7,6.58,True,15.8,calibrated
R286,18,female,3,counterfactual,3,22000,640,approve,58,True,7,6,5,6,7,6,7,6,6,6,7,5,6.17,True,11.4,calibrated
R286,18,female,3,counterfactual,4,5000,590,deny,74,True,6,5,5,6,6,7,6,7,6,6,5,6,5.92,True,19.2,calibrated
R286,18,female,3,counterfactual,5,30000,720,approve,88,True,6,7,6,6,6,7,6,7,7,6,6,7,6.42,True,15.4,calibrated
R286,18,female,3,counterfactual,6,12000,655,deny,63,False,4,4,3,3,4,3,2,4,4,5,5,5,3.83,True,14.9,calibrated
R286,18,female,3,counterfactual,7,9000,680,approve,77,True,5,6,7,6,7,4,6,7,7,7,6,6,6.17,True,11.8,calibrated
R286,18,female,3,counterfactual,8,18000,600,approve,55,False,3,2,3,3,2,3,2,2,3,2,3,4,2.67,True,14.2,calibrated
R286,18,female,3,counterfactual,9,7000,730,approve,94,True,6,6,7,7,6,6,7,6,6,5,6,7,6.25,True,13.3,calibrated
R286,18,female,3,counterfactual,10,25000,620,deny,69,True,6,6,7,5,5,7,5,6,6,7,7,6,6.08,True,12.4,calibrated
R287,28,female,2,counterfactual,1,8000,610,deny,82,True,6,7,7,6,6,6,7,5,7,6,6,5,6.17,True,12.9,calibrated
R287,28,female,2,counterfactual,2,15000,705,approve,91,True,7,6,6,7,7,6,7,7,7,6,7,7,6.67,True,18.3,calibrated
R287,28,female,2,counterfactual,3,22000,640,approve,58,True,5,5,5,4,5,5,4,5,5,5,4,4,4.67,False,15.5,calibrated
R287,28,female,2,counterfactual,4,5000,590,deny,74,True,6,5,5,7,7,7,6,6,6,7,6,5,6.08,True,13.2,calibrated
R287,28,female,2,counterfactual,5,30000,720,approve,88,True,6,6,7,7,6,7,6,6,6,6,7,5,6.25,True,14.9,calibrated
R287,28,female,2,counterfactual,6,12000,655,deny,63,False,3,3,3,3,4,3,5,3,3,4,3,4,3.42,True,9.5,calibrated
R287,28,female,2,counterfactual,7,9000,680,approve,77,True,7,5,6,7,7,6,6,7,5,5,6,6,6.08,True,8.8,calibrated
R287,28,female,2,counterfactual,8,18000,600,approve,55,False,3,4,3,3,3,4,3,3,3,3,3,2,3.08,False,8.7,calibrated
R287,28,female,2,counterfactual,9,7000,730,approve,94,True,6,7,7,7,6,7,6,7,6,7,7,7,6.67,True,14.1,calibrated
R287,28,female,2,counterfactual,10,25000,620,deny,69,True,7,7,5,6,5,7,6,6,5,5,6,6,5.92,True,27.3,calibrated
R288,40,male,4,counterfactual,1,8000,610,deny,82,True,7,7,7,7,7,7,7,5,6,7,7,6,6.67,True,15.7,calibrated
R288,40,male,4,counterfactual,2,15000,705,approve,91,True,7,7,7,6,7,6,6,6,7,7,6,6,6.5,True,15.6,calibrated
R288,40,male,4,counterfactual,3,22000,640,approve,58,True,6,5,4,5,5,4,5,6,6,6,5,5,5.17,True,13.6,calibrated
R288,40,male,4,counterfactual,4,5000,590,deny,74,True,6,6,5,6,6,6,7,6,6,6,5,6,5.92,True,3,calibrated
R288,40,male,4,counterfactual,5,30000,720,approve,88,True,5,6,6,5,6,7,6,5,6,7,6,7,6,True,10.8,calibrated
R288,40,male,4,counterfactual,6,12000,655,deny,63,False,2,3,2,4,3,3,4,4,2,3,3,3,3,True,12.4,calibrated
R288,40,male,4,counterfactual,7,9000,680,approve,77,True,6,7,5,6,5,6,6,6,6,6,5,6,5.83,True,11.9,calibrated
R288,40,male,4,counterfactual,8,18000,600,approve,55,False,2,4,2,4,3,3,3,2,3,2,3,3,2.83,True,8.4,calibrated
R288,40,male,4,counterfactual,9,7000,730,approve,94,True,7,6,6,5,7,7,7,7,7,7,6,7,6.58,True,4.3,calibrated
R288,40,male,4,counterfactual,10,25000,620,deny,69,True,6,4,5,6,5,6,7,5,7,6,6,7,5.83,True,15.7,calibrated
R289,37,female,3,none,1,8000,610,deny,82,True,5,5,6,5,5,5,4,5,5,5,5,4,4.92,True,20.8,calibrated
R289,37,female,3,none,2,15000,705,approve,91,True,3,5,3,5,4,5,5,4,4,5,5,4,4.33,True,9.9,calibrated
R289,37,female,3,none,3,22000,640,approve,58,True,5,5,5,5,4,5,4,4,5,4,4,4,4.5,True,11.3,calibrated
R289,37,female,3,none,4,5000,590,deny,74,True,5,6,5,5,4,5,6,5,4,5,5,3,4.83,False,23.2,calibrated
R289,37,female,3,none,5,30000,720,approve,88,True,7,6,7,5,5,5,6,7,6,6,5,5,5.83,True,12.0,calibrated
R289,37,female,3,none,6,12000,655,deny,63,False,3,3,4,2,4,3,3,4,2,4,3,3,3.17,False,7.1,calibrated
R289,37,female,3,none,7,9000,680,approve,77,True,6,5,5,6,7,5,6,6,5,5,6,5,5.58,True,9.8,calibrated
R289,37,female,3,none,8,18000,600,approve,55,False,6,5,6,5,4,4,6,5,5,5,6,4,5.08,True,13.6,over-trust
R289,37,female,3,none,9,7000,730,approve,94,True,5,6,5,5,5,6,6,6,6,5,4,5,5.33,True,11.6,calibrated
R289,37,female,3,none,10,25000,620,deny,69,True,5,5,5,5,5,5,5,7,4,6,4,5,5.08,True,9.7,calibrated
R290,41,male,3,surface,1,8000,610,deny,82,True,6,5,6,6,7,5,6,3,5,6,6,5,5.5,True,12.1,calibrated
R290,41,male,3,surface,2,15000,705,approve,91,True,5,6,5,5,4,5,4,4,5,7,5,4,4.92,True,6.8,calibrated
R290,41,male,3,surface,3,22000,640,approve,58,True,4,4,4,3,4,3,4,5,5,5,4,5,4.17,False,9.8,calibrated
R290,41,male,3,surface,4,5000,590,deny,74,True,6,5,6,5,6,3,6,6,5,3,6,5,5.17,True,7.6,calibrated
R290,41,male,3,surface,5,30000,720,approve,88,True,5,6,5,7,6,6,6,6,6,6,5,6,5.83,True,15.8,calibrated
R290,41,male,3,surface,6,12000,655,deny,63,False,3,3,4,4,4,3,4,3,3,3,6,3,3.58,False,12.2,calibrated
R290,41,male,3,surface,7,9000,680,approve,77,True,6,5,5,6,4,5,6,5,6,6,6,4,5.33,True,7.8,calibrated
R290,41,male,3,surface,8,18000,600,approve,55,False,4,4,3,3,3,2,3,2,3,2,5,2,3,False,13.6,calibrated
R290,41,male,3,surface,9,7000,730,approve,94,True,5,5,5,5,5,5,5,5,5,5,5,6,5.08,True,6.5,calibrated
R290,41,male,3,surface,10,25000,620,deny,69,True,5,4,5,6,4,6,5,5,5,5,6,4,5,True,20.3,calibrated
R291,33,male,3,surface,1,8000,610,deny,82,True,5,5,6,6,6,6,4,5,6,5,4,6,5.33,True,12.2,calibrated
R291,33,male,3,surface,2,15000,705,approve,91,True,7,7,6,6,7,7,7,6,7,7,7,6,6.67,True,12.0,calibrated
R291,33,male,3,surface,3,22000,640,approve,58,True,6,5,4,5,5,5,4,6,5,5,7,5,5.17,True,17.4,calibrated
R291,33,male,3,surface,4,5000,590,deny,74,True,7,5,6,6,5,5,6,6,4,6,4,6,5.5,False,18.2,calibrated
R291,33,male,3,surface,5,30000,720,approve,88,True,6,6,6,5,5,5,5,5,6,6,4,4,5.25,True,14.9,calibrated
R291,33,male,3,surface,6,12000,655,deny,63,False,4,3,5,4,3,4,4,4,4,3,5,4,3.92,False,3,calibrated
R291,33,male,3,surface,7,9000,680,approve,77,True,6,6,5,6,6,4,5,4,6,5,5,5,5.25,True,6.7,calibrated
R291,33,male,3,surface,8,18000,600,approve,55,False,4,3,4,3,4,4,4,3,3,4,3,4,3.58,False,6.3,calibrated
R291,33,male,3,surface,9,7000,730,approve,94,True,4,5,5,6,7,6,5,6,5,6,7,7,5.75,True,9.2,calibrated
R291,33,male,3,surface,10,25000,620,deny,69,True,6,5,5,5,6,5,6,5,5,6,5,4,5.25,True,10.6,calibrated
R292,38,female,3,none,1,8000,610,deny,82,True,5,5,6,5,6,4,6,5,6,6,6,6,5.5,True,25.0,calibrated
R292,38,female,3,none,2,15000,705,approve,91,True,4,5,5,5,5,6,4,5,4,5,6,6,5,True,19.5,calibrated
R292,38,female,3,none,3,22000,640,approve,58,True,4,5,5,5,5,3,5,4,5,4,4,4,4.42,False,12.0,calibrated
R292,38,female,3,none,4,5000,590,deny,74,True,5,5,5,5,4,4,4,5,4,5,3,4,4.42,True,13.8,calibrated
R292,38,female,3,none,5,30000,720,approve,88,True,5,6,5,7,6,6,7,6,4,5,4,6,5.58,True,8.5,calibrated
R292,38,female,3,none,6,12000,655,deny,63,False,4,3,3,3,5,4,4,4,4,3,4,4,3.75,False,14.1,calibrated
R292,38,female,3,none,7,9000,680,approve,77,True,5,3,6,3,5,5,4,5,3,3,4,3,4.08,True,13.4,calibrated
R292,38,female,3,none,8,18000,600,approve,55,False,4,4,3,4,5,5,4,3,3,4,5,4,4,False,12.1,over-trust
R292,38,female,3,none,9,7000,730,approve,94,True,5,6,6,5,6,5,6,7,5,6,7,5,5.75,False,11.5,calibrated
R292,38,female,3,none,10,25000,620,deny,69,True,5,4,5,5,4,5,5,5,4,4,4,5,4.58,True,13.8,calibrated
R293,48,female,3,surface,1,8000,610,deny,82,True,5,6,5,6,6,5,6,4,5,7,4,4,5.25,True,16.5,calibrated
R293,48,female,3,surface,2,15000,705,approve,91,True,6,7,6,6,5,6,7,6,6,5,6,6,6,True,3,calibrated
R293,48,female,3,surface,3,22000,640,approve,58,True,3,5,4,5,6,5,6,5,6,7,4,4,5,False,14.8,calibrated
R293,48,female,3,surface,4,5000,590,deny,74,True,5,5,6,5,5,6,5,6,5,5,5,6,5.33,True,9.9,calibrated
R293,48,female,3,surface,5,30000,720,approve,88,True,6,5,5,5,6,7,6,6,7,7,7,6,6.08,True,9.1,calibrated
R293,48,female,3,surface,6,12000,655,deny,63,False,2,3,4,4,4,3,3,3,5,3,3,4,3.42,False,5.0,calibrated
R293,48,female,3,surface,7,9000,680,approve,77,True,5,5,7,4,7,6,4,5,5,6,5,6,5.42,True,16.4,calibrated
R293,48,female,3,surface,8,18000,600,approve,55,False,3,2,4,2,3,3,3,5,3,4,4,2,3.17,True,8.2,calibrated
R293,48,female,3,surface,9,7000,730,approve,94,True,6,6,6,6,7,7,6,6,6,5,6,7,6.17,True,10.9,calibrated
R293,48,female,3,surface,10,25000,620,deny,69,True,5,5,5,6,5,5,5,5,4,5,5,5,5,True,12.5,calibrated
R294,31,male,4,counterfactual,1,8000,610,deny,82,True,6,7,5,6,7,6,6,7,6,5,7,5,6.08,True,13.5,calibrated
R294,31,male,4,counterfactual,2,15000,705,approve,91,True,7,6,6,7,7,7,7,6,6,6,7,7,6.58,True,13.7,calibrated
R294,31,male,4,counterfactual,3,22000,640,approve,58,True,7,7,6,6,6,5,5,6,6,6,6,6,6,True,13.4,calibrated
R294,31,male,4,counterfactual,4,5000,590,deny,74,True,6,6,6,5,6,7,6,5,6,7,6,7,6.08,False,9.3,calibrated
R294,31,male,4,counterfactual,5,30000,720,approve,88,True,7,6,6,6,6,7,7,7,7,7,7,7,6.67,False,26.0,calibrated
R294,31,male,4,counterfactual,6,12000,655,deny,63,False,4,2,2,4,2,4,2,3,3,3,3,4,3,False,17.9,calibrated
R294,31,male,4,counterfactual,7,9000,680,approve,77,True,6,6,6,7,6,6,5,6,6,6,6,6,6,True,19.0,calibrated
R294,31,male,4,counterfactual,8,18000,600,approve,55,False,3,3,1,3,1,4,2,3,3,3,3,2,2.58,True,8.8,calibrated
R294,31,male,4,counterfactual,9,7000,730,approve,94,True,6,6,7,6,6,6,6,5,7,7,6,7,6.25,True,18.8,calibrated
R294,31,male,4,counterfactual,10,25000,620,deny,69,True,7,6,6,6,6,5,7,6,7,5,5,5,5.92,False,10.1,calibrated
R295,24,female,3,none,1,8000,610,deny,82,True,5,4,5,5,7,5,6,5,5,6,6,5,5.33,True,11.7,calibrated
R295,24,female,3,none,2,15000,705,approve,91,True,6,6,5,6,6,6,6,6,6,5,5,5,5.67,True,12.2,calibrated
R295,24,female,3,none,3,22000,640,approve,58,True,4,5,5,4,4,6,4,4,4,5,6,4,4.58,True,17.9,calibrated
R295,24,female,3,none,4,5000,590,deny,74,True,4,5,6,5,6,5,6,6,5,4,4,5,5.08,True,14.4,calibrated
R295,24,female,3,none,5,30000,720,approve,88,True,4,7,5,5,5,6,4,5,6,6,5,3,5.08,True,10.9,calibrated
R295,24,female,3,none,6,12000,655,deny,63,False,5,5,5,4,4,4,3,4,5,4,4,5,4.33,True,16.1,over-trust
R295,24,female,3,none,7,9000,680,approve,77,True,4,5,5,6,6,4,5,5,6,5,5,5,5.08,True,19.2,calibrated
R295,24,female,3,none,8,18000,600,approve,55,False,4,3,3,5,4,3,4,3,5,4,3,5,3.83,True,21.2,calibrated
R295,24,female,3,none,9,7000,730,approve,94,True,7,6,6,7,6,6,4,5,6,6,5,5,5.75,True,12.0,calibrated
R295,24,female,3,none,10,25000,620,deny,69,True,5,4,5,5,4,5,5,4,4,5,4,5,4.58,True,12.7,calibrated
R296,41,male,4,counterfactual,1,8000,610,deny,82,True,7,7,6,7,7,6,6,7,7,6,5,7,6.5,True,10.6,calibrated
R296,41,male,4,counterfactual,2,15000,705,approve,91,True,6,6,6,6,7,7,7,7,6,6,6,6,6.33,True,20.5,calibrated
R296,41,male,4,counterfactual,3,22000,640,approve,58,True,7,6,7,7,6,5,6,6,5,6,6,6,6.08,True,3,calibrated
R296,41,male,4,counterfactual,4,5000,590,deny,74,True,6,5,4,5,5,5,4,4,5,5,5,6,4.92,True,17.7,calibrated
R296,41,male,4,counterfactual,5,30000,720,approve,88,True,7,7,6,6,6,6,7,7,6,6,6,6,6.33,True,11.8,calibrated
R296,41,male,4,counterfactual,6,12000,655,deny,63,False,4,5,4,3,3,5,4,3,4,3,3,4,3.75,True,13.0,calibrated
R296,41,male,4,counterfactual,7,9000,680,approve,77,True,6,5,7,5,6,6,6,5,6,6,5,7,5.83,True,15.3,calibrated
R296,41,male,4,counterfactual,8,18000,600,approve,55,False,3,3,3,3,3,3,3,4,2,1,2,4,2.83,False,6.8,calibrated
R296,41,male,4,counterfactual,9,7000,730,approve,94,True,6,7,5,7,7,7,7,7,7,7,7,6,6.67,True,15.6,calibrated
R296,41,male,4,counterfactual,10,25000,620,deny,69,True,6,7,5,6,5,5,6,5,5,5,5,6,5.5,True,17.2,calibrated
R297,43,male,4,counterfactual,1,8000,610,deny,82,True,7,7,7,6,7,7,7,7,6,7,7,7,6.83,True,11.0,calibrated
R297,43,male,4,counterfactual,2,15000,705,approve,91,True,6,6,6,6,6,7,6,6,6,5,7,6,6.08,True,13.6,calibrated
R297,43,male,4,counterfactual,3,22000,640,approve,58,True,7,5,6,6,6,7,4,6,4,4,6,6,5.58,False,7.4,calibrated
R297,43,male,4,counterfactual,4,5000,590,deny,74,True,5,6,4,5,7,6,6,5,5,5,5,6,5.42,True,13.4,calibrated
R297,43,male,4,counterfactual,5,30000,720,approve,88,True,5,6,7,6,5,6,7,7,7,7,7,7,6.42,True,18.9,calibrated
R297,43,male,4,counterfactual,6,12000,655,deny,63,False,4,6,3,3,2,3,4,3,3,2,3,3,3.25,True,17.2,calibrated
R297,43,male,4,counterfactual,7,9000,680,approve,77,True,6,6,7,7,6,6,6,6,6,4,5,6,5.92,False,15.0,calibrated
R297,43,male,4,counterfactual,8,18000,600,approve,55,False,3,4,3,2,2,3,3,3,3,4,3,3,3,False,6.9,calibrated
R297,43,male,4,counterfactual,9,7000,730,approve,94,True,7,7,7,7,7,6,7,7,7,7,7,7,6.92,True,5.8,calibrated
R297,43,male,4,counterfactual,10,25000,620,deny,69,True,6,6,6,5,6,5,5,5,5,6,6,5,5.5,True,10.0,calibrated
R298,45,female,4,none,1,8000,610,deny,82,True,5,6,3,5,5,4,5,4,5,5,7,5,4.92,True,8.9,calibrated
R298,45,female,4,none,2,15000,705,approve,91,True,5,6,3,3,5,5,4,5,5,4,6,5,4.67,True,13.0,calibrated
R298,45,female,4,none,3,22000,640,approve,58,True,5,4,3,3,5,3,5,4,4,5,4,4,4.08,True,15.7,calibrated
R298,45,female,4,none,4,5000,590,deny,74,True,4,6,6,4,5,3,5,5,6,6,6,7,5.25,True,13.6,calibrated
R298,45,female,4,none,5,30000,720,approve,88,True,6,5,5,5,5,6,7,6,5,5,6,5,5.5,True,18.1,calibrated
R298,45,female,4,none,6,12000,655,deny,63,False,5,5,4,5,3,3,5,3,3,4,5,3,4,True,16.5,over-trust
R298,45,female,4,none,7,9000,680,approve,77,True,4,6,6,4,4,6,6,4,4,4,6,5,4.92,True,17.0,calibrated
R298,45,female,4,none,8,18000,600,approve,55,False,4,5,4,4,4,4,3,3,5,4,4,4,4,True,11.5,over-trust
R298,45,female,4,none,9,7000,730,approve,94,True,6,6,6,7,6,6,6,7,5,6,6,6,6.08,True,10.3,calibrated
R298,45,female,4,none,10,25000,620,deny,69,True,5,4,4,5,4,4,4,5,4,4,5,4,4.33,False,7.3,calibrated
R299,18,female,4,surface,1,8000,610,deny,82,True,6,5,6,5,6,5,6,6,5,5,6,6,5.58,True,7.4,calibrated
R299,18,female,4,surface,2,15000,705,approve,91,True,6,7,6,5,6,4,6,5,6,5,7,6,5.75,True,19.0,calibrated
R299,18,female,4,surface,3,22000,640,approve,58,True,5,4,6,6,4,7,5,3,6,5,4,4,4.92,False,20.6,calibrated
R299,18,female,4,surface,4,5000,590,deny,74,True,5,4,5,5,5,5,4,4,5,5,6,5,4.83,False,16.4,calibrated
R299,18,female,4,surface,5,30000,720,approve,88,True,6,6,6,6,5,7,6,6,7,6,6,5,6,True,10.1,calibrated
R299,18,female,4,surface,6,12000,655,deny,63,False,4,5,3,3,5,4,4,3,4,4,6,4,4.08,True,7.4,over-trust
R299,18,female,4,surface,7,9000,680,approve,77,True,4,7,5,6,5,5,6,6,6,6,6,5,5.58,True,20.7,calibrated
R299,18,female,4,surface,8,18000,600,approve,55,False,2,3,3,4,2,4,2,3,2,3,3,2,2.75,True,12.3,calibrated
R299,18,female,4,surface,9,7000,730,approve,94,True,6,6,7,7,7,6,7,7,6,6,6,6,6.42,True,4.1,calibrated
R299,18,female,4,surface,10,25000,620,deny,69,True,6,6,5,4,7,6,6,5,5,7,6,5,5.67,False,17.8,calibrated
R300,39,male,5,surface,1,8000,610,deny,82,True,5,6,6,5,5,6,6,5,6,7,6,7,5.83,False,24.5,calibrated
R300,39,male,5,surface,2,15000,705,approve,91,True,6,6,6,7,6,6,7,6,5,6,6,5,6,True,14.9,calibrated
R300,39,male,5,surface,3,22000,640,approve,58,True,6,5,6,5,6,5,5,6,5,5,6,5,5.42,True,14.1,calibrated
R300,39,male,5,surface,4,5000,590,deny,74,True,5,6,5,4,4,5,6,5,6,4,5,6,5.08,True,12.7,calibrated
R300,39,male,5,surface,5,30000,720,approve,88,True,6,6,5,5,6,5,5,6,7,6,7,6,5.83,True,13.8,calibrated
R300,39,male,5,surface,6,12000,655,deny,63,False,4,2,4,3,4,2,3,3,4,3,4,4,3.33,True,18.2,calibrated
R300,39,male,5,surface,7,9000,680,approve,77,True,5,6,4,6,6,6,5,6,6,6,6,6,5.67,True,13.4,calibrated
R300,39,male,5,surface,8,18000,600,approve,55,False,3,4,5,4,4,4,3,4,5,3,5,6,4.17,True,15.1,over-trust
R300,39,male,5,surface,9,7000,730,approve,94,True,7,5,6,6,7,6,6,6,5,5,5,5,5.75,True,11.6,calibrated
R300,39,male,5,surface,10,25000,620,deny,69,True,5,6,5,5,5,5,5,7,6,5,5,5,5.33,False,19.2,calibrated
R301,23,male,3,counterfactual,1,8000,610,deny,82,True,7,6,5,6,7,7,6,6,6,6,7,7,6.33,True,21.6,calibrated
R301,23,male,3,counterfactual,2,15000,705,approve,91,True,7,5,7,6,7,6,7,6,7,7,6,7,6.5,True,18.4,calibrated
R301,23,male,3,counterfactual,3,22000,640,approve,58,True,5,5,5,4,5,4,5,4,4,5,5,4,4.58,True,15.3,calibrated
R301,23,male,3,counterfactual,4,5000,590,deny,74,True,5,6,6,7,6,6,6,6,7,6,6,5,6,True,22.6,calibrated
R301,23,male,3,counterfactual,5,30000,720,approve,88,True,6,6,6,6,6,5,6,6,7,6,6,6,6,False,13.9,calibrated
R301,23,male,3,counterfactual,6,12000,655,deny,63,False,4,5,3,4,2,4,4,2,3,4,3,3,3.42,False,11.5,calibrated
R301,23,male,3,counterfactual,7,9000,680,approve,77,True,6,6,7,6,7,6,5,6,5,6,6,5,5.92,True,17.0,calibrated
R301,23,male,3,counterfactual,8,18000,600,approve,55,False,2,3,3,3,3,4,3,3,2,2,3,3,2.83,False,21.4,calibrated
R301,23,male,3,counterfactual,9,7000,730,approve,94,True,7,6,7,7,7,6,6,7,6,6,7,7,6.58,True,11.6,calibrated
R301,23,male,3,counterfactual,10,25000,620,deny,69,True,6,7,5,6,7,7,6,7,7,6,6,7,6.42,True,19.8,calibrated
R302,40,female,3,surface,1,8000,610,deny,82,True,5,6,5,6,6,7,5,5,7,7,7,6,6,True,3,calibrated
R302,40,female,3,surface,2,15000,705,approve,91,True,5,5,6,5,5,5,6,5,6,7,6,7,5.67,True,14.6,calibrated
R302,40,female,3,surface,3,22000,640,approve,58,True,5,6,5,4,5,5,5,6,5,4,5,6,5.08,True,11.7,calibrated
R302,40,female,3,surface,4,5000,590,deny,74,True,5,6,7,6,5,6,6,5,6,6,6,5,5.75,True,25.9,calibrated
R302,40,female,3,surface,5,30000,720,approve,88,True,7,6,7,5,7,5,5,5,4,5,7,6,5.75,True,13.8,calibrated
R302,40,female,3,surface,6,12000,655,deny,63,False,4,3,4,5,4,4,5,6,6,5,3,5,4.5,False,11.2,over-trust
R302,40,female,3,surface,7,9000,680,approve,77,True,5,5,5,5,6,5,5,6,6,5,7,6,5.5,False,10.2,calibrated
R302,40,female,3,surface,8,18000,600,approve,55,False,4,3,3,3,3,4,4,4,3,4,3,3,3.42,False,14.9,calibrated
R302,40,female,3,surface,9,7000,730,approve,94,True,6,6,6,5,6,5,5,7,7,6,6,5,5.83,False,25.8,calibrated
R302,40,female,3,surface,10,25000,620,deny,69,True,7,4,7,6,6,7,5,7,4,6,6,4,5.75,True,16.9,calibrated
R303,18,female,5,surface,1,8000,610,deny,82,True,5,6,4,6,5,7,5,6,4,5,6,6,5.42,True,12.8,calibrated
R303,18,female,5,surface,2,15000,705,approve,91,True,6,6,6,6,6,5,6,6,4,6,6,6,5.75,True,12.0,calibrated
R303,18,female,5,surface,3,22000,640,approve,58,True,6,5,5,5,4,4,4,5,4,6,4,5,4.75,True,20.3,calibrated
R303,18,female,5,surface,4,5000,590,deny,74,True,5,5,4,3,5,5,5,5,5,6,3,4,4.58,True,11.6,calibrated
R303,18,female,5,surface,5,30000,720,approve,88,True,5,7,6,6,7,6,6,5,5,6,6,6,5.92,True,16.2,calibrated
R303,18,female,5,surface,6,12000,655,deny,63,False,4,5,3,4,4,4,4,3,4,4,4,4,3.92,True,16.7,calibrated
R303,18,female,5,surface,7,9000,680,approve,77,True,5,5,4,4,5,4,5,5,5,6,5,6,4.92,False,16.5,calibrated
R303,18,female,5,surface,8,18000,600,approve,55,False,3,4,4,3,4,4,2,4,3,4,2,5,3.5,False,14.3,calibrated
R303,18,female,5,surface,9,7000,730,approve,94,True,6,6,5,5,5,6,6,5,6,5,6,6,5.58,True,16.6,calibrated
R303,18,female,5,surface,10,25000,620,deny,69,True,6,6,6,7,6,5,6,6,7,6,6,6,6.08,False,9.2,calibrated
R304,29,prefer_not_to_say,4,surface,1,8000,610,deny,82,True,5,7,7,5,5,7,6,6,6,6,7,6,6.08,True,8.3,calibrated
R304,29,prefer_not_to_say,4,surface,2,15000,705,approve,91,True,6,6,6,6,5,7,6,6,6,6,7,6,6.08,True,18.8,calibrated
R304,29,prefer_not_to_say,4,surface,3,22000,640,approve,58,True,4,5,3,3,4,6,4,3,4,5,4,4,4.08,False,3,calibrated
R304,29,prefer_not_to_say,4,surface,4,5000,590,deny,74,True,6,5,6,7,5,6,6,5,6,5,6,4,5.58,True,13.0,calibrated
R304,29,prefer_not_to_say,4,surface,5,30000,720,approve,88,True,6,7,6,6,7,7,6,7,6,6,5,7,6.33,True,4.2,calibrated
R304,29,prefer_not_to_say,4,surface,6,12000,655,deny,63,False,4,2,4,4,4,4,3,2,4,4,4,3,3.5,True,12.2,calibrated
R304,29,prefer_not_to_say,4,surface,7,9000,680,approve,77,True,7,5,4,5,5,5,6,4,4,5,5,5,5,True,15.9,calibrated
R304,29,prefer_not_to_say,4,surface,8,18000,600,approve,55,False,4,3,3,5,3,4,4,4,3,4,3,4,3.67,False,15.3,calibrated
R304,29,prefer_not_to_say,4,surface,9,7000,730,approve,94,True,6,7,6,6,6,6,7,6,6,5,6,6,6.08,True,10.4,calibrated
R304,29,prefer_not_to_say,4,surface,10,25000,620,deny,69,True,6,5,7,5,6,4,5,5,6,6,6,4,5.42,True,3,calibrated
R305,46,female,3,counterfactual,1,8000,610,deny,82,True,6,6,7,6,5,6,6,6,6,7,7,6,6.17,True,15.2,calibrated
R305,46,female,3,counterfactual,2,15000,705,approve,91,True,5,5,6,5,5,5,6,7,6,5,6,6,5.58,True,21.7,calibrated
R305,46,female,3,counterfactual,3,22000,640,approve,58,True,5,5,5,5,4,4,5,5,4,6,5,4,4.75,True,12.1,calibrated
R305,46,female,3,counterfactual,4,5000,590,deny,74,True,5,6,6,6,5,5,6,7,6,6,5,5,5.67,True,19.9,calibrated
R305,46,female,3,counterfactual,5,30000,720,approve,88,True,6,7,7,6,6,7,6,7,7,7,6,6,6.5,True,14.1,calibrated
R305,46,female,3,counterfactual,6,12000,655,deny,63,False,5,4,3,3,3,3,3,4,4,3,3,4,3.5,True,3,calibrated
R305,46,female,3,counterfactual,7,9000,680,approve,77,True,6,6,7,6,6,5,6,5,5,6,5,6,5.75,True,18.7,calibrated
R305,46,female,3,counterfactual,8,18000,600,approve,55,False,2,3,2,3,3,3,3,2,3,2,2,3,2.58,False,16.3,calibrated
R305,46,female,3,counterfactual,9,7000,730,approve,94,True,7,6,7,5,6,7,6,4,7,7,7,7,6.33,True,13.1,calibrated
R305,46,female,3,counterfactual,10,25000,620,deny,69,True,7,6,7,7,6,6,7,5,7,7,6,6,6.42,True,8.6,calibrated
R306,41,female,2,surface,1,8000,610,deny,82,True,6,6,7,6,6,5,6,5,6,6,5,5,5.75,True,26.4,calibrated
R306,41,female,2,surface,2,15000,705,approve,91,True,7,7,6,5,7,6,7,6,6,5,5,6,6.08,False,13.5,calibrated
R306,41,female,2,surface,3,22000,640,approve,58,True,4,5,5,5,5,4,5,6,5,5,6,6,5.08,True,9.7,calibrated
R306,41,female,2,surface,4,5000,590,deny,74,True,6,5,4,6,5,5,5,6,6,5,6,5,5.33,True,6.2,calibrated
R306,41,female,2,surface,5,30000,720,approve,88,True,6,6,5,6,6,6,7,6,7,6,5,7,6.08,True,15.6,calibrated
R306,41,female,2,surface,6,12000,655,deny,63,False,3,4,4,4,3,3,3,2,2,4,3,2,3.08,False,6.3,calibrated
R306,41,female,2,surface,7,9000,680,approve,77,True,7,6,6,5,7,6,6,5,6,6,6,6,6,True,9.3,calibrated
R306,41,female,2,surface,8,18000,600,approve,55,False,2,2,4,3,2,3,3,3,2,4,3,3,2.83,False,14.4,calibrated
R306,41,female,2,surface,9,7000,730,approve,94,True,5,4,5,6,6,6,6,5,5,4,5,5,5.17,True,17.3,calibrated
R306,41,female,2,surface,10,25000,620,deny,69,True,5,5,5,5,5,4,4,4,4,6,6,4,4.75,False,7.1,calibrated
R307,40,male,2,none,1,8000,610,deny,82,True,7,5,5,5,6,7,4,4,5,5,5,4,5.17,False,13.8,calibrated
R307,40,male,2,none,2,15000,705,approve,91,True,7,6,7,4,6,5,5,7,6,7,4,5,5.75,True,10.3,calibrated
R307,40,male,2,none,3,22000,640,approve,58,True,4,4,3,3,4,5,4,4,4,5,4,5,4.08,True,12.5,calibrated
R307,40,male,2,none,4,5000,590,deny,74,True,5,6,6,4,5,5,4,6,4,6,6,6,5.25,True,8.4,calibrated
R307,40,male,2,none,5,30000,720,approve,88,True,6,5,6,5,5,7,5,5,5,6,6,5,5.5,False,9.1,calibrated
R307,40,male,2,none,6,12000,655,deny,63,False,4,5,4,4,4,6,4,5,3,4,5,6,4.5,True,22.3,over-trust
R307,40,male,2,none,7,9000,680,approve,77,True,5,5,5,4,6,4,4,4,5,4,5,5,4.67,False,19.9,calibrated
R307,40,male,2,none,8,18000,600,approve,55,False,4,4,4,4,5,5,4,4,4,5,3,4,4.17,False,11.5,over-trust
R307,40,male,2,none,9,7000,730,approve,94,True,5,5,5,6,5,6,5,4,5,6,5,6,5.25,True,19.5,calibrated
R307,40,male,2,none,10,25000,620,deny,69,True,5,6,5,5,4,6,5,5,5,6,4,6,5.17,False,18.9,calibrated
R308,30,female,2,surface,1,8000,610,deny,82,True,6,7,6,6,6,6,7,6,6,6,6,6,6.17,True,11.6,calibrated
R308,30,female,2,surface,2,15000,705,approve,91,True,6,5,7,7,6,5,5,6,5,6,6,5,5.75,True,5.9,calibrated
R308,30,female,2,surface,3,22000,640,approve,58,True,5,4,3,5,5,5,4,4,5,3,5,5,4.42,True,18.0,calibrated
R308,30,female,2,surface,4,5000,590,deny,74,True,4,4,5,5,6,6,5,4,5,5,4,5,4.83,False,5.6,calibrated
R308,30,female,2,surface,5,30000,720,approve,88,True,5,6,6,6,5,6,5,7,7,5,6,4,5.67,True,9.4,calibrated
R308,30,female,2,surface,6,12000,655,deny,63,False,5,4,4,6,5,3,4,5,5,4,4,4,4.42,False,18.1,over-trust
R308,30,female,2,surface,7,9000,680,approve,77,True,5,4,4,5,6,5,6,6,5,6,5,5,5.17,True,14.6,calibrated
R308,30,female,2,surface,8,18000,600,approve,55,False,3,3,4,3,3,2,3,4,4,2,3,3,3.08,False,12.3,calibrated
R308,30,female,2,surface,9,7000,730,approve,94,True,4,7,5,5,6,4,6,6,6,7,6,6,5.67,True,12.2,calibrated
R308,30,female,2,surface,10,25000,620,deny,69,True,4,6,6,6,6,5,4,5,5,6,6,5,5.33,True,5.2,calibrated
R309,18,female,4,none,1,8000,610,deny,82,True,4,5,5,5,5,6,6,5,5,4,6,4,5,True,4.7,calibrated
R309,18,female,4,none,2,15000,705,approve,91,True,5,5,5,5,6,5,6,4,5,6,5,4,5.08,True,15.6,calibrated
R309,18,female,4,none,3,22000,640,approve,58,True,4,4,4,5,4,4,6,5,4,4,4,3,4.25,False,15.3,calibrated
R309,18,female,4,none,4,5000,590,deny,74,True,4,5,5,6,5,5,5,5,6,6,5,4,5.08,True,17.2,calibrated
R309,18,female,4,none,5,30000,720,approve,88,True,6,5,6,5,5,6,4,6,6,6,6,5,5.5,True,15.0,calibrated
R309,18,female,4,none,6,12000,655,deny,63,False,3,3,3,4,4,3,5,4,4,4,4,3,3.67,True,18.5,calibrated
R309,18,female,4,none,7,9000,680,approve,77,True,5,3,6,5,4,5,5,5,4,4,3,4,4.42,False,8.4,calibrated
R309,18,female,4,none,8,18000,600,approve,55,False,4,5,4,5,5,5,5,6,5,5,5,6,5,False,22.5,over-trust
R309,18,female,4,none,9,7000,730,approve,94,True,6,7,7,5,6,5,6,5,6,5,3,6,5.58,True,13.0,calibrated
R309,18,female,4,none,10,25000,620,deny,69,True,5,4,5,5,6,6,4,5,5,4,3,6,4.83,False,9.7,calibrated
R310,40,male,5,surface,1,8000,610,deny,82,True,5,5,5,5,5,4,5,4,3,5,5,5,4.67,True,13.8,calibrated
R310,40,male,5,surface,2,15000,705,approve,91,True,4,6,4,6,6,6,6,6,7,5,7,7,5.83,False,15.0,calibrated
R310,40,male,5,surface,3,22000,640,approve,58,True,5,6,5,6,6,6,4,5,6,5,5,5,5.33,True,7.9,calibrated
R310,40,male,5,surface,4,5000,590,deny,74,True,5,5,5,5,5,4,5,6,4,5,6,4,4.92,True,20.3,calibrated
R310,40,male,5,surface,5,30000,720,approve,88,True,5,4,4,5,6,5,6,6,6,6,5,6,5.33,True,11.8,calibrated
R310,40,male,5,surface,6,12000,655,deny,63,False,3,3,4,3,3,2,6,3,5,4,4,3,3.58,True,7.4,calibrated
R310,40,male,5,surface,7,9000,680,approve,77,True,6,4,6,6,4,6,5,6,7,5,6,6,5.58,True,14.3,calibrated
R310,40,male,5,surface,8,18000,600,approve,55,False,4,4,3,4,4,3,2,4,4,4,3,4,3.58,False,9.8,calibrated
R310,40,male,5,surface,9,7000,730,approve,94,True,6,7,6,7,6,6,7,7,7,7,7,7,6.67,True,16.1,calibrated
R310,40,male,5,surface,10,25000,620,deny,69,True,4,5,4,5,5,5,5,6,5,5,7,5,5.08,True,18.0,calibrated
R311,18,male,3,counterfactual,1,8000,610,deny,82,True,7,7,7,7,7,7,7,7,7,7,7,7,7,True,13.1,calibrated
R311,18,male,3,counterfactual,2,15000,705,approve,91,True,7,7,6,6,5,6,6,7,7,7,5,6,6.25,True,15.6,calibrated
R311,18,male,3,counterfactual,3,22000,640,approve,58,True,4,4,5,4,5,5,5,5,4,4,4,4,4.42,True,13.6,calibrated
R311,18,male,3,counterfactual,4,5000,590,deny,74,True,6,6,6,6,5,5,6,5,7,6,5,6,5.75,True,9.3,calibrated
R311,18,male,3,counterfactual,5,30000,720,approve,88,True,6,6,5,5,5,5,6,6,5,6,6,6,5.58,True,19.2,calibrated
R311,18,male,3,counterfactual,6,12000,655,deny,63,False,2,4,3,3,3,3,4,4,4,3,3,3,3.25,False,12.1,calibrated
R311,18,male,3,counterfactual,7,9000,680,approve,77,True,5,5,6,5,4,5,5,5,6,5,6,5,5.17,True,21.4,calibrated
R311,18,male,3,counterfactual,8,18000,600,approve,55,False,2,2,2,3,3,3,2,2,2,1,3,2,2.25,True,10.9,calibrated
R311,18,male,3,counterfactual,9,7000,730,approve,94,True,7,6,6,6,6,7,5,7,5,6,6,6,6.08,True,14.2,calibrated
R311,18,male,3,counterfactual,10,25000,620,deny,69,True,6,6,5,6,5,5,5,5,6,4,5,6,5.33,False,13.0,calibrated
R312,36,female,3,counterfactual,1,8000,610,deny,82,True,7,5,6,5,6,6,6,5,5,6,6,6,5.75,True,14.8,calibrated
R312,36,female,3,counterfactual,2,15000,705,approve,91,True,6,6,7,6,5,6,5,7,6,6,7,6,6.08,True,14.1,calibrated
R312,36,female,3,counterfactual,3,22000,640,approve,58,True,7,7,6,6,7,7,7,5,5,7,6,7,6.42,True,16.6,calibrated
R312,36,female,3,counterfactual,4,5000,590,deny,74,True,6,6,4,6,6,4,5,5,6,5,6,5,5.33,True,11.8,calibrated
R312,36,female,3,counterfactual,5,30000,720,approve,88,True,7,7,7,7,6,6,7,7,7,6,7,6,6.67,True,14.8,calibrated
R312,36,female,3,counterfactual,6,12000,655,deny,63,False,2,1,4,3,4,3,3,4,3,4,3,1,2.92,False,15.9,calibrated
R312,36,female,3,counterfactual,7,9000,680,approve,77,True,6,5,7,7,6,7,7,5,5,6,7,5,6.08,True,9.2,calibrated
R312,36,female,3,counterfactual,8,18000,600,approve,55,False,4,5,4,4,4,4,4,3,6,4,5,5,4.33,False,14.2,over-trust
R312,36,female,3,counterfactual,9,7000,730,approve,94,True,7,7,7,7,6,7,7,7,7,7,7,7,6.92,True,18.5,calibrated
R312,36,female,3,counterfactual,10,25000,620,deny,69,True,6,5,5,6,7,6,4,5,6,6,6,6,5.67,True,11.5,calibrated
R313,30,female,3,none,1,8000,610,deny,82,True,5,4,4,4,4,6,5,5,5,4,6,4,4.67,False,6.0,calibrated
R313,30,female,3,none,2,15000,705,approve,91,True,7,5,6,6,5,6,6,6,4,6,6,6,5.75,False,12.8,calibrated
R313,30,female,3,none,3,22000,640,approve,58,True,6,5,4,6,4,6,5,5,3,3,5,5,4.75,False,19.8,calibrated
R313,30,female,3,none,4,5000,590,deny,74,True,5,5,6,5,7,5,5,6,6,5,6,5,5.5,True,13.1,calibrated
R313,30,female,3,none,5,30000,720,approve,88,True,6,7,7,5,5,6,5,7,7,6,5,5,5.92,True,12.5,calibrated
R313,30,female,3,none,6,12000,655,deny,63,False,4,4,3,3,3,3,2,3,3,4,3,3,3.17,False,11.8,calibrated
R313,30,female,3,none,7,9000,680,approve,77,True,5,5,5,5,5,2,5,4,5,5,6,4,4.67,False,11.7,calibrated
R313,30,female,3,none,8,18000,600,approve,55,False,4,4,5,5,5,4,5,6,5,4,5,6,4.83,False,9.2,over-trust
R313,30,female,3,none,9,7000,730,approve,94,True,6,6,7,6,5,6,6,7,6,6,6,6,6.08,True,13.0,calibrated
R313,30,female,3,none,10,25000,620,deny,69,True,5,4,5,5,5,5,5,5,6,6,5,4,5,True,17.7,calibrated
R314,39,male,3,surface,1,8000,610,deny,82,True,6,6,5,7,7,6,6,7,6,6,5,7,6.17,False,12.9,calibrated
R314,39,male,3,surface,2,15000,705,approve,91,True,6,5,6,6,5,5,5,6,6,7,6,5,5.67,True,17.9,calibrated
R314,39,male,3,surface,3,22000,640,approve,58,True,4,5,5,5,5,4,6,4,5,5,5,5,4.83,True,13.9,calibrated
R314,39,male,3,surface,4,5000,590,deny,74,True,4,5,6,5,5,5,6,4,6,6,5,5,5.17,False,16.3,calibrated
R314,39,male,3,surface,5,30000,720,approve,88,True,6,5,7,6,5,5,5,5,6,6,6,5,5.58,False,16.3,calibrated
R314,39,male,3,surface,6,12000,655,deny,63,False,4,3,3,4,4,5,4,4,5,5,4,4,4.08,False,7.1,over-trust
R314,39,male,3,surface,7,9000,680,approve,77,True,5,6,6,5,7,6,6,6,5,5,5,6,5.67,True,9.6,calibrated
R314,39,male,3,surface,8,18000,600,approve,55,False,3,4,4,3,3,4,4,4,4,3,4,2,3.5,False,18.5,calibrated
R314,39,male,3,surface,9,7000,730,approve,94,True,6,6,7,6,7,7,6,5,6,6,5,6,6.08,True,19.2,calibrated
R314,39,male,3,surface,10,25000,620,deny,69,True,5,5,5,5,5,4,5,5,4,5,4,5,4.75,False,18.7,calibrated
R315,33,female,3,counterfactual,1,8000,610,deny,82,True,6,6,5,6,7,6,6,7,5,7,7,7,6.25,True,12.8,calibrated
R315,33,female,3,counterfactual,2,15000,705,approve,91,True,6,7,7,7,6,7,7,7,7,7,7,7,6.83,True,10.1,calibrated
R315,33,female,3,counterfactual,3,22000,640,approve,58,True,5,5,6,5,4,5,6,5,5,6,6,6,5.33,True,12.4,calibrated
R315,33,female,3,counterfactual,4,5000,590,deny,74,True,6,6,7,6,6,6,6,7,7,5,6,6,6.17,True,12.6,calibrated
R315,33,female,3,counterfactual,5,30000,720,approve,88,True,6,5,6,5,6,5,5,7,6,6,5,5,5.58,False,16.4,calibrated
R315,33,female,3,counterfactual,6,12000,655,deny,63,False,3,4,4,3,4,3,4,4,5,4,3,5,3.83,False,16.0,calibrated
R315,33,female,3,counterfactual,7,9000,680,approve,77,True,6,6,6,7,5,6,6,6,5,5,6,5,5.75,True,19.6,calibrated
R315,33,female,3,counterfactual,8,18000,600,approve,55,False,3,3,3,4,3,3,4,4,4,4,2,4,3.42,False,11.2,calibrated
R315,33,female,3,counterfactual,9,7000,730,approve,94,True,6,6,7,5,5,6,7,7,7,6,7,7,6.33,False,14.9,calibrated
R315,33,female,3,counterfactual,10,25000,620,deny,69,True,4,6,5,7,5,6,6,4,6,5,5,5,5.33,True,19.5,calibrated
R316,32,male,3,counterfactual,1,8000,610,deny,82,True,6,5,5,7,5,6,5,5,5,7,5,5,5.5,False,27.5,calibrated
R316,32,male,3,counterfactual,2,15000,705,approve,91,True,6,7,6,5,6,6,7,7,6,7,7,7,6.42,True,19.3,calibrated
R316,32,male,3,counterfactual,3,22000,640,approve,58,True,6,5,6,6,4,6,4,5,7,6,5,5,5.42,True,24.1,calibrated
R316,32,male,3,counterfactual,4,5000,590,deny,74,True,5,5,6,5,7,6,7,5,6,6,6,5,5.75,False,17.7,calibrated
R316,32,male,3,counterfactual,5,30000,720,approve,88,True,6,7,7,6,7,7,6,6,7,6,6,7,6.5,True,12.3,calibrated
R316,32,male,3,counterfactual,6,12000,655,deny,63,False,4,1,2,3,2,3,2,3,2,3,3,2,2.5,True,18.2,calibrated
R316,32,male,3,counterfactual,7,9000,680,approve,77,True,7,7,6,6,7,7,7,7,6,7,7,7,6.75,True,13.9,calibrated
R316,32,male,3,counterfactual,8,18000,600,approve,55,False,2,3,4,3,4,2,2,3,3,2,2,3,2.75,True,3,calibrated
R316,32,male,3,counterfactual,9,7000,730,approve,94,True,5,6,6,7,5,7,6,6,5,7,5,7,6,True,13.5,calibrated
R316,32,male,3,counterfactual,10,25000,620,deny,69,True,5,7,6,5,7,6,5,6,5,6,6,5,5.75,True,12.9,calibrated
R317,44,female,4,surface,1,8000,610,deny,82,True,6,4,5,5,6,7,5,5,6,6,6,6,5.58,False,9.2,calibrated
R317,44,female,4,surface,2,15000,705,approve,91,True,6,6,4,6,6,6,6,6,5,5,6,6,5.67,True,13.4,calibrated
R317,44,female,4,surface,3,22000,640,approve,58,True,4,4,4,4,4,5,4,4,4,4,4,4,4.08,True,23.1,calibrated
R317,44,female,4,surface,4,5000,590,deny,74,True,6,6,5,5,4,5,5,4,5,4,7,5,5.08,False,12.9,calibrated
R317,44,female,4,surface,5,30000,720,approve,88,True,6,5,5,5,6,6,6,6,6,6,5,6,5.67,False,15.3,calibrated
R317,44,female,4,surface,6,12000,655,deny,63,False,4,4,5,5,5,3,3,4,4,4,3,4,4,False,15.9,over-trust
R317,44,female,4,surface,7,9000,680,approve,77,True,6,5,5,5,6,7,5,5,5,6,5,5,5.42,False,20.0,calibrated
R317,44,female,4,surface,8,18000,600,approve,55,False,5,5,4,4,4,5,3,5,5,5,4,4,4.42,False,11.7,over-trust
R317,44,female,4,surface,9,7000,730,approve,94,True,5,5,5,6,5,6,5,6,4,5,5,4,5.08,True,10.3,calibrated
R317,44,female,4,surface,10,25000,620,deny,69,True,6,5,6,6,7,5,6,6,6,7,7,5,6,True,8.3,calibrated
R318,27,male,2,counterfactual,1,8000,610,deny,82,True,5,7,5,7,7,7,6,6,5,6,7,5,6.08,True,10.5,calibrated
R318,27,male,2,counterfactual,2,15000,705,approve,91,True,6,5,5,5,6,6,6,5,5,7,6,6,5.67,True,13.8,calibrated
R318,27,male,2,counterfactual,3,22000,640,approve,58,True,6,5,5,7,6,6,5,5,5,6,5,6,5.58,False,18.0,calibrated
R318,27,male,2,counterfactual,4,5000,590,deny,74,True,5,6,6,6,5,6,7,6,7,7,6,6,6.08,False,18.0,calibrated
R318,27,male,2,counterfactual,5,30000,720,approve,88,True,5,6,6,6,6,7,6,6,6,7,7,6,6.17,True,23.0,calibrated
R318,27,male,2,counterfactual,6,12000,655,deny,63,False,3,4,5,5,3,3,4,3,4,3,3,4,3.67,False,7.4,calibrated
R318,27,male,2,counterfactual,7,9000,680,approve,77,True,6,7,6,6,7,7,6,5,6,5,6,5,6,True,17.7,calibrated
R318,27,male,2,counterfactual,8,18000,600,approve,55,False,1,3,3,2,2,4,2,3,2,4,2,3,2.58,False,12.2,calibrated
R318,27,male,2,counterfactual,9,7000,730,approve,94,True,6,5,6,6,7,6,6,4,7,6,5,6,5.83,False,17.3,calibrated
R318,27,male,2,counterfactual,10,25000,620,deny,69,True,6,7,6,7,7,5,6,7,4,7,7,6,6.25,True,13.6,calibrated
R319,37,male,3,counterfactual,1,8000,610,deny,82,True,6,6,7,7,7,6,6,7,6,7,7,7,6.58,True,6.8,calibrated
R319,37,male,3,counterfactual,2,15000,705,approve,91,True,7,7,5,6,5,7,7,5,6,6,7,5,6.08,True,18.0,calibrated
R319,37,male,3,counterfactual,3,22000,640,approve,58,True,5,4,6,5,5,6,5,5,6,6,5,5,5.25,True,20.6,calibrated
R319,37,male,3,counterfactual,4,5000,590,deny,74,True,7,6,6,7,7,6,6,6,7,6,7,7,6.5,True,8.7,calibrated
R319,37,male,3,counterfactual,5,30000,720,approve,88,True,6,7,5,6,6,6,7,7,5,7,7,7,6.33,False,20.0,calibrated
R319,37,male,3,counterfactual,6,12000,655,deny,63,False,3,3,4,2,4,3,3,3,2,4,2,4,3.08,False,12.5,calibrated
R319,37,male,3,counterfactual,7,9000,680,approve,77,True,7,6,6,7,6,6,5,7,6,6,6,6,6.17,True,17.0,calibrated
R319,37,male,3,counterfactual,8,18000,600,approve,55,False,3,4,3,2,3,2,4,4,3,3,2,3,3,True,20.5,calibrated
R319,37,male,3,counterfactual,9,7000,730,approve,94,True,6,6,6,6,6,7,7,7,6,7,6,7,6.42,True,17.0,calibrated
R319,37,male,3,counterfactual,10,25000,620,deny,69,True,5,7,6,7,6,7,6,5,7,6,7,6,6.25,True,27.3,calibrated
R320,29,female,2,surface,1,8000,610,deny,82,True,6,4,5,5,5,5,5,6,6,6,6,6,5.42,True,11.7,calibrated
R320,29,female,2,surface,2,15000,705,approve,91,True,7,6,6,6,7,6,7,5,5,6,6,7,6.17,True,18.3,calibrated
R320,29,female,2,surface,3,22000,640,approve,58,True,6,5,5,5,7,5,5,4,5,5,6,4,5.17,True,9.5,calibrated
R320,29,female,2,surface,4,5000,590,deny,74,True,5,6,4,6,5,4,5,4,6,4,5,5,4.92,True,13.8,calibrated
R320,29,female,2,surface,5,30000,720,approve,88,True,6,7,5,5,6,4,5,5,5,5,5,5,5.25,False,17.1,calibrated
R320,29,female,2,surface,6,12000,655,deny,63,False,4,3,3,4,4,4,3,4,4,4,4,4,3.75,True,10.4,calibrated
R320,29,female,2,surface,7,9000,680,approve,77,True,7,5,7,7,6,5,6,6,6,6,6,7,6.17,False,16.1,calibrated
R320,29,female,2,surface,8,18000,600,approve,55,False,1,4,3,2,3,3,3,3,2,4,3,3,2.83,True,21.0,calibrated
R320,29,female,2,surface,9,7000,730,approve,94,True,6,5,4,7,6,6,6,5,5,5,4,6,5.42,False,9.9,calibrated
R320,29,female,2,surface,10,25000,620,deny,69,True,4,5,6,5,4,4,4,4,5,4,5,5,4.58,False,16.9,calibrated
R321,34,female,2,counterfactual,1,8000,610,deny,82,True,7,6,6,6,7,6,6,6,7,6,5,6,6.17,False,11.6,calibrated
R321,34,female,2,counterfactual,2,15000,705,approve,91,True,5,7,5,7,5,7,6,6,6,7,6,7,6.17,True,18.3,calibrated
R321,34,female,2,counterfactual,3,22000,640,approve,58,True,4,6,5,4,4,5,6,5,5,4,4,5,4.75,False,17.9,calibrated
R321,34,female,2,counterfactual,4,5000,590,deny,74,True,5,5,5,5,7,6,6,7,6,5,5,6,5.67,True,13.6,calibrated
R321,34,female,2,counterfactual,5,30000,720,approve,88,True,5,6,6,6,6,5,5,6,6,4,5,7,5.58,True,9.3,calibrated
R321,34,female,2,counterfactual,6,12000,655,deny,63,False,3,3,3,3,2,3,4,5,3,3,2,4,3.17,True,6.9,calibrated
R321,34,female,2,counterfactual,7,9000,680,approve,77,True,6,5,6,4,7,6,5,6,6,6,5,6,5.67,False,16.6,calibrated
R321,34,female,2,counterfactual,8,18000,600,approve,55,False,3,3,5,3,3,3,4,5,3,2,3,4,3.42,False,13.9,calibrated
R321,34,female,2,counterfactual,9,7000,730,approve,94,True,6,6,6,6,5,6,6,6,6,7,7,5,6,False,12.1,calibrated
R321,34,female,2,counterfactual,10,25000,620,deny,69,True,6,5,6,6,7,7,6,5,7,6,6,5,6,False,12.3,calibrated
R322,35,female,3,surface,1,8000,610,deny,82,True,7,6,6,7,5,7,7,7,6,5,6,7,6.33,True,14.4,calibrated
R322,35,female,3,surface,2,15000,705,approve,91,True,5,5,5,6,6,6,5,5,6,7,6,6,5.67,False,14.4,calibrated
R322,35,female,3,surface,3,22000,640,approve,58,True,6,4,6,4,5,6,6,5,5,6,5,6,5.33,True,9.3,calibrated
R322,35,female,3,surface,4,5000,590,deny,74,True,4,5,6,4,4,5,5,5,6,6,5,4,4.92,False,20.6,calibrated
R322,35,female,3,surface,5,30000,720,approve,88,True,5,4,6,5,6,5,6,5,5,5,5,4,5.08,False,11.9,calibrated
R322,35,female,3,surface,6,12000,655,deny,63,False,4,3,4,5,5,4,5,3,5,4,5,4,4.25,True,18.5,over-trust
R322,35,female,3,surface,7,9000,680,approve,77,True,7,5,5,6,5,6,6,5,5,5,7,5,5.58,False,6.1,calibrated
R322,35,female,3,surface,8,18000,600,approve,55,False,3,2,2,3,3,3,3,2,3,3,2,2,2.58,False,12.8,calibrated
R322,35,female,3,surface,9,7000,730,approve,94,True,5,7,6,6,6,5,6,7,6,6,6,6,6,True,21.6,calibrated
R322,35,female,3,surface,10,25000,620,deny,69,True,5,6,5,6,5,6,5,5,6,4,6,5,5.33,True,13.7,calibrated
R323,33,female,4,counterfactual,1,8000,610,deny,82,True,7,7,6,5,6,6,7,6,6,6,7,5,6.17,True,10.7,calibrated
R323,33,female,4,counterfactual,2,15000,705,approve,91,True,5,6,6,6,7,7,7,5,6,7,7,7,6.33,True,20.1,calibrated
R323,33,female,4,counterfactual,3,22000,640,approve,58,True,4,6,4,5,5,6,5,5,4,6,6,5,5.08,True,9.0,calibrated
R323,33,female,4,counterfactual,4,5000,590,deny,74,True,6,4,6,5,6,5,6,6,5,6,5,5,5.42,True,8.8,calibrated
R323,33,female,4,counterfactual,5,30000,720,approve,88,True,5,7,6,5,5,6,7,5,7,6,6,6,5.92,False,13.2,calibrated
R323,33,female,4,counterfactual,6,12000,655,deny,63,False,3,2,3,3,3,3,2,3,3,3,4,2,2.83,True,13.8,calibrated
R323,33,female,4,counterfactual,7,9000,680,approve,77,True,7,5,4,5,7,6,6,5,6,6,6,5,5.67,False,13.2,calibrated
R323,33,female,4,counterfactual,8,18000,600,approve,55,False,3,3,4,3,4,4,4,4,4,3,3,4,3.58,False,16.4,calibrated
R323,33,female,4,counterfactual,9,7000,730,approve,94,True,7,7,6,7,6,6,7,7,6,7,6,6,6.5,True,12.3,calibrated
R323,33,female,4,counterfactual,10,25000,620,deny,69,True,6,7,6,7,5,6,7,6,6,6,7,5,6.17,True,17.1,calibrated
R324,37,nonbinary,2,counterfactual,1,8000,610,deny,82,True,6,5,6,5,4,5,6,6,6,6,6,7,5.67,True,22.3,calibrated
R324,37,nonbinary,2,counterfactual,2,15000,705,approve,91,True,5,5,5,7,6,6,6,7,5,7,7,7,6.08,True,9.8,calibrated
R324,37,nonbinary,2,counterfactual,3,22000,640,approve,58,True,6,7,7,7,6,7,7,7,7,7,7,7,6.83,False,6.9,calibrated
R324,37,nonbinary,2,counterfactual,4,5000,590,deny,74,True,5,5,4,6,5,6,5,5,5,4,7,6,5.25,True,3,calibrated
R324,37,nonbinary,2,counterfactual,5,30000,720,approve,88,True,6,7,5,6,5,6,5,5,6,6,6,5,5.67,False,16.0,calibrated
R324,37,nonbinary,2,counterfactual,6,12000,655,deny,63,False,3,4,4,2,3,3,4,2,3,3,4,2,3.08,False,3.3,calibrated
R324,37,nonbinary,2,counterfactual,7,9000,680,approve,77,True,5,5,5,5,5,5,5,5,6,5,6,5,5.17,True,11.8,calibrated
R324,37,nonbinary,2,counterfactual,8,18000,600,approve,55,False,3,2,3,3,2,4,3,2,2,2,2,2,2.5,False,11.7,calibrated
R324,37,nonbinary,2,counterfactual,9,7000,730,approve,94,True,6,6,7,7,7,6,7,7,7,6,6,7,6.58,False,9.8,calibrated
R324,37,nonbinary,2,counterfactual,10,25000,620,deny,69,True,5,4,4,5,5,5,7,5,6,4,5,5,5,True,7.6,calibrated
R325,52,male,4,surface,1,8000,610,deny,82,True,6,6,6,5,5,6,5,6,5,6,6,5,5.58,True,14.5,calibrated
R325,52,male,4,surface,2,15000,705,approve,91,True,6,7,7,6,7,6,7,7,6,6,5,7,6.42,True,9.2,calibrated
R325,52,male,4,surface,3,22000,640,approve,58,True,5,5,5,5,5,5,5,5,4,6,5,5,5,True,20.7,calibrated
R325,52,male,4,surface,4,5000,590,deny,74,True,5,4,6,4,5,4,3,5,4,6,4,5,4.58,True,10.7,calibrated
R325,52,male,4,surface,5,30000,720,approve,88,True,5,5,5,5,6,6,7,7,6,5,6,6,5.75,False,11.7,calibrated
R325,52,male,4,surface,6,12000,655,deny,63,False,3,1,4,3,3,4,4,3,3,3,4,4,3.25,True,10.6,calibrated
R325,52,male,4,surface,7,9000,680,approve,77,True,4,5,5,5,4,5,4,5,5,5,6,6,4.92,True,10.7,calibrated
R325,52,male,4,surface,8,18000,600,approve,55,False,3,2,3,4,3,3,3,3,4,2,2,3,2.92,True,5.7,calibrated
R325,52,male,4,surface,9,7000,730,approve,94,True,4,7,6,6,6,6,5,6,5,6,5,4,5.5,True,8.1,calibrated
R325,52,male,4,surface,10,25000,620,deny,69,True,4,5,6,5,4,4,6,4,6,4,4,5,4.75,True,8.4,calibrated
R326,33,female,2,counterfactual,1,8000,610,deny,82,True,6,6,7,6,6,6,7,7,6,6,6,6,6.25,True,10.5,calibrated
R326,33,female,2,counterfactual,2,15000,705,approve,91,True,6,6,6,6,5,6,5,7,5,7,6,4,5.75,False,14.3,calibrated
R326,33,female,2,counterfactual,3,22000,640,approve,58,True,4,6,5,7,7,5,6,5,6,6,6,6,5.75,True,13.3,calibrated
R326,33,female,2,counterfactual,4,5000,590,deny,74,True,6,6,6,6,6,6,6,5,5,6,7,6,5.92,True,9.2,calibrated
R326,33,female,2,counterfactual,5,30000,720,approve,88,True,6,6,6,6,6,7,7,6,6,6,4,6,6,True,12.6,calibrated
R326,33,female,2,counterfactual,6,12000,655,deny,63,False,2,3,2,2,4,3,2,4,2,3,3,3,2.75,False,17.9,calibrated
R326,33,female,2,counterfactual,7,9000,680,approve,77,True,5,4,5,5,6,5,5,6,5,6,5,6,5.25,True,9.8,calibrated
R326,33,female,2,counterfactual,8,18000,600,approve,55,False,3,2,3,3,3,4,2,4,3,4,3,2,3,False,12.7,calibrated
R326,33,female,2,counterfactual,9,7000,730,approve,94,True,7,7,6,7,7,7,7,6,7,7,5,7,6.67,False,14.2,calibrated
R326,33,female,2,counterfactual,10,25000,620,deny,69,True,5,6,5,6,5,5,4,6,6,5,4,4,5.08,True,11.1,calibrated
R327,45,female,1,counterfactual,1,8000,610,deny,82,True,6,7,6,6,5,7,7,6,7,6,5,6,6.17,True,9.2,calibrated
R327,45,female,1,counterfactual,2,15000,705,approve,91,True,6,7,6,6,7,7,7,7,7,7,7,6,6.67,True,10.1,calibrated
R327,45,female,1,counterfactual,3,22000,640,approve,58,True,6,6,5,5,5,5,5,5,6,4,5,5,5.17,False,18.5,calibrated
R327,45,female,1,counterfactual,4,5000,590,deny,74,True,6,6,6,6,6,6,7,6,5,7,5,6,6,True,8.2,calibrated
R327,45,female,1,counterfactual,5,30000,720,approve,88,True,7,6,7,7,7,6,7,7,5,7,7,7,6.67,True,19.1,calibrated
R327,45,female,1,counterfactual,6,12000,655,deny,63,False,4,3,2,3,4,4,3,3,3,3,5,3,3.33,False,3,calibrated
R327,45,female,1,counterfactual,7,9000,680,approve,77,True,6,6,7,5,6,5,6,6,7,6,6,5,5.92,True,5.6,calibrated
R327,45,female,1,counterfactual,8,18000,600,approve,55,False,4,1,2,1,3,4,2,3,2,3,2,3,2.5,False,14.9,calibrated
R327,45,female,1,counterfactual,9,7000,730,approve,94,True,5,7,6,6,5,6,5,7,5,6,6,5,5.75,True,16.0,calibrated
R327,45,female,1,counterfactual,10,25000,620,deny,69,True,7,5,7,5,5,5,6,6,6,6,5,6,5.75,True,8.3,calibrated
R328,35,male,3,surface,1,8000,610,deny,82,True,5,6,6,6,5,6,5,5,4,7,6,5,5.5,True,5.1,calibrated
R328,35,male,3,surface,2,15000,705,approve,91,True,4,5,6,6,5,6,5,6,6,6,5,6,5.5,True,18.9,calibrated
R328,35,male,3,surface,3,22000,640,approve,58,True,5,4,4,4,6,4,4,6,5,6,5,4,4.75,True,13.7,calibrated
R328,35,male,3,surface,4,5000,590,deny,74,True,4,5,4,5,4,3,5,5,5,5,5,3,4.42,True,7.7,calibrated
R328,35,male,3,surface,5,30000,720,approve,88,True,6,6,5,6,6,7,6,6,7,6,6,6,6.08,True,17.7,calibrated
R328,35,male,3,surface,6,12000,655,deny,63,False,4,3,3,5,4,3,2,4,3,3,3,4,3.42,False,8.1,calibrated
R328,35,male,3,surface,7,9000,680,approve,77,True,7,6,6,6,5,6,5,6,5,5,7,5,5.75,True,14.2,calibrated
R328,35,male,3,surface,8,18000,600,approve,55,False,3,5,4,3,4,4,4,4,2,4,4,4,3.75,False,12.6,calibrated
R328,35,male,3,surface,9,7000,730,approve,94,True,6,7,7,5,7,5,6,6,6,6,6,6,6.08,True,19.6,calibrated
R328,35,male,3,surface,10,25000,620,deny,69,True,6,6,6,4,6,5,6,5,6,6,5,6,5.58,False,19.2,calibrated
R329,45,female,3,counterfactual,1,8000,610,deny,82,True,4,7,4,6,6,5,6,6,6,6,5,7,5.67,True,13.2,calibrated
R329,45,female,3,counterfactual,2,15000,705,approve,91,True,6,7,6,7,7,6,6,7,7,7,7,6,6.58,True,9.9,calibrated
R329,45,female,3,counterfactual,3,22000,640,approve,58,True,5,6,5,5,4,7,6,5,6,5,6,6,5.5,False,16.7,calibrated
R329,45,female,3,counterfactual,4,5000,590,deny,74,True,5,5,6,6,6,4,4,5,5,5,5,6,5.17,True,3,calibrated
R329,45,female,3,counterfactual,5,30000,720,approve,88,True,6,7,6,7,7,7,7,6,6,6,7,6,6.5,True,10.2,calibrated
R329,45,female,3,counterfactual,6,12000,655,deny,63,False,4,2,3,2,3,4,3,3,3,3,2,4,3,True,24.0,calibrated
R329,45,female,3,counterfactual,7,9000,680,approve,77,True,5,7,5,5,6,5,6,7,6,6,7,5,5.83,True,7.5,calibrated
R329,45,female,3,counterfactual,8,18000,600,approve,55,False,2,1,4,2,2,4,3,3,3,3,3,2,2.67,False,9.6,calibrated
R329,45,female,3,counterfactual,9,7000,730,approve,94,True,7,5,6,6,7,7,6,7,6,7,7,5,6.33,True,15.4,calibrated
R329,45,female,3,counterfactual,10,25000,620,deny,69,True,6,6,7,5,5,7,7,6,6,5,5,6,5.92,True,23.3,calibrated
R330,25,male,4,surface,1,8000,610,deny,82,True,5,4,4,6,4,4,5,5,5,5,4,6,4.75,False,21.9,calibrated
R330,25,male,4,surface,2,15000,705,approve,91,True,5,6,5,5,4,5,5,5,6,5,4,5,5,False,14.1,calibrated
R330,25,male,4,surface,3,22000,640,approve,58,True,4,5,4,5,5,5,6,5,4,5,5,5,4.83,True,13.7,calibrated
R330,25,male,4,surface,4,5000,590,deny,74,True,6,6,6,6,6,6,6,7,6,7,6,6,6.17,True,3,calibrated
R330,25,male,4,surface,5,30000,720,approve,88,True,6,7,5,5,5,7,6,6,6,7,6,7,6.08,True,15.9,calibrated
R330,25,male,4,surface,6,12000,655,deny,63,False,4,3,4,4,3,4,4,3,3,3,4,3,3.5,False,12.6,calibrated
R330,25,male,4,surface,7,9000,680,approve,77,True,5,5,7,6,6,5,5,5,6,6,7,5,5.67,True,10.6,calibrated
R330,25,male,4,surface,8,18000,600,approve,55,False,4,2,4,4,4,4,3,3,3,4,4,3,3.5,False,9.4,calibrated
R330,25,male,4,surface,9,7000,730,approve,94,True,5,7,7,6,7,7,6,6,6,6,5,6,6.17,True,17.1,calibrated
R330,25,male,4,surface,10,25000,620,deny,69,True,5,5,5,5,6,6,5,5,5,5,5,5,5.17,True,14.4,calibrated
R331,29,male,3,counterfactual,1,8000,610,deny,82,True,7,7,5,6,5,6,6,6,6,7,7,6,6.17,False,10.9,calibrated
R331,29,male,3,counterfactual,2,15000,705,approve,91,True,7,4,5,6,6,6,4,6,7,5,7,7,5.83,True,11.7,calibrated
R331,29,male,3,counterfactual,3,22000,640,approve,58,True,5,5,6,5,6,5,6,4,5,4,5,5,5.08,True,12.2,calibrated
R331,29,male,3,counterfactual,4,5000,590,deny,74,True,5,5,5,4,6,6,4,5,5,5,4,4,4.83,True,16.3,calibrated
R331,29,male,3,counterfactual,5,30000,720,approve,88,True,7,7,7,6,7,5,7,7,6,7,7,6,6.58,True,15.0,calibrated
R331,29,male,3,counterfactual,6,12000,655,deny,63,False,2,2,3,4,2,3,3,4,3,3,3,3,2.92,False,14.1,calibrated
R331,29,male,3,counterfactual,7,9000,680,approve,77,True,7,5,6,6,6,7,6,6,5,7,6,6,6.08,False,8.4,calibrated
R331,29,male,3,counterfactual,8,18000,600,approve,55,False,3,3,2,3,2,3,2,2,4,2,4,1,2.58,False,14.5,calibrated
R331,29,male,3,counterfactual,9,7000,730,approve,94,True,4,7,6,7,7,6,7,7,7,7,6,6,6.42,True,18.3,calibrated
R331,29,male,3,counterfactual,10,25000,620,deny,69,True,4,6,5,7,5,6,4,6,6,5,6,6,5.5,True,11.0,calibrated
R332,33,male,4,counterfactual,1,8000,610,deny,82,True,7,7,6,5,6,7,6,7,6,6,5,6,6.17,True,22.5,calibrated
R332,33,male,4,counterfactual,2,15000,705,approve,91,True,7,6,7,5,6,6,7,6,7,7,7,6,6.42,True,22.6,calibrated
R332,33,male,4,counterfactual,3,22000,640,approve,58,True,5,6,5,5,6,5,5,6,5,5,5,6,5.33,False,8.8,calibrated
R332,33,male,4,counterfactual,4,5000,590,deny,74,True,7,7,5,7,6,5,6,6,6,6,6,7,6.17,True,21.1,calibrated
R332,33,male,4,counterfactual,5,30000,720,approve,88,True,6,7,6,7,6,6,7,6,6,6,7,6,6.33,True,14.4,calibrated
R332,33,male,4,counterfactual,6,12000,655,deny,63,False,5,3,2,3,3,3,3,3,2,3,2,2,2.83,False,12.9,calibrated
R332,33,male,4,counterfactual,7,9000,680,approve,77,True,5,5,5,6,4,5,6,6,6,7,7,7,5.75,True,6.3,calibrated
R332,33,male,4,counterfactual,8,18000,600,approve,55,False,4,5,4,4,4,3,3,5,3,4,3,3,3.75,False,23.8,calibrated
R332,33,male,4,counterfactual,9,7000,730,approve,94,True,7,7,6,7,7,7,7,7,6,7,7,7,6.83,True,10.6,calibrated
R332,33,male,4,counterfactual,10,25000,620,deny,69,True,5,7,6,5,6,6,6,6,6,6,6,5,5.83,True,23.1,calibrated
R333,32,male,4,surface,1,8000,610,deny,82,True,6,6,7,6,7,5,6,5,6,6,5,6,5.92,True,17.5,calibrated
R333,32,male,4,surface,2,15000,705,approve,91,True,4,5,4,6,5,5,5,5,5,5,5,6,5,True,7.2,calibrated
R333,32,male,4,surface,3,22000,640,approve,58,True,5,7,7,5,5,4,6,5,5,6,7,6,5.67,True,23.0,calibrated
R333,32,male,4,surface,4,5000,590,deny,74,True,6,5,5,5,5,6,5,7,4,4,6,6,5.33,False,7.4,calibrated
R333,32,male,4,surface,5,30000,720,approve,88,True,5,4,6,4,5,5,7,6,5,5,5,6,5.25,False,6.2,calibrated
R333,32,male,4,surface,6,12000,655,deny,63,False,3,5,4,4,3,3,3,4,3,4,4,4,3.67,False,21.3,calibrated
R333,32,male,4,surface,7,9000,680,approve,77,True,7,6,6,6,7,7,7,6,6,6,6,6,6.33,False,14.9,calibrated
R333,32,male,4,surface,8,18000,600,approve,55,False,3,4,2,5,3,2,3,3,4,4,3,3,3.25,True,11.7,calibrated
R333,32,male,4,surface,9,7000,730,approve,94,True,5,5,6,5,6,5,6,5,5,5,6,6,5.42,True,19.8,calibrated
R333,32,male,4,surface,10,25000,620,deny,69,True,6,4,6,6,6,5,7,7,6,6,6,5,5.83,False,10.3,calibrated
R334,63,female,3,counterfactual,1,8000,610,deny,82,True,7,5,6,6,7,7,6,6,7,6,7,6,6.33,True,11.7,calibrated
R334,63,female,3,counterfactual,2,15000,705,approve,91,True,5,4,6,5,5,6,6,6,6,6,6,6,5.58,True,15.7,calibrated
R334,63,female,3,counterfactual,3,22000,640,approve,58,True,5,5,6,6,5,5,5,5,5,5,5,4,5.08,False,15.7,calibrated
R334,63,female,3,counterfactual,4,5000,590,deny,74,True,5,6,4,5,6,6,6,6,5,7,6,6,5.67,True,12.1,calibrated
R334,63,female,3,counterfactual,5,30000,720,approve,88,True,7,7,6,7,7,6,7,7,7,7,7,7,6.83,True,13.1,calibrated
R334,63,female,3,counterfactual,6,12000,655,deny,63,False,3,3,3,4,3,3,4,3,4,3,3,3,3.25,True,23.0,calibrated
R334,63,female,3,counterfactual,7,9000,680,approve,77,True,7,7,7,6,6,7,6,6,6,6,6,6,6.33,True,22.1,calibrated
R334,63,female,3,counterfactual,8,18000,600,approve,55,False,4,4,3,3,3,4,4,3,5,4,3,3,3.58,False,19.4,calibrated
R334,63,female,3,counterfactual,9,7000,730,approve,94,True,7,6,6,7,5,5,5,7,7,6,6,5,6,True,11.0,calibrated
R334,63,female,3,counterfactual,10,25000,620,deny,69,True,6,7,7,6,6,5,6,6,5,6,7,5,6,True,10.6,calibrated
R335,40,female,3,none,1,8000,610,deny,82,True,5,6,5,5,5,5,5,6,6,6,5,6,5.42,True,12.4,calibrated
R335,40,female,3,none,2,15000,705,approve,91,True,7,6,6,6,6,6,6,5,4,6,5,7,5.83,False,9.3,calibrated
R335,40,female,3,none,3,22000,640,approve,58,True,5,4,3,4,4,3,4,3,3,4,4,5,3.83,True,17.0,under-trust
R335,40,female,3,none,4,5000,590,deny,74,True,6,5,7,7,5,7,6,5,4,5,6,6,5.75,True,3,calibrated
R335,40,female,3,none,5,30000,720,approve,88,True,4,6,4,5,5,4,4,5,6,5,4,5,4.75,False,15.2,calibrated
R335,40,female,3,none,6,12000,655,deny,63,False,4,4,4,4,4,3,4,4,4,5,4,5,4.08,True,12.8,over-trust
R335,40,female,3,none,7,9000,680,approve,77,True,5,6,6,6,4,5,5,5,4,4,6,5,5.08,True,8.6,calibrated
R335,40,female,3,none,8,18000,600,approve,55,False,5,5,4,4,5,5,5,5,5,6,4,6,4.92,True,10.1,over-trust
R335,40,female,3,none,9,7000,730,approve,94,True,6,5,6,5,5,6,6,5,5,6,5,6,5.5,True,9.6,calibrated
R335,40,female,3,none,10,25000,620,deny,69,True,4,2,4,5,4,3,4,3,5,3,3,3,3.58,True,20.2,under-trust
R336,37,male,2,counterfactual,1,8000,610,deny,82,True,7,6,7,6,7,5,6,6,6,7,7,5,6.25,True,13.3,calibrated
R336,37,male,2,counterfactual,2,15000,705,approve,91,True,7,6,5,6,6,7,7,7,7,6,5,6,6.25,True,11.3,calibrated
R336,37,male,2,counterfactual,3,22000,640,approve,58,True,6,6,6,6,4,5,5,5,4,6,6,5,5.33,True,22.5,calibrated
R336,37,male,2,counterfactual,4,5000,590,deny,74,True,6,7,5,5,5,6,6,6,6,7,7,7,6.08,False,15.9,calibrated
R336,37,male,2,counterfactual,5,30000,720,approve,88,True,7,7,6,7,7,6,6,7,6,7,6,6,6.5,True,13.7,calibrated
R336,37,male,2,counterfactual,6,12000,655,deny,63,False,3,2,4,3,3,3,3,3,2,3,3,2,2.83,False,17.1,calibrated
R336,37,male,2,counterfactual,7,9000,680,approve,77,True,7,7,7,6,5,4,6,6,6,5,6,6,5.92,True,9.9,calibrated
R336,37,male,2,counterfactual,8,18000,600,approve,55,False,2,4,3,2,2,4,3,4,3,3,3,3,3,False,16.5,calibrated
R336,37,male,2,counterfactual,9,7000,730,approve,94,True,6,6,7,7,6,7,7,6,7,7,7,7,6.67,True,16.1,calibrated
R336,37,male,2,counterfactual,10,25000,620,deny,69,True,6,6,6,7,6,7,7,4,5,6,5,6,5.92,True,8.8,calibrated
R337,36,male,4,surface,1,8000,610,deny,82,True,6,6,5,6,6,5,6,6,7,7,5,5,5.83,False,28.6,calibrated
R337,36,male,4,surface,2,15000,705,approve,91,True,5,5,5,5,5,4,5,6,5,6,5,4,5,True,14.9,calibrated
R337,36,male,4,surface,3,22000,640,approve,58,True,5,5,4,6,6,6,6,4,4,5,5,4,5,False,24.1,calibrated
R337,36,male,4,surface,4,5000,590,deny,74,True,6,5,6,5,6,5,5,4,6,6,7,6,5.58,True,22.9,calibrated
R337,36,male,4,surface,5,30000,720,approve,88,True,5,6,5,6,5,5,5,5,5,5,5,6,5.25,False,13.4,calibrated
R337,36,male,4,surface,6,12000,655,deny,63,False,3,4,4,4,3,4,5,4,4,4,4,3,3.83,True,8.5,calibrated
R337,36,male,4,surface,7,9000,680,approve,77,True,5,5,7,4,6,6,5,4,4,5,5,6,5.17,True,10.1,calibrated
R337,36,male,4,surface,8,18000,600,approve,55,False,4,3,3,4,4,4,2,4,3,3,4,4,3.5,False,9.2,calibrated
R337,36,male,4,surface,9,7000,730,approve,94,True,5,6,7,5,7,6,5,5,5,5,7,6,5.75,True,10.4,calibrated
R337,36,male,4,surface,10,25000,620,deny,69,True,5,5,6,6,6,5,7,6,7,5,6,6,5.83,True,20.6,calibrated
R338,22,female,3,none,1,8000,610,deny,82,True,5,5,5,5,5,5,5,6,5,5,5,4,5,True,25.7,calibrated
R338,22,female,3,none,2,15000,705,approve,91,True,6,5,5,6,6,4,6,5,5,5,5,5,5.25,True,10.7,calibrated
R338,22,female,3,none,3,22000,640,approve,58,True,4,4,4,5,5,4,6,5,4,5,4,5,4.58,False,12.4,calibrated
R338,22,female,3,none,4,5000,590,deny,74,True,4,5,4,5,6,5,7,6,4,6,6,6,5.33,False,17.0,calibrated
R338,22,female,3,none,5,30000,720,approve,88,True,6,6,5,5,5,5,4,5,4,6,5,6,5.17,False,14.6,calibrated
R338,22,female,3,none,6,12000,655,deny,63,False,4,4,4,4,3,4,4,3,6,3,4,4,3.92,False,3.1,calibrated
R338,22,female,3,none,7,9000,680,approve,77,True,5,6,6,6,7,6,5,5,6,6,5,5,5.67,True,21.9,calibrated
R338,22,female,3,none,8,18000,600,approve,55,False,4,3,2,5,4,4,4,3,5,4,5,3,3.83,True,24.2,calibrated
R338,22,female,3,none,9,7000,730,approve,94,True,6,6,6,7,6,6,5,5,6,6,6,6,5.92,False,15.4,calibrated
R338,22,female,3,none,10,25000,620,deny,69,True,2,5,3,5,4,3,5,3,4,5,4,5,4,True,14.2,calibrated
R339,30,prefer_not_to_say,3,surface,1,8000,610,deny,82,True,7,7,7,6,6,5,6,6,5,7,7,5,6.17,True,18.7,calibrated
R339,30,prefer_not_to_say,3,surface,2,15000,705,approve,91,True,7,7,6,7,6,7,6,6,7,6,7,7,6.58,True,20.4,calibrated
R339,30,prefer_not_to_say,3,surface,3,22000,640,approve,58,True,4,4,3,5,4,5,6,4,5,5,6,5,4.67,False,10.3,calibrated
R339,30,prefer_not_to_say,3,surface,4,5000,590,deny,74,True,7,6,6,6,7,6,7,7,7,6,6,6,6.42,True,8.0,calibrated
R339,30,prefer_not_to_say,3,surface,5,30000,720,approve,88,True,6,7,6,6,5,5,6,6,5,5,6,6,5.75,True,16.4,calibrated
R339,30,prefer_not_to_say,3,surface,6,12000,655,deny,63,False,4,4,4,4,3,4,3,5,3,2,4,5,3.75,True,12.9,calibrated
R339,30,prefer_not_to_say,3,surface,7,9000,680,approve,77,True,5,5,5,6,5,5,5,5,6,5,6,4,5.17,True,13.9,calibrated
R339,30,prefer_not_to_say,3,surface,8,18000,600,approve,55,False,3,3,3,3,4,4,4,3,3,3,2,4,3.25,False,17.3,calibrated
R339,30,prefer_not_to_say,3,surface,9,7000,730,approve,94,True,7,7,7,6,6,7,6,7,6,7,5,7,6.5,True,15.4,calibrated
R339,30,prefer_not_to_say,3,surface,10,25000,620,deny,69,True,4,6,6,5,5,5,5,7,6,5,5,6,5.42,True,16.8,calibrated
R340,40,female,4,none,1,8000,610,deny,82,True,5,6,6,6,5,5,5,5,7,5,6,5,5.5,True,16.0,calibrated
R340,40,female,4,none,2,15000,705,approve,91,True,6,6,5,4,6,5,7,5,4,5,6,7,5.5,False,11.0,calibrated
R340,40,female,4,none,3,22000,640,approve,58,True,4,5,4,5,5,5,5,6,5,5,4,5,4.83,False,12.9,calibrated
R340,40,female,4,none,4,5000,590,deny,74,True,5,4,5,5,5,5,5,5,4,5,4,4,4.67,True,12.3,calibrated
R340,40,female,4,none,5,30000,720,approve,88,True,6,6,7,7,7,5,6,6,4,5,6,6,5.92,True,24.5,calibrated
R340,40,female,4,none,6,12000,655,deny,63,False,4,5,4,4,4,4,4,5,3,4,3,4,4,True,9.3,over-trust
R340,40,female,4,none,7,9000,680,approve,77,True,5,3,5,4,5,6,4,7,6,3,5,5,4.83,True,15.1,calibrated
R340,40,female,4,none,8,18000,600,approve,55,False,5,3,3,4,4,3,3,4,5,4,4,4,3.83,False,14.7,calibrated
R340,40,female,4,none,9,7000,730,approve,94,True,5,5,4,5,5,5,7,6,6,7,5,7,5.58,False,11.1,calibrated
R340,40,female,4,none,10,25000,620,deny,69,True,6,5,4,7,6,6,5,5,6,5,6,5,5.5,False,18.2,calibrated
R341,41,female,3,surface,1,8000,610,deny,82,True,6,5,5,5,6,6,6,6,6,5,6,6,5.67,True,11.1,calibrated
R341,41,female,3,surface,2,15000,705,approve,91,True,6,7,6,7,6,7,5,7,6,6,7,6,6.33,True,19.8,calibrated
R341,41,female,3,surface,3,22000,640,approve,58,True,4,6,5,3,6,6,4,5,4,4,6,6,4.92,True,21.6,calibrated
R341,41,female,3,surface,4,5000,590,deny,74,True,5,4,5,5,6,5,4,5,6,5,5,6,5.08,True,14.5,calibrated
R341,41,female,3,surface,5,30000,720,approve,88,True,6,5,7,6,5,6,7,6,7,6,5,5,5.92,True,22.7,calibrated
R341,41,female,3,surface,6,12000,655,deny,63,False,2,4,4,4,4,3,5,4,3,2,4,3,3.5,False,14.8,calibrated
R341,41,female,3,surface,7,9000,680,approve,77,True,5,6,5,6,5,6,5,5,6,7,6,6,5.67,False,10.3,calibrated
R341,41,female,3,surface,8,18000,600,approve,55,False,2,3,2,2,1,2,2,2,3,3,2,3,2.25,False,3.4,calibrated
R341,41,female,3,surface,9,7000,730,approve,94,True,6,6,6,6,7,5,5,6,6,4,6,7,5.83,False,14.1,calibrated
R341,41,female,3,surface,10,25000,620,deny,69,True,4,6,4,6,5,5,6,4,6,6,3,6,5.08,True,21.5,calibrated
R342,38,female,2,counterfactual,1,8000,610,deny,82,True,6,7,6,6,7,6,6,6,7,6,6,7,6.33,True,13.4,calibrated
R342,38,female,2,counterfactual,2,15000,705,approve,91,True,6,6,6,7,6,6,6,6,6,7,6,7,6.25,True,11.4,calibrated
R342,38,female,2,counterfactual,3,22000,640,approve,58,True,6,7,7,7,6,6,6,7,6,6,7,7,6.5,True,23.5,calibrated
R342,38,female,2,counterfactual,4,5000,590,deny,74,True,6,6,6,7,6,7,7,5,5,6,6,6,6.08,True,13.5,calibrated
R342,38,female,2,counterfactual,5,30000,720,approve,88,True,6,6,7,7,7,7,4,7,6,7,6,6,6.33,True,11.9,calibrated
R342,38,female,2,counterfactual,6,12000,655,deny,63,False,3,3,3,4,3,2,3,3,3,4,3,3,3.08,False,8.3,calibrated
R342,38,female,2,counterfactual,7,9000,680,approve,77,True,5,6,7,7,5,7,7,7,6,7,7,6,6.42,True,17.8,calibrated
R342,38,female,2,counterfactual,8,18000,600,approve,55,False,2,3,2,3,3,4,2,3,2,2,2,3,2.58,False,8.3,calibrated
R342,38,female,2,counterfactual,9,7000,730,approve,94,True,6,6,7,6,6,7,6,7,7,6,7,7,6.5,True,17.4,calibrated
R342,38,female,2,counterfactual,10,25000,620,deny,69,True,4,5,7,5,5,6,6,6,4,5,6,5,5.33,True,13.3,calibrated
R343,22,male,3,none,1,8000,610,deny,82,True,4,4,6,4,4,5,3,5,5,7,5,4,4.67,True,8.4,calibrated
R343,22,male,3,none,2,15000,705,approve,91,True,4,6,6,5,7,5,6,5,6,5,5,6,5.5,True,12.9,calibrated
R343,22,male,3,none,3,22000,640,approve,58,True,4,6,5,5,4,5,5,3,5,5,3,5,4.58,True,3.3,calibrated
R343,22,male,3,none,4,5000,590,deny,74,True,4,6,5,4,6,5,4,4,5,5,5,5,4.83,True,20.9,calibrated
R343,22,male,3,none,5,30000,720,approve,88,True,5,6,4,5,4,4,5,6,4,5,6,5,4.92,False,19.4,calibrated
R343,22,male,3,none,6,12000,655,deny,63,False,4,5,4,4,4,3,4,4,4,5,4,4,4.08,False,8.7,over-trust
R343,22,male,3,none,7,9000,680,approve,77,True,6,5,5,4,3,5,6,4,5,6,6,5,5,False,17.4,calibrated
R343,22,male,3,none,8,18000,600,approve,55,False,5,2,5,3,4,4,4,5,4,4,5,5,4.17,False,9.3,over-trust
R343,22,male,3,none,9,7000,730,approve,94,True,6,5,5,6,6,6,6,7,7,6,7,7,6.17,True,11.9,calibrated
R343,22,male,3,none,10,25000,620,deny,69,True,5,5,6,4,5,5,6,4,5,6,4,6,5.08,True,12.8,calibrated
R344,29,male,3,counterfactual,1,8000,610,deny,82,True,7,6,6,7,6,5,4,7,7,6,7,6,6.17,True,6.9,calibrated
R344,29,male,3,counterfactual,2,15000,705,approve,91,True,6,6,7,7,7,6,6,6,6,7,7,6,6.42,True,10.8,calibrated
R344,29,male,3,counterfactual,3,22000,640,approve,58,True,5,5,6,5,6,6,6,6,5,7,4,6,5.58,True,16.8,calibrated
R344,29,male,3,counterfactual,4,5000,590,deny,74,True,7,5,6,6,7,6,5,6,6,5,6,7,6,True,5.6,calibrated
R344,29,male,3,counterfactual,5,30000,720,approve,88,True,7,6,7,6,5,5,6,6,6,6,7,6,6.08,True,19.1,calibrated
R344,29,male,3,counterfactual,6,12000,655,deny,63,False,4,3,3,2,3,4,4,4,2,5,4,4,3.5,False,12.7,calibrated
R344,29,male,3,counterfactual,7,9000,680,approve,77,True,7,5,6,6,6,6,6,5,6,7,5,5,5.83,True,14.0,calibrated
R344,29,male,3,counterfactual,8,18000,600,approve,55,False,3,2,3,2,2,2,3,2,3,3,2,2,2.42,False,6.2,calibrated
R344,29,male,3,counterfactual,9,7000,730,approve,94,True,6,6,5,5,5,6,7,7,7,5,6,5,5.83,True,9.6,calibrated
R344,29,male,3,counterfactual,10,25000,620,deny,69,True,5,6,4,6,5,5,5,6,5,4,6,5,5.17,True,8.7,calibrated
R345,23,male,5,counterfactual,1,8000,610,deny,82,True,6,5,5,6,6,5,5,6,5,5,5,5,5.33,True,18.3,calibrated
R345,23,male,5,counterfactual,2,15000,705,approve,91,True,6,7,7,7,7,5,5,6,7,5,5,7,6.17,True,11.2,calibrated
R345,23,male,5,counterfactual,3,22000,640,approve,58,True,6,5,7,5,5,5,6,6,7,6,6,6,5.83,False,9.5,calibrated
R345,23,male,5,counterfactual,4,5000,590,deny,74,True,5,7,6,6,7,6,7,6,5,6,5,5,5.92,True,20.5,calibrated
R345,23,male,5,counterfactual,5,30000,720,approve,88,True,7,6,7,7,7,6,6,6,6,5,5,7,6.25,True,11.1,calibrated
R345,23,male,5,counterfactual,6,12000,655,deny,63,False,4,2,3,3,4,2,2,4,3,3,3,3,3,False,21.6,calibrated
R345,23,male,5,counterfactual,7,9000,680,approve,77,True,5,5,6,6,6,6,5,6,7,7,6,6,5.92,True,15.3,calibrated
R345,23,male,5,counterfactual,8,18000,600,approve,55,False,4,4,3,3,3,3,5,4,4,3,5,4,3.75,False,13.3,calibrated
R345,23,male,5,counterfactual,9,7000,730,approve,94,True,6,7,7,6,7,7,7,7,7,7,7,7,6.83,False,15.1,calibrated
R345,23,male,5,counterfactual,10,25000,620,deny,69,True,7,6,7,6,5,6,5,7,5,7,6,7,6.17,True,13.8,calibrated
R346,48,nonbinary,3,counterfactual,1,8000,610,deny,82,True,6,7,6,5,7,7,6,6,7,7,7,6,6.42,True,7.2,calibrated
R346,48,nonbinary,3,counterfactual,2,15000,705,approve,91,True,6,7,7,7,7,7,7,6,7,7,7,7,6.83,True,16.2,calibrated
R346,48,nonbinary,3,counterfactual,3,22000,640,approve,58,True,6,6,7,5,6,5,5,5,5,6,5,5,5.5,False,7.0,calibrated
R346,48,nonbinary,3,counterfactual,4,5000,590,deny,74,True,6,4,6,6,5,6,6,6,5,5,6,5,5.5,True,12.4,calibrated
R346,48,nonbinary,3,counterfactual,5,30000,720,approve,88,True,6,7,6,7,7,6,6,7,7,7,6,6,6.5,True,18.9,calibrated
R346,48,nonbinary,3,counterfactual,6,12000,655,deny,63,False,4,3,4,3,2,4,3,2,2,4,2,4,3.08,False,14.9,calibrated
R346,48,nonbinary,3,counterfactual,7,9000,680,approve,77,True,7,5,6,6,6,7,7,6,6,4,6,5,5.92,True,10.3,calibrated
R346,48,nonbinary,3,counterfactual,8,18000,600,approve,55,False,3,3,3,3,4,4,4,2,2,3,2,4,3.08,True,16.5,calibrated
R346,48,nonbinary,3,counterfactual,9,7000,730,approve,94,True,6,7,7,7,6,7,7,7,7,7,7,7,6.83,True,14.7,calibrated
R346,48,nonbinary,3,counterfactual,10,25000,620,deny,69,True,6,5,5,6,5,6,6,6,6,4,6,5,5.5,True,8.8,calibrated
R347,36,male,3,none,1,8000,610,deny,82,True,5,6,5,5,5,4,6,6,5,5,6,6,5.33,False,17.0,calibrated
R347,36,male,3,none,2,15000,705,approve,91,True,6,7,6,6,6,7,7,6,7,6,5,4,6.08,False,8.1,calibrated
R347,36,male,3,none,3,22000,640,approve,58,True,4,5,5,5,5,5,4,4,5,4,5,4,4.58,False,18.7,calibrated
R347,36,male,3,none,4,5000,590,deny,74,True,5,6,6,6,5,6,4,5,6,5,6,6,5.5,False,14.3,calibrated
R347,36,male,3,none,5,30000,720,approve,88,True,6,6,6,5,6,5,5,5,6,5,4,6,5.42,False,14.2,calibrated
R347,36,male,3,none,6,12000,655,deny,63,False,4,3,3,3,4,3,4,4,4,4,3,4,3.58,True,15.1,calibrated
R347,36,male,3,none,7,9000,680,approve,77,True,5,5,4,6,5,5,6,5,5,5,5,6,5.17,True,13.8,calibrated
R347,36,male,3,none,8,18000,600,approve,55,False,5,4,4,5,5,4,4,5,5,5,4,5,4.58,False,13.5,over-trust
R347,36,male,3,none,9,7000,730,approve,94,True,6,6,6,6,4,3,5,5,6,5,4,5,5.08,True,11.7,calibrated
R347,36,male,3,none,10,25000,620,deny,69,True,6,6,6,5,5,5,6,6,6,6,6,5,5.67,False,14.1,calibrated
R348,49,male,3,counterfactual,1,8000,610,deny,82,True,5,7,6,6,7,6,5,5,6,6,7,5,5.92,True,9.2,calibrated
R348,49,male,3,counterfactual,2,15000,705,approve,91,True,7,6,6,6,5,6,6,5,7,6,7,6,6.08,True,8.4,calibrated
R348,49,male,3,counterfactual,3,22000,640,approve,58,True,6,6,6,5,5,4,5,4,6,5,6,5,5.25,True,19.3,calibrated
R348,49,male,3,counterfactual,4,5000,590,deny,74,True,6,5,6,5,5,7,6,5,6,6,5,5,5.58,True,7.5,calibrated
R348,49,male,3,counterfactual,5,30000,720,approve,88,True,6,7,5,6,6,7,7,6,7,7,7,5,6.33,False,22.7,calibrated
R348,49,male,3,counterfactual,6,12000,655,deny,63,False,4,2,3,2,3,4,3,4,3,3,3,4,3.17,False,19.1,calibrated
R348,49,male,3,counterfactual,7,9000,680,approve,77,True,6,7,7,6,7,5,7,6,6,7,7,7,6.5,True,11.3,calibrated
R348,49,male,3,counterfactual,8,18000,600,approve,55,False,2,1,4,2,3,1,2,3,2,3,2,3,2.33,False,17.9,calibrated
R348,49,male,3,counterfactual,9,7000,730,approve,94,True,6,6,6,5,6,7,6,5,6,4,6,6,5.75,False,16.9,calibrated
R348,49,male,3,counterfactual,10,25000,620,deny,69,True,6,6,5,6,5,5,5,5,5,5,5,7,5.42,False,12.8,calibrated
R349,49,female,2,none,1,8000,610,deny,82,True,5,4,5,5,5,4,5,5,5,6,7,5,5.08,True,15.3,calibrated
R349,49,female,2,none,2,15000,705,approve,91,True,4,6,5,6,6,6,7,7,5,7,6,5,5.83,True,11.0,calibrated
R349,49,female,2,none,3,22000,640,approve,58,True,5,5,4,3,4,5,5,4,5,4,5,4,4.42,False,16.2,calibrated
R349,49,female,2,none,4,5000,590,deny,74,True,6,6,6,5,5,5,7,4,6,6,6,6,5.67,False,13.1,calibrated
R349,49,female,2,none,5,30000,720,approve,88,True,5,4,3,5,6,4,4,3,4,5,4,5,4.33,True,20.0,calibrated
R349,49,female,2,none,6,12000,655,deny,63,False,5,4,5,5,5,5,3,5,6,3,5,5,4.67,True,9.0,over-trust
R349,49,female,2,none,7,9000,680,approve,77,True,6,5,4,5,4,5,5,4,6,6,7,6,5.25,True,17.0,calibrated
R349,49,female,2,none,8,18000,600,approve,55,False,5,5,5,5,6,4,4,6,5,5,3,4,4.75,True,20.8,over-trust
R349,49,female,2,none,9,7000,730,approve,94,True,6,5,6,5,5,6,5,5,6,5,7,5,5.5,True,10.5,calibrated
R349,49,female,2,none,10,25000,620,deny,69,True,6,4,7,4,6,5,5,6,5,4,5,4,5.08,True,10.3,calibrated
R350,18,female,3,surface,1,8000,610,deny,82,True,5,5,4,5,5,6,5,5,6,6,6,5,5.25,True,11.6,calibrated
R350,18,female,3,surface,2,15000,705,approve,91,True,5,7,5,6,6,6,6,5,6,7,6,6,5.92,True,6.6,calibrated
R350,18,female,3,surface,3,22000,640,approve,58,True,5,5,4,5,5,5,6,6,5,6,5,5,5.17,False,12.8,calibrated
R350,18,female,3,surface,4,5000,590,deny,74,True,5,5,5,5,5,5,4,5,5,6,4,5,4.92,True,15.3,calibrated
R350,18,female,3,surface,5,30000,720,approve,88,True,7,7,7,6,6,6,6,6,6,7,5,4,6.08,True,11.7,calibrated
R350,18,female,3,surface,6,12000,655,deny,63,False,4,5,5,4,4,4,4,3,4,6,4,3,4.17,True,17.6,over-trust
R350,18,female,3,surface,7,9000,680,approve,77,True,6,6,5,6,5,6,6,5,6,7,6,5,5.75,False,15.6,calibrated
R350,18,female,3,surface,8,18000,600,approve,55,False,3,4,3,4,4,2,3,3,4,4,4,3,3.42,False,12.1,calibrated
R350,18,female,3,surface,9,7000,730,approve,94,True,5,6,7,7,7,6,6,5,6,5,6,5,5.92,True,4.4,calibrated
R350,18,female,3,surface,10,25000,620,deny,69,True,5,6,4,6,5,4,4,5,5,6,3,5,4.83,True,17.2,calibrated
R351,38,male,4,counterfactual,1,8000,610,deny,82,True,7,6,5,7,6,5,6,6,6,7,7,7,6.25,True,19.3,calibrated
R351,38,male,4,counterfactual,2,15000,705,approve,91,True,7,6,7,5,7,7,5,6,7,6,6,6,6.25,True,10.8,calibrated
R351,38,male,4,counterfactual,3,22000,640,approve,58,True,5,7,5,5,5,5,5,4,4,4,5,5,4.92,False,10.1,calibrated
R351,38,male,4,counterfactual,4,5000,590,deny,74,True,7,6,5,6,6,6,6,6,7,7,6,7,6.25,True,17.1,calibrated
R351,38,male,4,counterfactual,5,30000,720,approve,88,True,7,7,7,7,6,7,6,7,7,5,6,7,6.58,True,13.0,calibrated
R351,38,male,4,counterfactual,6,12000,655,deny,63,False,3,3,4,3,3,2,3,2,3,2,3,3,2.83,False,17.2,calibrated
R351,38,male,4,counterfactual,7,9000,680,approve,77,True,6,6,6,7,6,5,6,7,7,6,6,7,6.25,True,9.5,calibrated
R351,38,male,4,counterfactual,8,18000,600,approve,55,False,3,4,3,2,2,2,1,2,4,2,1,4,2.5,False,15.6,calibrated
R351,38,male,4,counterfactual,9,7000,730,approve,94,True,6,5,6,6,6,6,7,6,5,6,5,6,5.83,True,10.9,calibrated
R351,38,male,4,counterfactual,10,25000,620,deny,69,True,6,5,6,6,6,7,6,5,5,7,6,6,5.92,False,5.9,calibrated
R352,33,female,2,counterfactual,1,8000,610,deny,82,True,6,7,7,6,6,6,7,7,5,7,6,6,6.33,True,24.8,calibrated
R352,33,female,2,counterfactual,2,15000,705,approve,91,True,5,7,7,7,7,7,6,7,6,7,6,6,6.5,True,10.5,calibrated
R352,33,female,2,counterfactual,3,22000,640,approve,58,True,5,6,5,5,5,6,6,5,5,4,4,5,5.08,False,18.5,calibrated
R352,33,female,2,counterfactual,4,5000,590,deny,74,True,7,7,5,6,5,5,6,6,6,6,5,7,5.92,True,16.9,calibrated
R352,33,female,2,counterfactual,5,30000,720,approve,88,True,6,6,7,7,7,7,7,7,7,7,7,6,6.75,True,14.1,calibrated
R352,33,female,2,counterfactual,6,12000,655,deny,63,False,2,3,3,4,2,2,2,2,3,2,2,2,2.42,False,11.3,calibrated
R352,33,female,2,counterfactual,7,9000,680,approve,77,True,6,5,7,6,7,6,6,6,7,6,7,7,6.33,True,11.7,calibrated
R352,33,female,2,counterfactual,8,18000,600,approve,55,False,4,4,3,3,3,3,2,1,4,3,3,1,2.83,False,25.4,calibrated
R352,33,female,2,counterfactual,9,7000,730,approve,94,True,7,6,7,7,7,6,6,6,5,6,7,6,6.33,True,13.4,calibrated
R352,33,female,2,counterfactual,10,25000,620,deny,69,True,5,5,6,7,6,6,6,7,7,6,6,6,6.08,True,12.5,calibrated
R353,31,male,3,surface,1,8000,610,deny,82,True,7,5,6,5,7,6,6,5,7,6,6,5,5.92,True,14.1,calibrated
R353,31,male,3,surface,2,15000,705,approve,91,True,6,7,6,6,6,6,6,5,7,7,7,6,6.25,True,8.7,calibrated
R353,31,male,3,surface,3,22000,640,approve,58,True,5,6,6,5,4,5,5,5,4,5,4,5,4.92,True,14.0,calibrated
R353,31,male,3,surface,4,5000,590,deny,74,True,5,5,6,7,6,5,5,7,6,6,6,6,5.83,True,9.2,calibrated
R353,31,male,3,surface,5,30000,720,approve,88,True,5,6,5,6,6,6,5,5,5,5,5,5,5.33,True,5.3,calibrated
R353,31,male,3,surface,6,12000,655,deny,63,False,4,4,3,3,4,5,3,3,5,3,4,4,3.75,True,15.9,calibrated
R353,31,male,3,surface,7,9000,680,approve,77,True,6,4,6,5,5,6,5,6,6,5,5,6,5.42,True,14.1,calibrated
R353,31,male,3,surface,8,18000,600,approve,55,False,4,5,4,3,3,3,4,4,3,3,5,3,3.67,True,17.3,calibrated
R353,31,male,3,surface,9,7000,730,approve,94,True,6,7,6,7,5,7,7,6,6,6,6,5,6.17,False,11.2,calibrated
R353,31,male,3,surface,10,25000,620,deny,69,True,5,4,5,6,5,5,4,6,4,5,4,6,4.92,False,20.8,calibrated
R354,33,male,3,none,1,8000,610,deny,82,True,5,4,6,5,6,4,4,5,5,5,5,4,4.83,True,16.5,calibrated
R354,33,male,3,none,2,15000,705,approve,91,True,5,6,6,6,6,6,5,5,7,6,6,5,5.75,True,16.6,calibrated
R354,33,male,3,none,3,22000,640,approve,58,True,4,5,5,4,4,4,5,5,6,5,4,4,4.58,True,24.9,calibrated
R354,33,male,3,none,4,5000,590,deny,74,True,5,5,5,6,5,5,5,5,5,4,5,6,5.08,True,11.5,calibrated
R354,33,male,3,none,5,30000,720,approve,88,True,7,7,7,6,6,6,7,6,5,7,7,7,6.5,True,14.2,calibrated
R354,33,male,3,none,6,12000,655,deny,63,False,5,5,5,4,3,4,3,3,3,3,3,4,3.75,True,15.2,calibrated
R354,33,male,3,none,7,9000,680,approve,77,True,6,5,5,6,5,4,6,4,6,5,4,6,5.17,True,14.6,calibrated
R354,33,male,3,none,8,18000,600,approve,55,False,4,4,3,4,4,5,2,3,3,3,2,4,3.42,False,8.9,calibrated
R354,33,male,3,none,9,7000,730,approve,94,True,5,5,5,6,4,6,5,5,6,6,7,5,5.42,True,14.8,calibrated
R354,33,male,3,none,10,25000,620,deny,69,True,5,4,6,6,5,5,6,5,5,5,5,7,5.33,True,16.6,calibrated
R355,18,male,3,counterfactual,1,8000,610,deny,82,True,6,7,7,6,7,7,7,7,6,7,7,7,6.75,True,10.9,calibrated
R355,18,male,3,counterfactual,2,15000,705,approve,91,True,7,7,7,6,6,7,7,7,7,7,7,7,6.83,True,26.2,calibrated
R355,18,male,3,counterfactual,3,22000,640,approve,58,True,5,4,5,5,5,5,5,5,4,4,4,5,4.67,False,13.4,calibrated
R355,18,male,3,counterfactual,4,5000,590,deny,74,True,5,6,6,6,7,6,7,7,7,6,6,6,6.25,True,13.5,calibrated
R355,18,male,3,counterfactual,5,30000,720,approve,88,True,6,6,6,5,6,6,5,7,7,7,6,6,6.08,True,18.4,calibrated
R355,18,male,3,counterfactual,6,12000,655,deny,63,False,2,3,4,4,4,2,3,3,3,2,3,3,3,True,17.9,calibrated
R355,18,male,3,counterfactual,7,9000,680,approve,77,True,6,5,5,5,7,6,7,6,6,6,6,6,5.92,True,9.8,calibrated
R355,18,male,3,counterfactual,8,18000,600,approve,55,False,2,2,3,3,3,1,3,4,3,3,2,3,2.67,True,14.7,calibrated
R355,18,male,3,counterfactual,9,7000,730,approve,94,True,6,7,7,7,7,7,7,7,7,7,7,7,6.92,True,13.4,calibrated
R355,18,male,3,counterfactual,10,25000,620,deny,69,True,5,6,5,4,7,6,5,6,6,7,5,5,5.58,True,11.1,calibrated
R356,38,female,2,counterfactual,1,8000,610,deny,82,True,7,6,7,7,7,7,7,7,6,7,7,7,6.83,True,7.5,calibrated
R356,38,female,2,counterfactual,2,15000,705,approve,91,True,7,6,7,7,6,7,6,7,7,6,5,7,6.5,True,13.5,calibrated
R356,38,female,2,counterfactual,3,22000,640,approve,58,True,5,5,6,4,5,4,6,6,4,6,5,5,5.08,True,10.1,calibrated
R356,38,female,2,counterfactual,4,5000,590,deny,74,True,6,7,5,5,5,6,7,7,5,6,6,6,5.92,True,6.3,calibrated
R356,38,female,2,counterfactual,5,30000,720,approve,88,True,6,6,6,5,6,6,6,6,6,7,5,6,5.92,False,4.8,calibrated
R356,38,female,2,counterfactual,6,12000,655,deny,63,False,3,3,3,2,4,3,3,4,3,4,2,3,3.08,True,4.4,calibrated
R356,38,female,2,counterfactual,7,9000,680,approve,77,True,6,6,7,7,6,7,6,7,5,5,7,5,6.17,True,12.1,calibrated
R356,38,female,2,counterfactual,8,18000,600,approve,55,False,3,3,2,3,3,3,3,4,2,4,4,3,3.08,False,15.6,calibrated
R356,38,female,2,counterfactual,9,7000,730,approve,94,True,7,7,7,7,7,7,6,7,7,6,7,6,6.75,True,5.6,calibrated
R356,38,female,2,counterfactual,10,25000,620,deny,69,True,6,6,6,6,6,7,7,5,6,5,7,5,6,True,11.9,calibrated
R357,49,male,2,counterfactual,1,8000,610,deny,82,True,4,6,5,5,6,5,6,5,5,6,5,6,5.33,True,10.6,calibrated
R357,49,male,2,counterfactual,2,15000,705,approve,91,True,7,6,7,7,7,7,7,7,6,7,6,7,6.75,True,16.7,calibrated
R357,49,male,2,counterfactual,3,22000,640,approve,58,True,6,5,6,5,5,5,5,4,6,5,6,4,5.17,True,12.2,calibrated
R357,49,male,2,counterfactual,4,5000,590,deny,74,True,6,7,6,5,5,5,6,7,6,7,5,6,5.92,False,14.7,calibrated
R357,49,male,2,counterfactual,5,30000,720,approve,88,True,7,7,7,7,6,7,5,7,7,7,6,7,6.67,True,23.8,calibrated
R357,49,male,2,counterfactual,6,12000,655,deny,63,False,4,3,3,4,3,4,4,3,4,5,3,3,3.58,False,16.8,calibrated
R357,49,male,2,counterfactual,7,9000,680,approve,77,True,6,6,7,6,7,5,5,6,5,6,5,6,5.83,True,11.5,calibrated
R357,49,male,2,counterfactual,8,18000,600,approve,55,False,2,3,1,4,4,2,2,2,3,1,2,4,2.5,True,15.6,calibrated
R357,49,male,2,counterfactual,9,7000,730,approve,94,True,7,6,6,7,7,7,6,7,7,7,7,7,6.75,True,13.6,calibrated
R357,49,male,2,counterfactual,10,25000,620,deny,69,True,6,5,6,6,5,6,5,5,6,5,6,6,5.58,True,19.9,calibrated
R358,37,male,4,surface,1,8000,610,deny,82,True,6,5,4,6,5,6,6,6,6,6,6,5,5.58,True,12.5,calibrated
R358,37,male,4,surface,2,15000,705,approve,91,True,6,5,7,7,6,7,6,7,5,6,5,7,6.17,True,12.1,calibrated
R358,37,male,4,surface,3,22000,640,approve,58,True,6,6,6,5,6,6,5,6,7,6,6,7,6,True,9.5,calibrated
R358,37,male,4,surface,4,5000,590,deny,74,True,6,6,5,5,5,6,5,4,7,6,4,5,5.33,True,14.8,calibrated
R358,37,male,4,surface,5,30000,720,approve,88,True,6,5,6,5,5,5,6,6,6,6,6,5,5.58,True,12.0,calibrated
R358,37,male,4,surface,6,12000,655,deny,63,False,3,4,2,5,3,3,4,4,4,3,2,4,3.42,False,18.0,calibrated
R358,37,male,4,surface,7,9000,680,approve,77,True,5,5,7,7,5,5,6,6,7,5,7,6,5.92,True,15.8,calibrated
R358,37,male,4,surface,8,18000,600,approve,55,False,3,3,3,2,4,3,4,3,3,3,3,3,3.08,False,16.9,calibrated
R358,37,male,4,surface,9,7000,730,approve,94,True,6,6,7,7,6,6,6,7,6,6,5,6,6.17,True,16.0,calibrated
R358,37,male,4,surface,10,25000,620,deny,69,True,4,5,6,5,4,5,5,5,4,5,6,6,5,True,19.7,calibrated
R359,44,male,2,none,1,8000,610,deny,82,True,5,5,5,4,6,7,6,6,6,6,4,6,5.5,True,13.2,calibrated
R359,44,male,2,none,2,15000,705,approve,91,True,7,7,6,6,6,6,7,6,7,6,6,6,6.33,True,11.5,calibrated
R359,44,male,2,none,3,22000,640,approve,58,True,3,5,4,3,5,5,4,6,5,4,5,5,4.5,False,14.6,calibrated
R359,44,male,2,none,4,5000,590,deny,74,True,6,6,6,5,6,6,6,5,6,5,5,5,5.58,True,21.0,calibrated
R359,44,male,2,none,5,30000,720,approve,88,True,5,5,4,7,5,5,5,5,4,4,6,5,5,True,14.9,calibrated
R359,44,male,2,none,6,12000,655,deny,63,False,4,3,5,3,4,4,3,5,4,4,4,5,4,True,9.5,over-trust
R359,44,male,2,none,7,9000,680,approve,77,True,5,6,5,4,3,6,5,5,3,5,4,4,4.58,False,12.5,calibrated
R359,44,male,2,none,8,18000,600,approve,55,False,5,4,3,5,4,3,3,6,4,4,4,4,4.08,False,17.5,over-trust
R359,44,male,2,none,9,7000,730,approve,94,True,5,4,5,7,6,6,6,6,5,6,4,4,5.33,True,20.1,calibrated
R359,44,male,2,none,10,25000,620,deny,69,True,2,4,4,4,5,3,4,4,5,3,4,3,3.75,True,19.2,under-trust
R360,30,female,3,surface,1,8000,610,deny,82,True,6,6,6,7,7,5,7,6,6,6,7,5,6.17,True,15.3,calibrated
R360,30,female,3,surface,2,15000,705,approve,91,True,5,5,4,5,4,4,5,4,5,7,5,5,4.83,True,19.2,calibrated
R360,30,female,3,surface,3,22000,640,approve,58,True,5,5,4,5,5,5,4,5,5,4,4,5,4.67,False,16.8,calibrated
R360,30,female,3,surface,4,5000,590,deny,74,True,6,5,4,6,6,5,5,5,5,5,6,5,5.25,True,6.5,calibrated
R360,30,female,3,surface,5,30000,720,approve,88,True,7,6,6,7,7,5,6,7,5,5,6,5,6,False,3,calibrated
R360,30,female,3,surface,6,12000,655,deny,63,False,4,2,5,4,3,5,5,4,3,3,3,3,3.67,True,7.2,calibrated
R360,30,female,3,surface,7,9000,680,approve,77,True,6,6,5,6,5,4,7,6,4,5,5,6,5.42,True,17.0,calibrated
R360,30,female,3,surface,8,18000,600,approve,55,False,5,3,5,3,4,5,3,2,4,4,3,4,3.75,False,17.0,calibrated
R360,30,female,3,surface,9,7000,730,approve,94,True,5,6,6,7,5,6,6,7,6,7,6,6,6.08,False,9.5,calibrated
R360,30,female,3,surface,10,25000,620,deny,69,True,5,5,6,6,6,4,5,6,6,6,6,5,5.5,True,8.3,calibrated
R361,45,female,4,surface,1,8000,610,deny,82,True,7,5,6,6,6,5,6,7,6,6,6,6,6,True,18.4,calibrated
R361,45,female,4,surface,2,15000,705,approve,91,True,6,6,6,6,6,5,4,4,6,4,5,5,5.25,True,9.7,calibrated
R361,45,female,4,surface,3,22000,640,approve,58,True,5,5,6,6,6,6,6,6,6,5,6,5,5.67,True,14.0,calibrated
R361,45,female,4,surface,4,5000,590,deny,74,True,5,5,6,6,6,4,5,5,6,5,6,6,5.42,True,11.2,calibrated
R361,45,female,4,surface,5,30000,720,approve,88,True,6,6,6,6,4,6,6,5,6,5,5,5,5.5,True,17.1,calibrated
R361,45,female,4,surface,6,12000,655,deny,63,False,4,4,4,3,4,4,4,3,5,3,5,4,3.92,False,22.2,calibrated
R361,45,female,4,surface,7,9000,680,approve,77,True,7,6,6,6,6,6,6,6,7,5,6,5,6,True,19.8,calibrated
R361,45,female,4,surface,8,18000,600,approve,55,False,3,4,3,3,3,4,4,2,2,2,4,3,3.08,True,13.4,calibrated
R361,45,female,4,surface,9,7000,730,approve,94,True,5,5,6,7,6,6,5,7,5,5,5,7,5.75,True,14.8,calibrated
R361,45,female,4,surface,10,25000,620,deny,69,True,4,5,5,5,6,5,5,4,5,5,4,6,4.92,True,15.7,calibrated
R362,23,male,2,counterfactual,1,8000,610,deny,82,True,6,5,6,5,7,7,6,7,6,6,6,6,6.08,True,16.3,calibrated
R362,23,male,2,counterfactual,2,15000,705,approve,91,True,6,6,7,7,7,6,5,6,6,7,6,7,6.33,True,6.4,calibrated
R362,23,male,2,counterfactual,3,22000,640,approve,58,True,7,6,7,6,5,6,7,6,7,6,6,6,6.25,True,9.4,calibrated
R362,23,male,2,counterfactual,4,5000,590,deny,74,True,6,6,5,7,7,5,6,6,5,6,5,6,5.83,True,14.5,calibrated
R362,23,male,2,counterfactual,5,30000,720,approve,88,True,7,6,5,4,7,5,7,7,6,6,6,7,6.08,False,17.6,calibrated
R362,23,male,2,counterfactual,6,12000,655,deny,63,False,1,3,2,2,3,3,2,3,2,2,3,3,2.42,True,18.8,calibrated
R362,23,male,2,counterfactual,7,9000,680,approve,77,True,7,6,6,5,6,7,6,5,6,7,5,5,5.92,True,17.6,calibrated
R362,23,male,2,counterfactual,8,18000,600,approve,55,False,2,3,2,2,2,2,1,3,2,3,3,3,2.33,True,20.1,calibrated
R362,23,male,2,counterfactual,9,7000,730,approve,94,True,6,6,6,6,7,7,6,7,7,7,7,7,6.58,True,16.4,calibrated
R362,23,male,2,counterfactual,10,25000,620,deny,69,True,6,7,6,6,6,7,5,7,5,6,6,6,6.08,True,18.4,calibrated
R363,28,female,1,surface,1,8000,610,deny,82,True,6,7,5,6,6,6,6,7,5,7,7,6,6.17,True,19.3,calibrated
R363,28,female,1,surface,2,15000,705,approve,91,True,7,7,7,6,7,6,7,7,7,6,6,6,6.58,True,23.4,calibrated
R363,28,female,1,surface,3,22000,640,approve,58,True,5,4,4,5,4,5,4,5,3,5,4,5,4.42,False,12.1,calibrated
R363,28,female,1,surface,4,5000,590,deny,74,True,5,5,5,6,5,4,5,5,5,4,4,4,4.75,False,15.6,calibrated
R363,28,female,1,surface,5,30000,720,approve,88,True,6,7,6,6,7,7,6,7,7,7,7,6,6.58,True,16.6,calibrated
R363,28,female,1,surface,6,12000,655,deny,63,False,3,3,3,5,4,4,3,4,5,3,4,3,3.67,True,18.4,calibrated
R363,28,female,1,surface,7,9000,680,approve,77,True,6,5,6,5,7,5,6,6,6,6,5,5,5.67,False,15.5,calibrated
R363,28,female,1,surface,8,18000,600,approve,55,False,4,3,3,3,3,2,4,3,3,4,4,3,3.25,True,10.4,calibrated
R363,28,female,1,surface,9,7000,730,approve,94,True,6,6,6,6,6,7,6,6,7,6,6,6,6.17,True,6.7,calibrated
R363,28,female,1,surface,10,25000,620,deny,69,True,6,5,5,5,5,4,4,4,3,5,5,5,4.67,False,16.4,calibrated
R364,27,male,4,surface,1,8000,610,deny,82,True,6,5,6,5,5,6,5,6,6,5,6,6,5.58,True,11.8,calibrated
R364,27,male,4,surface,2,15000,705,approve,91,True,6,6,7,6,6,7,6,6,6,6,6,7,6.25,True,14.5,calibrated
R364,27,male,4,surface,3,22000,640,approve,58,True,4,4,5,6,5,5,3,5,4,5,4,3,4.42,True,6.5,calibrated
R364,27,male,4,surface,4,5000,590,deny,74,True,6,5,7,6,6,6,6,7,5,6,5,6,5.92,True,7.2,calibrated
R364,27,male,4,surface,5,30000,720,approve,88,True,6,6,5,7,6,7,6,7,5,6,5,7,6.08,False,12.6,calibrated
R364,27,male,4,surface,6,12000,655,deny,63,False,3,4,4,3,5,4,4,5,3,4,3,5,3.92,False,8.7,calibrated
R364,27,male,4,surface,7,9000,680,approve,77,True,6,4,6,7,5,6,6,5,6,7,5,5,5.67,False,15.3,calibrated
R364,27,male,4,surface,8,18000,600,approve,55,False,3,3,4,4,4,2,4,2,4,3,4,3,3.33,True,4.7,calibrated
R364,27,male,4,surface,9,7000,730,approve,94,True,6,4,6,6,7,5,6,6,6,5,6,6,5.75,True,13.5,calibrated
R364,27,male,4,surface,10,25000,620,deny,69,True,6,5,5,4,5,6,5,5,7,6,5,5,5.33,True,6.9,calibrated
R365,44,female,2,counterfactual,1,8000,610,deny,82,True,6,6,7,6,6,6,6,6,6,6,7,7,6.25,False,19.3,calibrated
R365,44,female,2,counterfactual,2,15000,705,approve,91,True,7,6,7,6,7,7,6,7,7,7,7,7,6.75,True,7.5,calibrated
R365,44,female,2,counterfactual,3,22000,640,approve,58,True,6,5,6,6,5,6,7,7,5,7,7,7,6.17,True,8.3,calibrated
R365,44,female,2,counterfactual,4,5000,590,deny,74,True,6,6,6,5,4,6,6,7,6,6,6,5,5.75,True,10.7,calibrated
R365,44,female,2,counterfactual,5,30000,720,approve,88,True,6,7,6,7,6,6,7,7,5,7,6,5,6.25,False,4.7,calibrated
R365,44,female,2,counterfactual,6,12000,655,deny,63,False,3,3,3,4,3,3,3,3,4,2,3,4,3.17,False,7.1,calibrated
R365,44,female,2,counterfactual,7,9000,680,approve,77,True,6,7,6,5,7,6,7,6,6,7,6,7,6.33,True,15.1,calibrated
R365,44,female,2,counterfactual,8,18000,600,approve,55,False,2,3,3,1,3,3,3,3,2,3,2,5,2.75,False,18.5,calibrated
R365,44,female,2,counterfactual,9,7000,730,approve,94,True,6,6,6,6,6,6,7,6,7,7,7,7,6.42,True,18.8,calibrated
R365,44,female,2,counterfactual,10,25000,620,deny,69,True,5,6,6,6,6,6,5,6,6,6,5,6,5.75,False,28.4,calibrated
R366,30,male,5,counterfactual,1,8000,610,deny,82,True,6,6,6,6,5,6,6,6,6,6,7,6,6,True,13.1,calibrated
R366,30,male,5,counterfactual,2,15000,705,approve,91,True,7,7,6,6,7,6,5,7,7,7,7,7,6.58,True,21.4,calibrated
R366,30,male,5,counterfactual,3,22000,640,approve,58,True,6,6,6,7,6,6,7,5,6,6,5,5,5.92,True,14.9,calibrated
R366,30,male,5,counterfactual,4,5000,590,deny,74,True,6,5,7,5,6,7,6,5,6,6,6,5,5.83,False,9.8,calibrated
R366,30,male,5,counterfactual,5,30000,720,approve,88,True,6,6,6,6,6,6,7,6,7,5,6,6,6.08,True,17.9,calibrated
R366,30,male,5,counterfactual,6,12000,655,deny,63,False,4,3,4,2,5,5,3,4,4,5,3,5,3.92,False,11.3,calibrated
R366,30,male,5,counterfactual,7,9000,680,approve,77,True,5,5,5,6,5,5,5,7,7,7,5,6,5.67,True,16.8,calibrated
R366,30,male,5,counterfactual,8,18000,600,approve,55,False,3,4,3,3,3,2,4,2,3,3,2,4,3,False,11.2,calibrated
R366,30,male,5,counterfactual,9,7000,730,approve,94,True,7,7,7,7,6,6,7,7,7,7,7,7,6.83,True,10.3,calibrated
R366,30,male,5,counterfactual,10,25000,620,deny,69,True,6,5,6,6,7,6,5,6,6,6,6,6,5.92,True,17.3,calibrated
R367,35,female,2,none,1,8000,610,deny,82,True,7,6,7,7,5,6,6,6,6,6,6,5,6.08,True,9.3,calibrated
R367,35,female,2,none,2,15000,705,approve,91,True,5,6,5,6,5,4,6,6,6,6,4,5,5.33,True,7.8,calibrated
R367,35,female,2,none,3,22000,640,approve,58,True,4,5,4,5,4,4,4,4,5,5,5,4,4.42,True,18.1,calibrated
R367,35,female,2,none,4,5000,590,deny,74,True,6,5,5,6,5,5,5,6,4,4,6,5,5.17,True,13.3,calibrated
R367,35,female,2,none,5,30000,720,approve,88,True,4,5,5,5,5,4,5,5,5,6,6,6,5.08,True,13.3,calibrated
R367,35,female,2,none,6,12000,655,deny,63,False,5,3,3,3,3,3,3,2,2,4,4,4,3.25,False,10.0,calibrated
R367,35,female,2,none,7,9000,680,approve,77,True,5,6,6,5,5,6,5,5,5,4,5,4,5.08,True,17.1,calibrated
R367,35,female,2,none,8,18000,600,approve,55,False,3,4,3,4,2,3,2,3,3,2,3,2,2.83,False,22.1,calibrated
R367,35,female,2,none,9,7000,730,approve,94,True,7,6,6,5,6,5,5,5,5,6,7,5,5.67,True,22.6,calibrated
R367,35,female,2,none,10,25000,620,deny,69,True,3,5,5,6,4,4,5,5,5,5,3,6,4.67,False,13.7,calibrated
R368,23,male,2,counterfactual,1,8000,610,deny,82,True,7,7,7,6,6,7,7,7,7,5,5,7,6.5,True,21.4,calibrated
R368,23,male,2,counterfactual,2,15000,705,approve,91,True,7,6,6,7,7,7,7,6,7,7,7,7,6.75,True,17.6,calibrated
R368,23,male,2,counterfactual,3,22000,640,approve,58,True,7,5,7,5,7,6,6,5,7,5,7,6,6.08,True,15.1,calibrated
R368,23,male,2,counterfactual,4,5000,590,deny,74,True,5,6,7,5,7,6,6,6,6,6,6,4,5.83,True,19.8,calibrated
R368,23,male,2,counterfactual,5,30000,720,approve,88,True,7,7,7,7,6,7,5,6,6,7,7,7,6.58,True,12.2,calibrated
R368,23,male,2,counterfactual,6,12000,655,deny,63,False,3,4,5,4,5,4,4,3,3,5,3,4,3.92,True,13.4,calibrated
R368,23,male,2,counterfactual,7,9000,680,approve,77,True,7,6,6,7,6,6,7,7,7,6,6,7,6.5,True,5.9,calibrated
R368,23,male,2,counterfactual,8,18000,600,approve,55,False,1,1,3,2,1,2,2,3,3,2,2,2,2,False,13.0,calibrated
R368,23,male,2,counterfactual,9,7000,730,approve,94,True,6,6,7,6,7,7,7,7,7,6,6,7,6.58,True,16.9,calibrated
R368,23,male,2,counterfactual,10,25000,620,deny,69,True,5,7,6,6,6,6,6,5,6,7,7,6,6.08,True,15.8,calibrated
R369,34,female,3,none,1,8000,610,deny,82,True,5,6,5,6,5,4,5,6,6,6,5,6,5.42,True,20.2,calibrated
R369,34,female,3,none,2,15000,705,approve,91,True,7,4,6,6,7,6,7,7,6,7,6,7,6.33,False,26.2,calibrated
R369,34,female,3,none,3,22000,640,approve,58,True,5,3,5,4,4,5,4,4,3,4,5,4,4.17,True,21.2,calibrated
R369,34,female,3,none,4,5000,590,deny,74,True,5,6,4,5,5,5,6,4,5,5,5,6,5.08,True,13.9,calibrated
R369,34,female,3,none,5,30000,720,approve,88,True,5,4,5,5,5,6,6,6,5,5,5,5,5.17,True,14.0,calibrated
R369,34,female,3,none,6,12000,655,deny,63,False,5,4,4,4,6,5,4,3,4,5,3,4,4.25,False,16.6,over-trust
R369,34,female,3,none,7,9000,680,approve,77,True,5,4,5,5,5,5,6,4,4,5,5,6,4.92,False,26.2,calibrated
R369,34,female,3,none,8,18000,600,approve,55,False,4,5,4,4,5,4,5,5,5,4,3,4,4.33,False,12.8,over-trust
R369,34,female,3,none,9,7000,730,approve,94,True,5,6,6,6,6,6,6,6,5,5,6,6,5.75,True,22.5,calibrated
R369,34,female,3,none,10,25000,620,deny,69,True,5,7,5,5,5,6,5,6,4,6,5,4,5.25,False,5.1,calibrated
R370,35,female,3,surface,1,8000,610,deny,82,True,5,6,6,6,5,5,6,6,6,7,7,5,5.83,True,12.8,calibrated
R370,35,female,3,surface,2,15000,705,approve,91,True,6,5,6,6,4,5,5,5,5,6,6,6,5.42,False,13.4,calibrated
R370,35,female,3,surface,3,22000,640,approve,58,True,7,5,6,6,5,6,5,6,6,7,6,7,6,False,15.0,calibrated
R370,35,female,3,surface,4,5000,590,deny,74,True,7,5,5,7,6,5,6,4,7,5,6,6,5.75,True,17.0,calibrated
R370,35,female,3,surface,5,30000,720,approve,88,True,6,5,4,5,5,6,5,5,5,5,5,4,5,True,20.8,calibrated
R370,35,female,3,surface,6,12000,655,deny,63,False,4,3,4,3,3,2,3,3,3,3,2,3,3,False,7.2,calibrated
R370,35,female,3,surface,7,9000,680,approve,77,True,5,5,6,4,6,6,5,6,4,4,5,5,5.08,True,13.8,calibrated
R370,35,female,3,surface,8,18000,600,approve,55,False,2,4,3,4,2,2,4,4,3,4,5,3,3.33,True,22.8,calibrated
R370,35,female,3,surface,9,7000,730,approve,94,True,7,6,7,7,6,6,7,6,7,6,7,6,6.5,True,7.9,calibrated
R370,35,female,3,surface,10,25000,620,deny,69,True,6,6,5,6,7,7,5,5,5,5,6,4,5.58,False,13.9,calibrated
R371,33,female,3,surface,1,8000,610,deny,82,True,7,4,5,7,4,7,6,5,6,5,4,5,5.42,True,9.8,calibrated
R371,33,female,3,surface,2,15000,705,approve,91,True,4,5,5,6,5,5,4,5,4,5,6,6,5,True,15.6,calibrated
R371,33,female,3,surface,3,22000,640,approve,58,True,7,5,5,7,6,5,5,6,3,4,6,5,5.33,True,27.3,calibrated
R371,33,female,3,surface,4,5000,590,deny,74,True,6,5,7,6,6,6,6,6,6,6,6,5,5.92,True,8.6,calibrated
R371,33,female,3,surface,5,30000,720,approve,88,True,5,6,6,6,5,6,7,4,6,5,6,5,5.58,True,14.5,calibrated
R371,33,female,3,surface,6,12000,655,deny,63,False,4,4,4,5,4,2,2,4,4,4,3,3,3.58,False,14.8,calibrated
R371,33,female,3,surface,7,9000,680,approve,77,True,5,6,6,6,4,6,6,5,4,6,5,5,5.33,True,8.1,calibrated
R371,33,female,3,surface,8,18000,600,approve,55,False,2,3,5,3,4,5,5,3,4,4,3,3,3.67,True,12.9,calibrated
R371,33,female,3,surface,9,7000,730,approve,94,True,6,6,6,6,7,6,7,6,5,5,5,7,6,True,11.7,calibrated
R371,33,female,3,surface,10,25000,620,deny,69,True,6,5,4,5,5,5,6,5,6,6,6,5,5.33,True,5.2,calibrated
R372,26,female,3,surface,1,8000,610,deny,82,True,5,5,4,7,5,5,5,5,6,5,6,5,5.25,True,16.7,calibrated
R372,26,female,3,surface,2,15000,705,approve,91,True,6,6,7,6,6,7,6,5,7,6,6,7,6.25,True,12.4,calibrated
R372,26,female,3,surface,3,22000,640,approve,58,True,5,6,4,5,4,5,6,5,6,5,5,5,5.08,True,8.4,calibrated
R372,26,female,3,surface,4,5000,590,deny,74,True,5,5,4,4,4,5,6,6,4,6,5,5,4.92,True,4.9,calibrated
R372,26,female,3,surface,5,30000,720,approve,88,True,5,7,7,6,7,5,6,5,5,5,5,6,5.75,True,18.1,calibrated
R372,26,female,3,surface,6,12000,655,deny,63,False,4,4,4,5,3,3,2,4,4,4,4,3,3.67,False,11.0,calibrated
R372,26,female,3,surface,7,9000,680,approve,77,True,5,4,5,6,7,5,6,5,5,5,5,6,5.33,True,9.4,calibrated
R372,26,female,3,surface,8,18000,600,approve,55,False,5,4,4,3,3,3,4,3,4,4,4,3,3.67,True,14.9,calibrated
R372,26,female,3,surface,9,7000,730,approve,94,True,6,7,6,7,6,7,6,7,6,7,6,7,6.5,True,21.1,calibrated
R372,26,female,3,surface,10,25000,620,deny,69,True,5,5,6,3,6,5,5,5,6,3,4,5,4.83,True,11.5,calibrated
R373,51,male,3,none,1,8000,610,deny,82,True,6,5,5,4,5,6,6,6,6,5,5,6,5.42,True,8.2,calibrated
R373,51,male,3,none,2,15000,705,approve,91,True,5,6,7,7,6,6,7,6,6,6,6,6,6.17,True,10.9,calibrated
R373,51,male,3,none,3,22000,640,approve,58,True,5,4,4,5,4,5,5,6,6,5,5,4,4.83,False,17.2,calibrated
R373,51,male,3,none,4,5000,590,deny,74,True,6,4,5,4,5,5,5,4,5,5,4,5,4.75,True,8.3,calibrated
R373,51,male,3,none,5,30000,720,approve,88,True,5,5,5,6,5,4,5,5,6,4,4,3,4.75,True,18.3,calibrated
R373,51,male,3,none,6,12000,655,deny,63,False,5,4,4,3,2,5,4,5,4,5,4,3,4,True,21.3,over-trust
R373,51,male,3,none,7,9000,680,approve,77,True,6,5,5,5,6,6,5,5,5,5,7,5,5.42,False,22.1,calibrated
R373,51,male,3,none,8,18000,600,approve,55,False,4,5,3,3,4,5,4,4,4,4,4,4,4,False,18.1,over-trust
R373,51,male,3,none,9,7000,730,approve,94,True,6,6,6,5,5,6,6,5,4,7,6,7,5.75,True,8.7,calibrated
R373,51,male,3,none,10,25000,620,deny,69,True,5,5,6,5,6,6,4,5,5,5,6,6,5.33,False,15.7,calibrated
R374,31,male,3,none,1,8000,610,deny,82,True,6,5,5,7,4,5,5,4,5,4,4,6,5,True,15.4,calibrated
R374,31,male,3,none,2,15000,705,approve,91,True,6,6,5,5,4,6,5,6,4,5,7,5,5.33,False,19.7,calibrated
R374,31,male,3,none,3,22000,640,approve,58,True,3,5,4,4,4,4,4,4,5,5,5,4,4.25,False,25.4,calibrated
R374,31,male,3,none,4,5000,590,deny,74,True,4,5,6,4,5,3,4,5,5,4,5,4,4.5,False,4.6,calibrated
R374,31,male,3,none,5,30000,720,approve,88,True,6,6,6,6,6,6,5,5,6,6,6,4,5.67,True,16.7,calibrated
R374,31,male,3,none,6,12000,655,deny,63,False,4,3,4,6,4,5,5,3,3,4,2,4,3.92,True,12.4,calibrated
R374,31,male,3,none,7,9000,680,approve,77,True,4,4,2,3,4,3,5,3,4,3,4,3,3.5,True,10.4,under-trust
R374,31,male,3,none,8,18000,600,approve,55,False,4,5,5,3,4,4,4,4,5,4,4,4,4.17,True,12.2,over-trust
R374,31,male,3,none,9,7000,730,approve,94,True,5,6,4,5,4,5,5,5,5,6,5,6,5.08,True,11.0,calibrated
R374,31,male,3,none,10,25000,620,deny,69,True,5,5,5,3,5,4,4,5,5,5,4,5,4.58,True,16.7,calibrated
R375,37,male,5,surface,1,8000,610,deny,82,True,6,4,5,5,6,5,6,5,5,6,6,5,5.33,True,19.5,calibrated
R375,37,male,5,surface,2,15000,705,approve,91,True,5,5,6,6,6,6,6,6,6,5,5,7,5.75,True,12.7,calibrated
R375,37,male,5,surface,3,22000,640,approve,58,True,4,6,6,5,5,5,4,4,4,5,5,5,4.83,True,6.1,calibrated
R375,37,male,5,surface,4,5000,590,deny,74,True,4,5,5,4,6,5,6,5,6,5,6,6,5.25,False,22.6,calibrated
R375,37,male,5,surface,5,30000,720,approve,88,True,6,6,6,6,7,6,6,7,6,5,6,7,6.17,True,13.1,calibrated
R375,37,male,5,surface,6,12000,655,deny,63,False,3,4,5,4,4,4,3,3,3,4,4,3,3.67,False,9.8,calibrated
R375,37,male,5,surface,7,9000,680,approve,77,True,4,6,5,7,6,5,6,5,5,6,5,5,5.42,True,3.3,calibrated
R375,37,male,5,surface,8,18000,600,approve,55,False,3,4,4,4,4,5,4,3,3,3,4,4,3.75,False,8.5,calibrated
R375,37,male,5,surface,9,7000,730,approve,94,True,6,6,6,5,5,7,6,5,7,6,5,7,5.92,False,13.4,calibrated
R375,37,male,5,surface,10,25000,620,deny,69,True,5,6,6,6,5,5,6,5,6,4,5,5,5.33,True,10.5,calibrated
R376,25,female,4,none,1,8000,610,deny,82,True,7,5,6,5,5,5,5,4,4,5,4,4,4.92,False,15.3,calibrated
R376,25,female,4,none,2,15000,705,approve,91,True,6,6,5,5,5,6,4,7,5,7,5,6,5.58,True,10.7,calibrated
R376,25,female,4,none,3,22000,640,approve,58,True,4,3,5,4,4,5,4,3,3,4,4,3,3.83,True,17.5,under-trust
R376,25,female,4,none,4,5000,590,deny,74,True,5,4,5,5,4,5,4,5,5,5,5,5,4.75,False,19.0,calibrated
R376,25,female,4,none,5,30000,720,approve,88,True,7,7,6,5,5,6,5,5,6,4,5,6,5.58,True,13.7,calibrated
R376,25,female,4,none,6,12000,655,deny,63,False,4,4,5,5,4,3,4,5,4,3,5,5,4.25,False,15.0,over-trust
R376,25,female,4,none,7,9000,680,approve,77,True,5,3,5,5,5,4,4,3,5,5,3,3,4.17,True,13.9,calibrated
R376,25,female,4,none,8,18000,600,approve,55,False,3,4,3,3,4,4,3,3,3,2,4,4,3.33,False,15.9,calibrated
R376,25,female,4,none,9,7000,730,approve,94,True,7,6,5,6,6,6,5,6,6,7,6,5,5.92,True,11.8,calibrated
R376,25,female,4,none,10,25000,620,deny,69,True,4,5,4,4,5,5,4,4,4,5,5,5,4.5,True,14.7,calibrated
R377,21,female,4,counterfactual,1,8000,610,deny,82,True,6,6,5,6,7,6,6,6,7,6,6,5,6,True,17.3,calibrated
R377,21,female,4,counterfactual,2,15000,705,approve,91,True,7,7,7,7,7,7,7,6,7,7,7,7,6.92,True,16.5,calibrated
R377,21,female,4,counterfactual,3,22000,640,approve,58,True,4,6,5,5,5,5,5,4,6,5,5,6,5.08,True,18.4,calibrated
R377,21,female,4,counterfactual,4,5000,590,deny,74,True,6,5,7,6,6,6,6,6,6,5,6,6,5.92,True,12.3,calibrated
R377,21,female,4,counterfactual,5,30000,720,approve,88,True,7,7,7,7,7,6,7,6,7,6,6,7,6.67,True,13.5,calibrated
R377,21,female,4,counterfactual,6,12000,655,deny,63,False,3,2,2,3,3,3,3,3,3,2,4,4,2.92,True,20.1,calibrated
R377,21,female,4,counterfactual,7,9000,680,approve,77,True,6,6,7,5,6,6,6,7,7,7,7,7,6.42,True,10.5,calibrated
R377,21,female,4,counterfactual,8,18000,600,approve,55,False,3,3,2,2,3,3,2,2,2,2,4,2,2.5,False,13.4,calibrated
R377,21,female,4,counterfactual,9,7000,730,approve,94,True,5,6,5,5,5,5,6,6,6,7,4,6,5.5,True,23.3,calibrated
R377,21,female,4,counterfactual,10,25000,620,deny,69,True,7,6,6,5,6,6,6,6,7,7,7,6,6.25,True,8.6,calibrated
R378,39,female,2,counterfactual,1,8000,610,deny,82,True,6,7,5,6,7,6,6,6,6,6,7,7,6.25,True,14.8,calibrated
R378,39,female,2,counterfactual,2,15000,705,approve,91,True,5,6,6,6,7,6,7,7,7,6,6,7,6.33,False,13.1,calibrated
R378,39,female,2,counterfactual,3,22000,640,approve,58,True,6,6,5,5,6,6,5,6,6,7,5,5,5.67,False,5.9,calibrated
R378,39,female,2,counterfactual,4,5000,590,deny,74,True,6,7,7,6,6,7,7,5,7,6,7,7,6.5,True,10.2,calibrated
R378,39,female,2,counterfactual,5,30000,720,approve,88,True,7,7,6,6,7,6,7,6,6,7,7,6,6.5,True,13.4,calibrated
R378,39,female,2,counterfactual,6,12000,655,deny,63,False,4,4,4,3,3,4,3,4,3,3,3,4,3.5,True,9.2,calibrated
R378,39,female,2,counterfactual,7,9000,680,approve,77,True,6,7,7,6,7,7,7,7,7,7,6,7,6.75,True,20.3,calibrated
R378,39,female,2,counterfactual,8,18000,600,approve,55,False,2,4,3,2,3,3,4,3,4,4,3,4,3.25,True,7.5,calibrated
R378,39,female,2,counterfactual,9,7000,730,approve,94,True,7,7,7,7,7,6,6,7,7,7,6,7,6.75,True,20.8,calibrated
R378,39,female,2,counterfactual,10,25000,620,deny,69,True,6,5,7,6,6,7,6,5,6,6,7,7,6.17,True,11.7,calibrated
R379,40,female,3,none,1,8000,610,deny,82,True,5,5,4,5,5,6,7,6,6,5,6,5,5.42,False,22.7,calibrated
R379,40,female,3,none,2,15000,705,approve,91,True,5,6,6,5,5,6,6,5,5,6,5,6,5.5,False,23.6,calibrated
R379,40,female,3,none,3,22000,640,approve,58,True,5,5,4,5,5,3,5,4,4,5,4,5,4.5,True,18.8,calibrated
R379,40,female,3,none,4,5000,590,deny,74,True,5,4,5,6,6,4,5,5,4,5,5,5,4.92,True,11.7,calibrated
R379,40,female,3,none,5,30000,720,approve,88,True,3,5,4,6,5,4,4,5,6,4,5,6,4.75,True,18.2,calibrated
R379,40,female,3,none,6,12000,655,deny,63,False,3,3,4,5,3,3,3,4,3,3,4,4,3.5,True,23.3,calibrated
R379,40,female,3,none,7,9000,680,approve,77,True,6,5,5,6,6,5,5,5,4,6,5,5,5.25,False,7.1,calibrated
R379,40,female,3,none,8,18000,600,approve,55,False,2,3,3,4,4,2,3,2,4,3,3,4,3.08,True,10.9,calibrated
R379,40,female,3,none,9,7000,730,approve,94,True,5,5,5,5,5,6,6,5,5,4,5,4,5,False,18.8,calibrated
R379,40,female,3,none,10,25000,620,deny,69,True,4,4,5,4,5,4,4,6,5,5,4,5,4.58,False,19.3,calibrated
R380,41,male,1,none,1,8000,610,deny,82,True,5,5,6,5,4,6,5,6,6,5,5,5,5.25,True,12.3,calibrated
R380,41,male,1,none,2,15000,705,approve,91,True,6,7,7,5,5,6,5,7,7,4,5,5,5.75,False,15.2,calibrated
R380,41,male,1,none,3,22000,640,approve,58,True,3,4,3,4,3,4,5,6,3,5,5,3,4,True,16.9,calibrated
R380,41,male,1,none,4,5000,590,deny,74,True,5,4,5,5,4,4,4,5,5,5,4,5,4.58,True,22.2,calibrated
R380,41,male,1,none,5,30000,720,approve,88,True,4,5,4,4,6,4,5,4,5,6,4,5,4.67,False,10.3,calibrated
R380,41,male,1,none,6,12000,655,deny,63,False,4,3,6,5,4,4,4,6,4,4,4,5,4.42,False,12.6,over-trust
R380,41,male,1,none,7,9000,680,approve,77,True,5,5,5,5,5,6,5,5,6,5,4,4,5,True,16.6,calibrated
R380,41,male,1,none,8,18000,600,approve,55,False,5,4,5,5,5,6,5,3,4,5,4,5,4.67,False,10.8,over-trust
R380,41,male,1,none,9,7000,730,approve,94,True,6,4,5,5,5,5,6,5,5,6,5,6,5.25,True,19.7,calibrated
R380,41,male,1,none,10,25000,620,deny,69,True,4,3,3,5,5,4,4,3,4,4,4,3,3.83,True,19.6,under-trust
R381,42,male,3,none,1,8000,610,deny,82,True,5,5,4,5,4,4,4,6,5,6,5,5,4.83,False,22.7,calibrated
R381,42,male,3,none,2,15000,705,approve,91,True,5,5,5,6,4,4,5,4,5,4,6,6,4.92,False,14.8,calibrated
R381,42,male,3,none,3,22000,640,approve,58,True,4,5,4,5,4,3,4,4,5,5,5,4,4.33,False,16.5,calibrated
R381,42,male,3,none,4,5000,590,deny,74,True,5,5,5,5,5,3,3,5,5,5,3,3,4.33,False,7.4,calibrated
R381,42,male,3,none,5,30000,720,approve,88,True,7,7,7,6,6,6,6,6,5,6,5,6,6.08,True,21.8,calibrated
R381,42,male,3,none,6,12000,655,deny,63,False,5,4,4,4,4,5,3,4,5,4,4,3,4.08,True,13.3,over-trust
R381,42,male,3,none,7,9000,680,approve,77,True,6,5,5,5,6,6,5,5,5,5,5,4,5.17,True,17.5,calibrated
R381,42,male,3,none,8,18000,600,approve,55,False,4,4,3,3,3,3,3,4,4,5,4,4,3.67,True,9.2,calibrated
R381,42,male,3,none,9,7000,730,approve,94,True,6,5,5,5,5,7,6,5,4,5,4,5,5.17,True,16.8,calibrated
R381,42,male,3,none,10,25000,620,deny,69,True,6,5,5,5,4,5,5,5,5,5,4,5,4.92,True,23.2,calibrated
R382,38,female,2,counterfactual,1,8000,610,deny,82,True,6,5,6,6,7,6,5,7,6,4,6,6,5.83,True,12.1,calibrated
R382,38,female,2,counterfactual,2,15000,705,approve,91,True,7,7,7,7,7,6,7,7,7,7,7,6,6.83,False,20.3,calibrated
R382,38,female,2,counterfactual,3,22000,640,approve,58,True,6,7,6,6,6,5,6,6,5,5,7,5,5.83,False,7.8,calibrated
R382,38,female,2,counterfactual,4,5000,590,deny,74,True,6,6,7,6,6,5,6,6,6,6,7,7,6.17,True,13.5,calibrated
R382,38,female,2,counterfactual,5,30000,720,approve,88,True,6,6,5,7,7,6,7,7,7,7,6,7,6.5,True,19.1,calibrated
R382,38,female,2,counterfactual,6,12000,655,deny,63,False,3,4,4,4,3,4,4,4,2,4,3,4,3.58,False,19.9,calibrated
R382,38,female,2,counterfactual,7,9000,680,approve,77,True,7,7,6,6,6,5,6,6,7,7,6,6,6.25,True,6.9,calibrated
R382,38,female,2,counterfactual,8,18000,600,approve,55,False,3,3,3,3,2,4,3,3,3,4,2,3,3,True,14.5,calibrated
R382,38,female,2,counterfactual,9,7000,730,approve,94,True,5,6,7,7,6,7,6,6,7,6,7,7,6.42,True,17.7,calibrated
R382,38,female,2,counterfactual,10,25000,620,deny,69,True,5,6,5,5,5,5,5,6,6,5,5,5,5.25,True,13.9,calibrated
R383,33,male,3,counterfactual,1,8000,610,deny,82,True,5,6,6,7,6,6,7,7,6,6,7,6,6.25,True,20.4,calibrated
R383,33,male,3,counterfactual,2,15000,705,approve,91,True,6,7,7,6,7,7,7,7,6,7,7,7,6.75,True,20.6,calibrated
R383,33,male,3,counterfactual,3,22000,640,approve,58,True,6,6,5,6,5,5,5,5,7,6,6,5,5.58,True,15.1,calibrated
R383,33,male,3,counterfactual,4,5000,590,deny,74,True,5,5,6,5,6,5,5,7,6,6,4,7,5.58,True,18.9,calibrated
R383,33,male,3,counterfactual,5,30000,720,approve,88,True,6,5,5,5,6,5,5,6,7,7,5,6,5.67,False,16.4,calibrated
R383,33,male,3,counterfactual,6,12000,655,deny,63,False,3,3,3,3,5,3,3,4,4,4,5,2,3.5,True,5.6,calibrated
R383,33,male,3,counterfactual,7,9000,680,approve,77,True,6,6,5,7,6,7,6,7,6,6,7,6,6.25,True,9.3,calibrated
R383,33,male,3,counterfactual,8,18000,600,approve,55,False,4,3,3,3,4,3,3,3,2,3,2,4,3.08,False,13.5,calibrated
R383,33,male,3,counterfactual,9,7000,730,approve,94,True,7,7,7,6,6,6,6,5,6,7,5,6,6.17,True,19.6,calibrated
R383,33,male,3,counterfactual,10,25000,620,deny,69,True,7,6,6,7,7,6,7,7,6,6,7,6,6.5,True,19.3,calibrated
R384,22,male,3,counterfactual,1,8000,610,deny,82,True,6,7,7,7,7,6,7,7,6,6,6,6,6.5,True,14.7,calibrated
R384,22,male,3,counterfactual,2,15000,705,approve,91,True,6,6,6,6,7,6,6,6,7,7,7,7,6.42,True,7.2,calibrated
R384,22,male,3,counterfactual,3,22000,640,approve,58,True,7,5,6,6,6,6,5,6,6,5,6,5,5.75,False,18.3,calibrated
R384,22,male,3,counterfactual,4,5000,590,deny,74,True,6,7,6,6,6,6,6,6,6,6,6,6,6.08,True,19.6,calibrated
R384,22,male,3,counterfactual,5,30000,720,approve,88,True,6,7,6,7,6,6,7,6,6,7,7,7,6.5,True,12.0,calibrated
R384,22,male,3,counterfactual,6,12000,655,deny,63,False,4,3,2,4,3,4,5,3,2,3,3,3,3.25,False,11.0,calibrated
R384,22,male,3,counterfactual,7,9000,680,approve,77,True,7,7,4,6,7,6,7,6,6,6,5,6,6.08,True,11.1,calibrated
R384,22,male,3,counterfactual,8,18000,600,approve,55,False,5,2,2,2,3,3,3,3,3,4,3,2,2.92,True,19.4,calibrated
R384,22,male,3,counterfactual,9,7000,730,approve,94,True,7,6,6,7,7,6,7,5,7,5,6,7,6.33,True,6.8,calibrated
R384,22,male,3,counterfactual,10,25000,620,deny,69,True,6,6,7,7,6,6,7,7,6,5,6,6,6.25,True,20.6,calibrated
R385,40,male,3,counterfactual,1,8000,610,deny,82,True,7,6,5,6,7,6,6,6,6,6,6,6,6.08,True,10.9,calibrated
R385,40,male,3,counterfactual,2,15000,705,approve,91,True,6,5,7,7,7,7,7,7,7,7,6,6,6.58,True,14.9,calibrated
R385,40,male,3,counterfactual,3,22000,640,approve,58,True,6,5,4,5,5,6,5,5,4,4,5,4,4.83,True,13.4,calibrated
R385,40,male,3,counterfactual,4,5000,590,deny,74,True,6,5,4,5,5,5,5,5,5,6,5,3,4.92,True,12.1,calibrated
R385,40,male,3,counterfactual,5,30000,720,approve,88,True,6,6,7,5,6,6,5,6,6,6,7,7,6.08,True,12.3,calibrated
R385,40,male,3,counterfactual,6,12000,655,deny,63,False,3,2,3,3,4,3,2,3,4,4,2,4,3.08,False,11.3,calibrated
R385,40,male,3,counterfactual,7,9000,680,approve,77,True,6,6,7,6,7,7,5,5,6,6,5,5,5.92,True,25.3,calibrated
R385,40,male,3,counterfactual,8,18000,600,approve,55,False,2,3,2,2,2,3,4,3,4,3,3,2,2.75,False,16.3,calibrated
R385,40,male,3,counterfactual,9,7000,730,approve,94,True,7,7,7,7,7,7,7,7,7,7,7,7,7,True,17.1,calibrated
R385,40,male,3,counterfactual,10,25000,620,deny,69,True,5,6,6,7,7,5,6,6,5,6,6,5,5.83,True,12.9,calibrated
R386,37,female,4,counterfactual,1,8000,610,deny,82,True,7,6,7,7,6,7,6,6,6,6,6,7,6.42,True,9.4,calibrated
R386,37,female,4,counterfactual,2,15000,705,approve,91,True,7,7,7,7,6,7,7,5,7,6,6,7,6.58,True,23.0,calibrated
R386,37,female,4,counterfactual,3,22000,640,approve,58,True,5,7,7,6,7,6,6,6,6,6,6,5,6.08,True,20.9,calibrated
R386,37,female,4,counterfactual,4,5000,590,deny,74,True,5,6,4,6,6,7,6,5,6,4,4,7,5.5,False,7.5,calibrated
R386,37,female,4,counterfactual,5,30000,720,approve,88,True,7,5,6,7,7,6,7,6,6,6,6,6,6.25,True,14.8,calibrated
R386,37,female,4,counterfactual,6,12000,655,deny,63,False,4,4,3,4,4,3,3,3,4,2,3,3,3.33,False,14.6,calibrated
R386,37,female,4,counterfactual,7,9000,680,approve,77,True,4,6,6,5,6,5,5,6,4,6,5,5,5.25,False,16.8,calibrated
R386,37,female,4,counterfactual,8,18000,600,approve,55,False,3,3,2,2,3,3,3,3,3,3,3,3,2.83,False,6.7,calibrated
R386,37,female,4,counterfactual,9,7000,730,approve,94,True,6,6,7,6,7,7,6,6,6,7,7,7,6.5,True,16.9,calibrated
R386,37,female,4,counterfactual,10,25000,620,deny,69,True,7,7,6,7,7,7,7,6,6,6,6,7,6.58,True,17.5,calibrated
R387,34,female,4,none,1,8000,610,deny,82,True,5,5,5,5,5,6,5,5,5,6,5,6,5.25,True,17.0,calibrated
R387,34,female,4,none,2,15000,705,approve,91,True,6,6,5,5,7,5,6,4,4,7,6,6,5.58,True,10.8,calibrated
R387,34,female,4,none,3,22000,640,approve,58,True,4,4,5,4,5,5,5,4,4,5,5,4,4.5,True,16.9,calibrated
R387,34,female,4,none,4,5000,590,deny,74,True,3,3,5,4,4,4,4,4,4,4,4,6,4.08,True,24.3,calibrated
R387,34,female,4,none,5,30000,720,approve,88,True,4,4,6,4,5,5,4,5,5,5,5,5,4.75,False,15.2,calibrated
R387,34,female,4,none,6,12000,655,deny,63,False,6,6,4,6,3,4,5,5,6,6,5,5,5.08,True,14.5,over-trust
R387,34,female,4,none,7,9000,680,approve,77,True,4,6,5,5,4,6,6,5,6,5,6,4,5.17,False,20.6,calibrated
R387,34,female,4,none,8,18000,600,approve,55,False,4,5,4,5,5,4,4,6,5,4,4,5,4.58,False,19.8,over-trust
R387,34,female,4,none,9,7000,730,approve,94,True,5,6,5,6,4,4,7,6,6,6,5,6,5.5,True,11.9,calibrated
R387,34,female,4,none,10,25000,620,deny,69,True,5,4,6,5,5,6,6,5,5,5,5,5,5.17,False,8.1,calibrated
R388,24,male,3,counterfactual,1,8000,610,deny,82,True,7,7,7,7,6,6,6,6,7,5,6,6,6.33,True,19.2,calibrated
R388,24,male,3,counterfactual,2,15000,705,approve,91,True,6,7,7,7,6,6,6,6,7,7,6,6,6.42,True,11.2,calibrated
R388,24,male,3,counterfactual,3,22000,640,approve,58,True,5,5,5,4,5,5,6,5,6,4,7,3,5,True,8.5,calibrated
R388,24,male,3,counterfactual,4,5000,590,deny,74,True,7,7,5,7,7,6,7,7,6,7,6,7,6.58,True,13.9,calibrated
R388,24,male,3,counterfactual,5,30000,720,approve,88,True,7,6,7,7,6,7,6,7,7,6,7,6,6.58,True,14.2,calibrated
R388,24,male,3,counterfactual,6,12000,655,deny,63,False,3,3,4,3,3,3,3,3,2,3,3,3,3,False,20.5,calibrated
R388,24,male,3,counterfactual,7,9000,680,approve,77,True,5,6,6,5,5,6,6,6,7,6,5,6,5.75,True,10.1,calibrated
R388,24,male,3,counterfactual,8,18000,600,approve,55,False,1,3,2,3,2,3,3,2,1,2,2,2,2.17,False,11.4,calibrated
R388,24,male,3,counterfactual,9,7000,730,approve,94,True,7,6,7,6,7,7,7,7,7,7,6,7,6.75,True,13.2,calibrated
R388,24,male,3,counterfactual,10,25000,620,deny,69,True,5,4,6,5,6,5,4,6,3,5,6,4,4.92,True,10.9,calibrated
R389,46,female,4,counterfactual,1,8000,610,deny,82,True,7,6,7,6,7,6,6,6,6,6,5,6,6.17,True,14.0,calibrated
R389,46,female,4,counterfactual,2,15000,705,approve,91,True,6,6,6,6,6,6,7,6,5,7,7,7,6.25,True,11.0,calibrated
R389,46,female,4,counterfactual,3,22000,640,approve,58,True,4,6,4,6,4,4,4,4,5,4,4,6,4.58,True,18.4,calibrated
R389,46,female,4,counterfactual,4,5000,590,deny,74,True,6,6,6,7,6,5,6,6,5,5,5,5,5.67,True,18.6,calibrated
R389,46,female,4,counterfactual,5,30000,720,approve,88,True,6,6,7,6,7,7,6,7,6,7,7,7,6.58,True,11.3,calibrated
R389,46,female,4,counterfactual,6,12000,655,deny,63,False,3,4,2,4,2,4,3,3,3,3,4,4,3.25,False,10.6,calibrated
R389,46,female,4,counterfactual,7,9000,680,approve,77,True,7,5,7,5,6,5,6,5,6,6,6,7,5.92,True,21.7,calibrated
R389,46,female,4,counterfactual,8,18000,600,approve,55,False,4,3,3,3,3,2,3,2,3,4,2,3,2.92,False,16.7,calibrated
R389,46,female,4,counterfactual,9,7000,730,approve,94,True,7,7,7,7,7,7,6,6,7,7,6,6,6.67,True,21.8,calibrated
R389,46,female,4,counterfactual,10,25000,620,deny,69,True,6,5,5,5,5,4,6,7,7,5,5,6,5.5,True,14.0,calibrated
R390,31,male,3,counterfactual,1,8000,610,deny,82,True,4,7,6,6,6,6,7,5,6,6,6,6,5.92,True,16.1,calibrated
R390,31,male,3,counterfactual,2,15000,705,approve,91,True,7,7,7,7,6,7,7,6,7,7,6,6,6.67,True,7.6,calibrated
R390,31,male,3,counterfactual,3,22000,640,approve,58,True,5,6,4,4,4,5,6,5,5,5,6,7,5.17,True,13.8,calibrated
R390,31,male,3,counterfactual,4,5000,590,deny,74,True,6,5,7,5,6,6,6,6,5,6,5,6,5.75,True,9.8,calibrated
R390,31,male,3,counterfactual,5,30000,720,approve,88,True,6,7,7,6,6,6,5,7,6,6,6,6,6.17,True,19.4,calibrated
R390,31,male,3,counterfactual,6,12000,655,deny,63,False,4,4,3,4,4,4,4,4,3,2,3,5,3.67,True,14.4,calibrated
R390,31,male,3,counterfactual,7,9000,680,approve,77,True,6,6,7,5,6,5,6,6,7,7,7,7,6.25,True,10.2,calibrated
R390,31,male,3,counterfactual,8,18000,600,approve,55,False,3,3,2,2,3,3,3,3,4,3,4,4,3.08,False,15.3,calibrated
R390,31,male,3,counterfactual,9,7000,730,approve,94,True,5,7,7,6,7,6,7,6,7,7,7,6,6.5,True,26.2,calibrated
R390,31,male,3,counterfactual,10,25000,620,deny,69,True,5,5,6,5,5,5,4,5,6,6,5,6,5.25,True,20.7,calibrated
R391,22,nonbinary,4,none,1,8000,610,deny,82,True,5,5,6,6,5,6,5,3,4,6,6,5,5.17,True,11.1,calibrated
R391,22,nonbinary,4,none,2,15000,705,approve,91,True,4,7,5,4,5,5,5,6,5,5,5,6,5.17,False,17.4,calibrated
R391,22,nonbinary,4,none,3,22000,640,approve,58,True,4,5,3,4,3,5,5,4,4,4,4,5,4.17,False,14.4,calibrated
R391,22,nonbinary,4,none,4,5000,590,deny,74,True,5,6,5,5,4,5,5,4,5,5,5,3,4.75,True,13.8,calibrated
R391,22,nonbinary,4,none,5,30000,720,approve,88,True,5,4,6,6,5,5,4,5,5,5,5,5,5,False,9.9,calibrated
R391,22,nonbinary,4,none,6,12000,655,deny,63,False,4,5,4,2,5,4,5,4,4,5,6,3,4.25,False,13.6,over-trust
R391,22,nonbinary,4,none,7,9000,680,approve,77,True,6,5,4,5,7,6,6,6,6,6,5,6,5.67,True,19.2,calibrated
R391,22,nonbinary,4,none,8,18000,600,approve,55,False,4,4,4,3,4,4,4,3,3,4,4,5,3.83,True,12.3,calibrated
R391,22,nonbinary,4,none,9,7000,730,approve,94,True,6,6,5,5,6,5,5,6,7,6,6,6,5.75,True,17.6,calibrated
R391,22,nonbinary,4,none,10,25000,620,deny,69,True,4,6,5,5,6,6,4,6,6,4,6,5,5.25,False,19.2,calibrated
R392,42,male,5,counterfactual,1,8000,610,deny,82,True,6,4,6,5,6,6,6,7,6,7,5,7,5.92,True,13.1,calibrated
R392,42,male,5,counterfactual,2,15000,705,approve,91,True,6,6,7,7,6,6,6,6,6,6,6,6,6.17,True,12.8,calibrated
R392,42,male,5,counterfactual,3,22000,640,approve,58,True,6,6,6,7,6,6,7,7,7,7,5,6,6.33,True,10.3,calibrated
R392,42,male,5,counterfactual,4,5000,590,deny,74,True,5,5,6,7,5,6,6,6,5,6,6,6,5.75,True,14.5,calibrated
R392,42,male,5,counterfactual,5,30000,720,approve,88,True,6,7,6,6,7,7,6,7,6,7,5,7,6.42,True,18.3,calibrated
R392,42,male,5,counterfactual,6,12000,655,deny,63,False,4,3,3,3,3,3,3,3,3,2,2,2,2.83,True,8.2,calibrated
R392,42,male,5,counterfactual,7,9000,680,approve,77,True,6,6,6,6,7,7,7,7,7,6,7,7,6.58,True,13.9,calibrated
R392,42,male,5,counterfactual,8,18000,600,approve,55,False,5,4,4,4,3,4,4,5,4,4,4,4,4.08,True,13.1,over-trust
R392,42,male,5,counterfactual,9,7000,730,approve,94,True,6,7,7,7,7,7,6,7,6,7,5,7,6.58,True,10.8,calibrated
R392,42,male,5,counterfactual,10,25000,620,deny,69,True,5,5,6,5,6,5,5,7,6,5,6,5,5.5,False,21.6,calibrated
R393,38,female,5,none,1,8000,610,deny,82,True,5,4,4,5,4,4,4,4,4,4,4,5,4.25,False,8.0,calibrated
R393,38,female,5,none,2,15000,705,approve,91,True,5,5,6,5,7,5,6,7,7,7,5,6,5.92,True,7.1,calibrated
R393,38,female,5,none,3,22000,640,approve,58,True,4,5,4,5,5,4,5,6,3,4,5,4,4.5,False,6.0,calibrated
R393,38,female,5,none,4,5000,590,deny,74,True,5,4,4,6,5,5,4,5,4,4,5,4,4.58,False,19.7,calibrated
R393,38,female,5,none,5,30000,720,approve,88,True,5,6,5,6,5,6,6,6,6,6,6,6,5.75,True,16.2,calibrated
R393,38,female,5,none,6,12000,655,deny,63,False,4,3,3,5,4,5,4,4,3,5,3,4,3.92,True,15.2,calibrated
R393,38,female,5,none,7,9000,680,approve,77,True,5,4,6,6,5,5,6,4,5,5,5,5,5.08,False,21.0,calibrated
R393,38,female,5,none,8,18000,600,approve,55,False,4,4,5,4,5,5,4,4,3,4,6,5,4.42,True,14.7,over-trust
R393,38,female,5,none,9,7000,730,approve,94,True,6,6,7,6,7,6,6,6,7,6,7,5,6.25,True,14.4,calibrated
R393,38,female,5,none,10,25000,620,deny,69,True,3,4,4,4,5,5,4,5,5,4,4,4,4.25,False,3,calibrated
R394,43,female,4,counterfactual,1,8000,610,deny,82,True,6,5,7,7,7,6,5,7,7,6,7,6,6.33,True,15.9,calibrated
R394,43,female,4,counterfactual,2,15000,705,approve,91,True,7,6,7,6,7,7,7,5,7,7,7,7,6.67,True,19.9,calibrated
R394,43,female,4,counterfactual,3,22000,640,approve,58,True,5,5,6,5,5,5,5,5,5,5,4,4,4.92,True,20.8,calibrated
R394,43,female,4,counterfactual,4,5000,590,deny,74,True,7,6,6,7,7,7,6,5,7,6,7,7,6.5,True,11.0,calibrated
R394,43,female,4,counterfactual,5,30000,720,approve,88,True,6,7,7,7,7,7,7,7,6,7,6,6,6.67,True,15.7,calibrated
R394,43,female,4,counterfactual,6,12000,655,deny,63,False,3,3,4,3,3,3,3,2,4,3,3,3,3.08,True,9.5,calibrated
R394,43,female,4,counterfactual,7,9000,680,approve,77,True,7,6,6,7,6,6,6,5,5,6,5,7,6,True,12.8,calibrated
R394,43,female,4,counterfactual,8,18000,600,approve,55,False,3,4,2,3,4,4,2,3,4,4,3,2,3.17,True,14.5,calibrated
R394,43,female,4,counterfactual,9,7000,730,approve,94,True,5,7,5,6,7,7,6,7,6,6,7,6,6.25,True,9.0,calibrated
R394,43,female,4,counterfactual,10,25000,620,deny,69,True,7,6,5,7,7,7,6,7,6,7,7,5,6.42,True,17.8,calibrated
R395,36,female,3,none,1,8000,610,deny,82,True,5,5,4,3,5,5,4,4,4,4,5,4,4.33,False,19.0,calibrated
R395,36,female,3,none,2,15000,705,approve,91,True,5,6,5,4,4,6,5,6,6,5,6,5,5.25,True,17.5,calibrated
R395,36,female,3,none,3,22000,640,approve,58,True,3,4,5,4,5,3,4,3,3,4,4,5,3.92,False,18.9,under-trust
R395,36,female,3,none,4,5000,590,deny,74,True,5,5,6,5,4,5,5,5,5,7,5,5,5.17,True,18.2,calibrated
R395,36,female,3,none,5,30000,720,approve,88,True,6,5,5,6,6,5,5,6,4,4,6,4,5.17,True,16.3,calibrated
R395,36,female,3,none,6,12000,655,deny,63,False,4,2,4,3,4,4,4,3,3,3,3,4,3.42,True,10.5,calibrated
R395,36,female,3,none,7,9000,680,approve,77,True,4,6,5,6,5,5,5,5,6,5,6,5,5.25,True,13.4,calibrated
R395,36,female,3,none,8,18000,600,approve,55,False,3,4,4,4,3,4,3,4,3,3,3,4,3.5,True,10.7,calibrated
R395,36,female,3,none,9,7000,730,approve,94,True,7,6,4,6,6,6,5,6,6,6,7,6,5.92,True,13.3,calibrated
R395,36,female,3,none,10,25000,620,deny,69,True,6,5,7,5,6,6,6,4,6,5,6,6,5.67,True,11.2,calibrated
R396,18,female,4,counterfactual,1,8000,610,deny,82,True,7,6,5,6,6,6,5,7,7,7,7,6,6.25,True,10.8,calibrated
R396,18,female,4,counterfactual,2,15000,705,approve,91,True,7,6,5,7,7,6,5,6,6,6,5,7,6.08,True,10.3,calibrated
R396,18,female,4,counterfactual,3,22000,640,approve,58,True,5,7,6,5,7,6,5,5,4,5,6,7,5.67,True,4.2,calibrated
R396,18,female,4,counterfactual,4,5000,590,deny,74,True,7,6,6,7,5,6,7,6,6,6,6,6,6.17,True,11.7,calibrated
R396,18,female,4,counterfactual,5,30000,720,approve,88,True,6,7,7,6,6,6,7,6,7,7,7,7,6.58,True,17.7,calibrated
R396,18,female,4,counterfactual,6,12000,655,deny,63,False,4,3,3,2,2,3,3,3,3,3,2,4,2.92,False,5.4,calibrated
R396,18,female,4,counterfactual,7,9000,680,approve,77,True,7,6,7,7,7,7,7,7,5,7,6,6,6.58,True,10.7,calibrated
R396,18,female,4,counterfactual,8,18000,600,approve,55,False,3,3,4,3,2,3,3,2,3,2,2,2,2.67,False,8.3,calibrated
R396,18,female,4,counterfactual,9,7000,730,approve,94,True,7,7,6,7,7,7,6,5,6,7,7,7,6.58,True,13.2,calibrated
R396,18,female,4,counterfactual,10,25000,620,deny,69,True,6,6,7,6,5,5,6,5,5,5,6,7,5.75,True,15.0,calibrated
R397,32,male,5,counterfactual,1,8000,610,deny,82,True,6,5,5,6,6,6,7,6,6,5,5,6,5.75,False,17.5,calibrated
R397,32,male,5,counterfactual,2,15000,705,approve,91,True,7,6,7,7,6,6,7,6,6,6,5,5,6.17,True,8.5,calibrated
R397,32,male,5,counterfactual,3,22000,640,approve,58,True,6,6,6,6,6,6,5,5,4,4,6,5,5.42,True,9.8,calibrated
R397,32,male,5,counterfactual,4,5000,590,deny,74,True,7,6,6,6,6,6,7,6,6,6,5,6,6.08,False,12.3,calibrated
R397,32,male,5,counterfactual,5,30000,720,approve,88,True,7,7,7,6,6,6,6,6,7,7,7,6,6.5,True,6.8,calibrated
R397,32,male,5,counterfactual,6,12000,655,deny,63,False,4,3,4,3,4,4,4,4,4,3,3,5,3.75,True,11.1,calibrated
R397,32,male,5,counterfactual,7,9000,680,approve,77,True,6,6,7,6,7,6,7,6,6,6,7,7,6.42,True,27.6,calibrated
R397,32,male,5,counterfactual,8,18000,600,approve,55,False,3,4,4,2,2,3,4,3,4,3,5,4,3.42,False,15.0,calibrated
R397,32,male,5,counterfactual,9,7000,730,approve,94,True,7,7,6,6,6,6,6,6,7,6,6,6,6.25,True,10.7,calibrated
R397,32,male,5,counterfactual,10,25000,620,deny,69,True,5,6,7,7,7,5,5,6,4,6,5,6,5.75,True,18.0,calibrated
R398,18,female,2,none,1,8000,610,deny,82,True,5,5,6,5,6,5,5,6,5,7,5,6,5.5,False,14.4,calibrated
R398,18,female,2,none,2,15000,705,approve,91,True,6,4,6,5,6,6,6,4,5,7,5,4,5.33,True,17.8,calibrated
R398,18,female,2,none,3,22000,640,approve,58,True,6,5,6,5,5,6,5,6,6,5,5,6,5.5,False,16.3,calibrated
R398,18,female,2,none,4,5000,590,deny,74,True,5,5,5,6,4,5,4,4,5,5,6,5,4.92,True,10.1,calibrated
R398,18,female,2,none,5,30000,720,approve,88,True,6,6,6,6,7,5,6,5,5,6,5,7,5.83,True,6.8,calibrated
R398,18,female,2,none,6,12000,655,deny,63,False,3,4,4,3,3,5,4,4,3,4,3,4,3.67,False,9.5,calibrated
R398,18,female,2,none,7,9000,680,approve,77,True,3,5,3,4,5,5,5,5,5,5,5,3,4.42,False,15.6,calibrated
R398,18,female,2,none,8,18000,600,approve,55,False,5,4,4,3,4,2,3,3,4,3,3,4,3.5,False,22.3,calibrated
R398,18,female,2,none,9,7000,730,approve,94,True,5,6,5,6,5,5,6,5,6,6,5,5,5.42,True,13.6,calibrated
R398,18,female,2,none,10,25000,620,deny,69,True,4,4,6,5,4,5,5,4,5,4,6,5,4.75,True,14.4,calibrated
R399,52,female,2,none,1,8000,610,deny,82,True,5,4,4,5,5,7,5,6,6,4,5,5,5.08,False,12.3,calibrated
R399,52,female,2,none,2,15000,705,approve,91,True,6,6,6,6,7,7,7,7,7,7,6,7,6.58,True,17.4,calibrated
R399,52,female,2,none,3,22000,640,approve,58,True,3,5,4,6,5,5,5,5,5,4,5,6,4.83,True,23.9,calibrated
R399,52,female,2,none,4,5000,590,deny,74,True,5,4,6,6,6,5,4,6,6,4,4,6,5.17,True,7.1,calibrated
R399,52,female,2,none,5,30000,720,approve,88,True,5,5,7,6,6,5,6,6,5,5,5,5,5.5,False,14.6,calibrated
R399,52,female,2,none,6,12000,655,deny,63,False,4,5,5,3,4,4,5,4,5,4,4,3,4.17,True,13.0,over-trust
R399,52,female,2,none,7,9000,680,approve,77,True,4,5,4,6,4,5,5,5,5,5,5,5,4.83,False,17.1,calibrated
R399,52,female,2,none,8,18000,600,approve,55,False,4,4,2,3,3,3,3,3,4,3,3,3,3.17,False,14.3,calibrated
R399,52,female,2,none,9,7000,730,approve,94,True,5,5,5,6,5,5,5,5,3,6,4,5,4.92,False,9.1,calibrated
R399,52,female,2,none,10,25000,620,deny,69,True,5,5,5,5,5,5,5,4,4,7,5,3,4.83,False,8.3,calibrated
R400,38,female,3,surface,1,8000,610,deny,82,True,5,6,5,6,6,6,6,5,5,7,7,6,5.83,True,11.4,calibrated
R400,38,female,3,surface,2,15000,705,approve,91,True,6,7,6,6,7,6,7,6,7,7,6,7,6.5,True,12.6,calibrated
R400,38,female,3,surface,3,22000,640,approve,58,True,5,4,4,3,4,5,5,5,5,5,4,4,4.42,True,21.1,calibrated
R400,38,female,3,surface,4,5000,590,deny,74,True,6,6,5,5,5,5,5,6,6,4,6,5,5.33,True,11.6,calibrated
R400,38,female,3,surface,5,30000,720,approve,88,True,7,7,6,5,6,7,7,7,6,6,5,5,6.17,False,12.0,calibrated
R400,38,female,3,surface,6,12000,655,deny,63,False,4,3,5,3,3,4,3,3,4,4,4,3,3.58,True,3.8,calibrated
R400,38,female,3,surface,7,9000,680,approve,77,True,5,4,5,4,5,4,6,5,5,5,4,6,4.83,True,11.1,calibrated
R400,38,female,3,surface,8,18000,600,approve,55,False,3,3,4,4,4,3,4,4,3,3,2,5,3.5,False,11.6,calibrated
R400,38,female,3,surface,9,7000,730,approve,94,True,6,5,6,5,7,6,5,6,7,7,5,5,5.83,True,14.3,calibrated
R400,38,female,3,surface,10,25000,620,deny,69,True,5,7,5,7,5,6,5,6,5,5,6,6,5.67,False,6.4,calibrated
R401,21,female,4,none,1,8000,610,deny,82,True,4,5,5,4,6,4,5,5,4,4,5,5,4.67,False,3,calibrated
R401,21,female,4,none,2,15000,705,approve,91,True,6,6,6,7,7,5,6,6,6,5,6,5,5.92,True,17.4,calibrated
R401,21,female,4,none,3,22000,640,approve,58,True,4,4,4,4,4,3,4,3,3,4,5,5,3.92,True,13.9,under-trust
R401,21,female,4,none,4,5000,590,deny,74,True,4,5,6,5,6,5,4,5,6,4,6,5,5.08,False,15.4,calibrated
R401,21,female,4,none,5,30000,720,approve,88,True,4,7,6,6,5,7,5,6,4,4,5,5,5.33,True,12.5,calibrated
R401,21,female,4,none,6,12000,655,deny,63,False,3,3,3,4,4,3,4,3,3,4,3,4,3.42,True,9.5,calibrated
R401,21,female,4,none,7,9000,680,approve,77,True,4,4,6,5,5,6,6,5,4,5,6,5,5.08,False,18.2,calibrated
R401,21,female,4,none,8,18000,600,approve,55,False,4,3,4,4,3,3,2,3,3,4,5,3,3.42,False,17.8,calibrated
R401,21,female,4,none,9,7000,730,approve,94,True,5,6,5,5,5,5,5,5,5,5,5,5,5.08,False,20.1,calibrated
R401,21,female,4,none,10,25000,620,deny,69,True,5,6,5,5,5,6,5,6,6,4,6,6,5.42,False,11.0,calibrated
R402,57,male,2,surface,1,8000,610,deny,82,True,6,7,5,7,6,5,6,5,7,5,6,7,6,True,22.7,calibrated
R402,57,male,2,surface,2,15000,705,approve,91,True,5,6,6,5,6,6,6,6,5,6,5,5,5.58,True,10.7,calibrated
R402,57,male,2,surface,3,22000,640,approve,58,True,6,5,6,6,5,5,6,5,5,7,6,5,5.58,True,18.6,calibrated
R402,57,male,2,surface,4,5000,590,deny,74,True,6,4,7,7,6,6,6,6,6,5,5,6,5.83,True,22.9,calibrated
R402,57,male,2,surface,5,30000,720,approve,88,True,6,5,5,6,5,5,5,5,5,5,5,5,5.17,True,14.7,calibrated
R402,57,male,2,surface,6,12000,655,deny,63,False,3,4,3,5,5,4,3,3,6,4,3,3,3.83,False,5.1,calibrated
R402,57,male,2,surface,7,9000,680,approve,77,True,7,6,5,7,7,6,6,6,5,6,5,7,6.08,True,17.2,calibrated
R402,57,male,2,surface,8,18000,600,approve,55,False,2,3,2,4,3,4,4,2,4,2,4,4,3.17,True,15.6,calibrated
R402,57,male,2,surface,9,7000,730,approve,94,True,6,4,6,6,5,7,5,5,6,5,6,6,5.58,True,10.0,calibrated
R402,57,male,2,surface,10,25000,620,deny,69,True,4,5,5,4,5,5,5,4,5,6,5,5,4.83,True,17.8,calibrated
R403,18,male,4,surface,1,8000,610,deny,82,True,5,6,6,5,4,3,6,5,5,5,5,6,5.08,True,12.2,calibrated
R403,18,male,4,surface,2,15000,705,approve,91,True,5,7,7,7,6,7,7,7,6,7,7,7,6.67,True,15.9,calibrated
R403,18,male,4,surface,3,22000,640,approve,58,True,6,5,7,7,6,7,5,5,6,5,5,6,5.83,True,15.0,calibrated
R403,18,male,4,surface,4,5000,590,deny,74,True,6,5,6,6,5,4,6,7,6,6,6,5,5.67,True,11.5,calibrated
R403,18,male,4,surface,5,30000,720,approve,88,True,5,5,6,4,6,5,6,5,5,4,4,4,4.92,True,19.0,calibrated
R403,18,male,4,surface,6,12000,655,deny,63,False,5,5,4,4,5,6,4,4,5,5,5,4,4.67,False,5.7,over-trust
R403,18,male,4,surface,7,9000,680,approve,77,True,5,5,6,5,5,6,6,4,4,5,5,6,5.17,True,7.7,calibrated
R403,18,male,4,surface,8,18000,600,approve,55,False,4,4,3,4,4,5,3,4,3,4,4,3,3.75,True,14.2,calibrated
R403,18,male,4,surface,9,7000,730,approve,94,True,6,6,6,7,6,6,7,6,5,6,6,6,6.08,True,17.5,calibrated
R403,18,male,4,surface,10,25000,620,deny,69,True,6,5,6,5,4,5,4,5,5,6,6,5,5.17,True,12.1,calibrated
R404,21,nonbinary,2,counterfactual,1,8000,610,deny,82,True,6,5,5,6,5,7,6,5,7,6,7,6,5.92,True,17.1,calibrated
R404,21,nonbinary,2,counterfactual,2,15000,705,approve,91,True,6,6,6,6,7,6,7,7,5,6,6,7,6.25,True,13.2,calibrated
R404,21,nonbinary,2,counterfactual,3,22000,640,approve,58,True,6,5,5,5,5,5,6,5,5,6,5,5,5.25,True,22.1,calibrated
R404,21,nonbinary,2,counterfactual,4,5000,590,deny,74,True,7,6,6,6,6,6,6,5,6,6,6,5,5.92,True,23.6,calibrated
R404,21,nonbinary,2,counterfactual,5,30000,720,approve,88,True,6,5,6,6,6,6,5,6,6,7,7,5,5.92,True,18.9,calibrated
R404,21,nonbinary,2,counterfactual,6,12000,655,deny,63,False,3,2,2,3,2,2,2,3,3,4,3,3,2.67,False,10.5,calibrated
R404,21,nonbinary,2,counterfactual,7,9000,680,approve,77,True,6,6,7,7,6,6,6,6,7,5,6,7,6.25,True,15.0,calibrated
R404,21,nonbinary,2,counterfactual,8,18000,600,approve,55,False,2,3,3,2,2,3,3,2,2,2,2,2,2.33,False,12.3,calibrated
R404,21,nonbinary,2,counterfactual,9,7000,730,approve,94,True,7,7,7,7,6,7,7,7,7,7,6,6,6.75,True,15.0,calibrated
R404,21,nonbinary,2,counterfactual,10,25000,620,deny,69,True,5,5,5,7,5,7,6,5,6,5,6,6,5.67,False,19.9,calibrated
R405,46,female,2,surface,1,8000,610,deny,82,True,6,6,6,5,6,6,5,5,6,5,6,6,5.67,False,18.5,calibrated
R405,46,female,2,surface,2,15000,705,approve,91,True,6,5,6,6,6,7,7,6,5,6,7,6,6.08,True,15.4,calibrated
R405,46,female,2,surface,3,22000,640,approve,58,True,5,7,6,4,7,5,6,5,4,6,5,7,5.58,True,19.9,calibrated
R405,46,female,2,surface,4,5000,590,deny,74,True,6,6,5,5,6,6,6,4,6,5,5,6,5.5,False,15.9,calibrated
R405,46,female,2,surface,5,30000,720,approve,88,True,6,5,5,6,7,7,5,5,5,7,6,5,5.75,True,12.0,calibrated
R405,46,female,2,surface,6,12000,655,deny,63,False,3,5,2,4,3,3,2,1,4,4,3,4,3.17,False,13.8,calibrated
R405,46,female,2,surface,7,9000,680,approve,77,True,5,5,5,5,5,4,6,5,5,4,6,6,5.08,True,12.6,calibrated
R405,46,female,2,surface,8,18000,600,approve,55,False,5,4,4,6,3,4,3,5,4,5,5,4,4.33,True,23.6,over-trust
R405,46,female,2,surface,9,7000,730,approve,94,True,5,5,6,5,6,5,6,6,6,6,7,6,5.75,True,12.2,calibrated
R405,46,female,2,surface,10,25000,620,deny,69,True,6,6,4,6,5,5,4,5,4,5,5,5,5,False,19.2,calibrated
R406,24,female,5,counterfactual,1,8000,610,deny,82,True,7,6,6,6,6,5,6,5,5,6,7,6,5.92,True,17.9,calibrated
R406,24,female,5,counterfactual,2,15000,705,approve,91,True,7,7,7,6,7,7,6,7,6,7,6,7,6.67,True,12.5,calibrated
R406,24,female,5,counterfactual,3,22000,640,approve,58,True,6,5,6,6,4,5,5,5,6,4,5,5,5.17,True,5.9,calibrated
R406,24,female,5,counterfactual,4,5000,590,deny,74,True,6,6,6,6,7,7,7,7,6,5,6,7,6.33,True,14.1,calibrated
R406,24,female,5,counterfactual,5,30000,720,approve,88,True,7,7,5,7,7,6,6,7,7,6,6,5,6.33,True,9.0,calibrated
R406,24,female,5,counterfactual,6,12000,655,deny,63,False,4,4,4,4,3,4,3,3,3,4,3,3,3.5,False,13.6,calibrated
R406,24,female,5,counterfactual,7,9000,680,approve,77,True,6,7,7,6,7,6,6,7,7,7,7,7,6.67,True,10.1,calibrated
R406,24,female,5,counterfactual,8,18000,600,approve,55,False,3,1,2,3,2,3,2,2,4,3,2,2,2.42,False,14.2,calibrated
R406,24,female,5,counterfactual,9,7000,730,approve,94,True,6,7,7,7,7,7,7,6,7,7,7,7,6.83,True,17.5,calibrated
R406,24,female,5,counterfactual,10,25000,620,deny,69,True,5,6,6,5,6,7,6,5,6,5,5,7,5.75,True,9.0,calibrated
R407,39,female,5,none,1,8000,610,deny,82,True,6,5,6,6,7,5,4,6,6,5,6,5,5.58,True,12.2,calibrated
R407,39,female,5,none,2,15000,705,approve,91,True,5,5,6,4,5,5,6,6,6,6,5,5,5.33,False,16.4,calibrated
R407,39,female,5,none,3,22000,640,approve,58,True,5,5,4,6,3,4,4,5,5,5,4,5,4.58,False,17.9,calibrated
R407,39,female,5,none,4,5000,590,deny,74,True,5,6,5,4,5,3,6,5,4,4,5,6,4.83,False,14.8,calibrated
R407,39,female,5,none,5,30000,720,approve,88,True,6,5,6,6,6,6,6,5,6,6,5,7,5.83,True,8.9,calibrated
R407,39,female,5,none,6,12000,655,deny,63,False,4,3,4,4,4,4,3,3,3,4,3,4,3.58,False,17.7,calibrated
R407,39,female,5,none,7,9000,680,approve,77,True,6,5,5,4,5,5,5,5,4,5,6,4,4.92,False,20.0,calibrated
R407,39,female,5,none,8,18000,600,approve,55,False,5,4,4,3,5,4,4,4,3,4,4,4,4,False,12.5,over-trust
R407,39,female,5,none,9,7000,730,approve,94,True,5,6,5,7,6,6,5,6,6,6,6,5,5.75,True,23.5,calibrated
R407,39,female,5,none,10,25000,620,deny,69,True,6,5,7,6,5,5,4,5,5,5,5,5,5.25,True,21.4,calibrated
R408,28,female,3,surface,1,8000,610,deny,82,True,6,6,6,7,7,7,6,6,6,5,7,5,6.17,True,15.5,calibrated
R408,28,female,3,surface,2,15000,705,approve,91,True,5,6,5,5,6,4,5,5,6,7,5,6,5.42,False,7.4,calibrated
R408,28,female,3,surface,3,22000,640,approve,58,True,4,5,3,5,5,5,2,5,3,3,4,4,4,True,3,calibrated
R408,28,female,3,surface,4,5000,590,deny,74,True,7,7,7,7,7,7,6,6,7,5,7,6,6.58,True,14.8,calibrated
R408,28,female,3,surface,5,30000,720,approve,88,True,5,7,6,6,6,5,6,6,6,5,4,6,5.67,True,16.5,calibrated
R408,28,female,3,surface,6,12000,655,deny,63,False,4,5,4,4,4,4,3,4,4,5,4,4,4.08,False,9.7,over-trust
R408,28,female,3,surface,7,9000,680,approve,77,True,6,6,6,6,5,6,5,6,6,6,6,6,5.83,True,12.2,calibrated
R408,28,female,3,surface,8,18000,600,approve,55,False,4,4,3,3,3,3,3,3,4,3,3,3,3.25,True,10.5,calibrated
R408,28,female,3,surface,9,7000,730,approve,94,True,7,6,6,7,6,6,5,6,5,7,7,5,6.08,True,9.3,calibrated
R408,28,female,3,surface,10,25000,620,deny,69,True,6,4,6,6,5,3,4,3,4,4,6,4,4.58,False,12.0,calibrated
R409,23,female,4,surface,1,8000,610,deny,82,True,6,5,6,5,6,5,5,6,6,5,5,5,5.42,False,18.0,calibrated
R409,23,female,4,surface,2,15000,705,approve,91,True,5,6,5,6,7,5,6,7,7,6,4,5,5.75,True,17.7,calibrated
R409,23,female,4,surface,3,22000,640,approve,58,True,6,5,4,4,3,5,5,5,5,6,4,5,4.75,True,17.4,calibrated
R409,23,female,4,surface,4,5000,590,deny,74,True,6,5,4,4,5,6,5,6,4,5,5,4,4.92,True,6.7,calibrated
R409,23,female,4,surface,5,30000,720,approve,88,True,6,6,7,6,6,6,7,6,5,6,7,6,6.17,True,3,calibrated
R409,23,female,4,surface,6,12000,655,deny,63,False,5,6,4,5,5,4,4,5,4,4,4,5,4.58,False,7.8,over-trust
R409,23,female,4,surface,7,9000,680,approve,77,True,6,6,5,6,5,6,6,6,4,6,7,5,5.67,True,18.2,calibrated
R409,23,female,4,surface,8,18000,600,approve,55,False,4,2,3,4,4,4,4,4,4,3,3,3,3.5,False,13.8,calibrated
R409,23,female,4,surface,9,7000,730,approve,94,True,5,6,6,5,6,6,6,5,5,6,7,6,5.75,True,12.0,calibrated
R409,23,female,4,surface,10,25000,620,deny,69,True,5,5,5,4,6,3,4,5,4,4,5,5,4.58,True,15.7,calibrated
R410,25,female,3,none,1,8000,610,deny,82,True,5,5,5,5,4,6,5,7,6,6,5,5,5.33,False,6.7,calibrated
R410,25,female,3,none,2,15000,705,approve,91,True,5,5,5,6,5,5,5,5,5,6,5,6,5.25,True,17.6,calibrated
R410,25,female,3,none,3,22000,640,approve,58,True,5,5,4,4,4,4,4,4,3,4,4,6,4.25,True,16.7,calibrated
R410,25,female,3,none,4,5000,590,deny,74,True,4,6,6,4,5,4,4,5,5,6,5,4,4.83,True,14.0,calibrated
R410,25,female,3,none,5,30000,720,approve,88,True,5,4,5,5,6,4,5,5,5,5,5,6,5,True,7.6,calibrated
R410,25,female,3,none,6,12000,655,deny,63,False,4,5,4,4,5,5,3,2,6,4,4,5,4.25,False,11.5,over-trust
R410,25,female,3,none,7,9000,680,approve,77,True,6,4,5,5,7,5,6,7,4,5,6,6,5.5,False,17.0,calibrated
R410,25,female,3,none,8,18000,600,approve,55,False,5,4,4,4,4,4,4,4,4,5,3,4,4.08,False,16.8,over-trust
R410,25,female,3,none,9,7000,730,approve,94,True,6,5,6,6,6,5,6,5,5,6,5,7,5.67,True,16.2,calibrated
R410,25,female,3,none,10,25000,620,deny,69,True,5,5,4,5,5,5,4,5,5,4,6,5,4.83,False,5.5,calibrated
R411,39,female,2,counterfactual,1,8000,610,deny,82,True,7,7,7,7,7,6,6,6,7,7,6,7,6.67,True,9.6,calibrated
R411,39,female,2,counterfactual,2,15000,705,approve,91,True,7,7,7,7,6,6,7,6,6,7,7,7,6.67,True,16.6,calibrated
R411,39,female,2,counterfactual,3,22000,640,approve,58,True,6,5,5,6,6,5,5,6,5,6,5,5,5.42,True,15.4,calibrated
R411,39,female,2,counterfactual,4,5000,590,deny,74,True,7,7,6,7,7,7,6,7,7,6,7,7,6.75,True,17.2,calibrated
R411,39,female,2,counterfactual,5,30000,720,approve,88,True,6,6,6,6,6,6,5,6,7,6,7,6,6.08,True,23.3,calibrated
R411,39,female,2,counterfactual,6,12000,655,deny,63,False,1,3,2,1,1,1,3,2,2,3,3,1,1.92,False,18.2,calibrated
R411,39,female,2,counterfactual,7,9000,680,approve,77,True,6,6,7,5,5,5,7,6,5,6,6,6,5.83,True,12.3,calibrated
R411,39,female,2,counterfactual,8,18000,600,approve,55,False,4,4,3,3,4,3,2,3,3,2,3,3,3.08,False,19.8,calibrated
R411,39,female,2,counterfactual,9,7000,730,approve,94,True,7,7,7,7,7,7,6,6,6,7,7,6,6.67,True,13.4,calibrated
R411,39,female,2,counterfactual,10,25000,620,deny,69,True,4,7,5,6,6,7,7,6,5,6,6,5,5.83,True,23.3,calibrated
R412,45,nonbinary,1,counterfactual,1,8000,610,deny,82,True,7,7,6,6,6,6,5,6,7,6,6,6,6.17,True,4.4,calibrated
R412,45,nonbinary,1,counterfactual,2,15000,705,approve,91,True,7,6,7,7,6,7,7,7,7,6,6,7,6.67,True,15.4,calibrated
R412,45,nonbinary,1,counterfactual,3,22000,640,approve,58,True,5,5,5,6,6,4,6,5,6,5,6,5,5.33,True,14.4,calibrated
R412,45,nonbinary,1,counterfactual,4,5000,590,deny,74,True,6,6,7,7,5,7,7,6,6,6,6,6,6.25,True,13.5,calibrated
R412,45,nonbinary,1,counterfactual,5,30000,720,approve,88,True,6,7,6,5,7,7,7,6,5,7,7,6,6.33,True,16.2,calibrated
R412,45,nonbinary,1,counterfactual,6,12000,655,deny,63,False,3,4,3,2,4,2,5,5,3,2,4,3,3.33,False,17.6,calibrated
R412,45,nonbinary,1,counterfactual,7,9000,680,approve,77,True,6,5,7,7,7,5,7,6,6,6,7,6,6.25,True,11.3,calibrated
R412,45,nonbinary,1,counterfactual,8,18000,600,approve,55,False,3,3,2,3,4,5,3,3,3,3,3,2,3.08,True,16.3,calibrated
R412,45,nonbinary,1,counterfactual,9,7000,730,approve,94,True,7,6,7,6,7,7,7,7,7,6,6,7,6.67,True,13.4,calibrated
R412,45,nonbinary,1,counterfactual,10,25000,620,deny,69,True,7,6,6,6,7,7,5,6,7,7,6,6,6.33,True,19.4,calibrated
R413,33,male,2,surface,1,8000,610,deny,82,True,6,5,5,7,6,6,6,5,5,6,6,6,5.75,True,7.8,calibrated
R413,33,male,2,surface,2,15000,705,approve,91,True,7,6,6,7,6,7,6,6,5,7,6,7,6.33,False,4.1,calibrated
R413,33,male,2,surface,3,22000,640,approve,58,True,4,6,6,5,4,4,5,4,5,5,5,5,4.83,True,15.9,calibrated
R413,33,male,2,surface,4,5000,590,deny,74,True,7,6,6,6,7,6,7,6,7,6,6,5,6.25,True,18.6,calibrated
R413,33,male,2,surface,5,30000,720,approve,88,True,5,6,6,6,5,7,7,6,7,5,5,5,5.83,True,13.3,calibrated
R413,33,male,2,surface,6,12000,655,deny,63,False,5,5,4,5,4,5,3,5,5,5,5,4,4.58,True,10.9,over-trust
R413,33,male,2,surface,7,9000,680,approve,77,True,5,6,5,7,5,7,7,6,5,6,6,5,5.83,True,13.1,calibrated
R413,33,male,2,surface,8,18000,600,approve,55,False,3,5,3,3,4,5,4,4,3,4,3,6,3.92,True,21.0,calibrated
R413,33,male,2,surface,9,7000,730,approve,94,True,7,6,7,6,5,5,6,7,5,6,7,7,6.17,True,16.2,calibrated
R413,33,male,2,surface,10,25000,620,deny,69,True,5,5,5,5,5,5,5,5,5,5,5,4,4.92,False,13.1,calibrated
R414,37,female,3,counterfactual,1,8000,610,deny,82,True,6,7,6,6,6,6,6,7,6,7,5,6,6.17,True,15.0,calibrated
R414,37,female,3,counterfactual,2,15000,705,approve,91,True,6,6,6,6,6,5,7,6,6,7,4,6,5.92,False,15.2,calibrated
R414,37,female,3,counterfactual,3,22000,640,approve,58,True,6,7,7,6,6,7,6,7,6,5,6,5,6.17,True,15.4,calibrated
R414,37,female,3,counterfactual,4,5000,590,deny,74,True,6,6,5,6,5,6,7,6,7,5,6,6,5.92,True,15.6,calibrated
R414,37,female,3,counterfactual,5,30000,720,approve,88,True,7,6,6,7,7,7,7,6,7,7,7,7,6.75,False,15.2,calibrated
R414,37,female,3,counterfactual,6,12000,655,deny,63,False,4,3,4,4,4,3,3,3,3,5,4,4,3.67,True,6.3,calibrated
R414,37,female,3,counterfactual,7,9000,680,approve,77,True,4,6,6,6,6,6,6,7,6,6,6,5,5.83,False,16.3,calibrated
R414,37,female,3,counterfactual,8,18000,600,approve,55,False,4,3,2,3,3,4,3,4,3,4,4,4,3.42,True,11.6,calibrated
R414,37,female,3,counterfactual,9,7000,730,approve,94,True,5,6,7,6,6,6,7,7,7,7,5,6,6.25,True,18.7,calibrated
R414,37,female,3,counterfactual,10,25000,620,deny,69,True,6,7,6,6,5,7,7,6,6,6,6,6,6.17,True,7.1,calibrated
R415,23,female,4,counterfactual,1,8000,610,deny,82,True,7,6,5,7,5,6,6,6,6,6,5,6,5.92,True,12.4,calibrated
R415,23,female,4,counterfactual,2,15000,705,approve,91,True,6,7,5,7,7,6,7,6,6,6,6,7,6.33,False,9.9,calibrated
R415,23,female,4,counterfactual,3,22000,640,approve,58,True,4,5,4,5,5,5,5,5,6,6,6,4,5,True,15.3,calibrated
R415,23,female,4,counterfactual,4,5000,590,deny,74,True,6,6,7,7,7,6,6,6,6,6,6,6,6.25,False,14.1,calibrated
R415,23,female,4,counterfactual,5,30000,720,approve,88,True,7,5,7,7,6,5,7,6,5,6,7,6,6.17,True,13.5,calibrated
R415,23,female,4,counterfactual,6,12000,655,deny,63,False,3,3,4,3,4,4,4,3,3,3,3,5,3.5,False,9.2,calibrated
R415,23,female,4,counterfactual,7,9000,680,approve,77,True,6,7,7,7,7,6,7,6,7,7,7,7,6.75,True,20.9,calibrated
R415,23,female,4,counterfactual,8,18000,600,approve,55,False,3,1,3,1,4,3,2,2,3,3,1,1,2.25,False,6.9,calibrated
R415,23,female,4,counterfactual,9,7000,730,approve,94,True,4,7,6,6,5,6,6,5,6,5,6,5,5.58,True,9.5,calibrated
R415,23,female,4,counterfactual,10,25000,620,deny,69,True,6,6,5,7,6,7,7,6,5,6,6,7,6.17,True,11.9,calibrated
R416,18,male,2,surface,1,8000,610,deny,82,True,5,6,7,6,6,6,5,6,5,5,5,6,5.67,True,15.5,calibrated
R416,18,male,2,surface,2,15000,705,approve,91,True,7,7,6,5,7,5,5,5,7,6,4,7,5.92,True,23.7,calibrated
R416,18,male,2,surface,3,22000,640,approve,58,True,6,5,5,5,5,4,4,6,5,5,6,6,5.17,True,12.8,calibrated
R416,18,male,2,surface,4,5000,590,deny,74,True,4,6,4,6,5,5,5,6,5,5,5,7,5.25,True,6.2,calibrated
R416,18,male,2,surface,5,30000,720,approve,88,True,6,6,5,5,7,5,6,6,6,7,6,6,5.92,True,14.0,calibrated
R416,18,male,2,surface,6,12000,655,deny,63,False,3,3,2,5,4,3,4,3,3,3,3,4,3.33,True,13.5,calibrated
R416,18,male,2,surface,7,9000,680,approve,77,True,4,5,5,5,5,6,5,4,5,5,4,5,4.83,False,4.2,calibrated
R416,18,male,2,surface,8,18000,600,approve,55,False,5,3,2,5,3,5,3,3,4,3,4,5,3.75,True,19.8,calibrated
R416,18,male,2,surface,9,7000,730,approve,94,True,6,6,5,7,6,6,5,7,7,6,6,6,6.08,True,10.2,calibrated
R416,18,male,2,surface,10,25000,620,deny,69,True,5,7,5,5,5,5,6,6,5,6,5,4,5.33,True,18.9,calibrated
R417,41,male,3,counterfactual,1,8000,610,deny,82,True,7,6,7,7,7,7,7,6,6,6,7,6,6.58,True,19.4,calibrated
R417,41,male,3,counterfactual,2,15000,705,approve,91,True,6,7,7,7,7,6,7,7,6,5,7,7,6.58,True,14.3,calibrated
R417,41,male,3,counterfactual,3,22000,640,approve,58,True,4,5,7,5,5,4,4,6,6,6,4,5,5.08,False,11.2,calibrated
R417,41,male,3,counterfactual,4,5000,590,deny,74,True,5,6,6,7,6,6,5,7,6,5,6,5,5.83,False,6.9,calibrated
R417,41,male,3,counterfactual,5,30000,720,approve,88,True,5,6,6,6,5,6,4,5,5,5,7,7,5.58,False,17.1,calibrated
R417,41,male,3,counterfactual,6,12000,655,deny,63,False,3,4,3,3,3,2,3,3,3,5,5,5,3.5,False,10.5,calibrated
R417,41,male,3,counterfactual,7,9000,680,approve,77,True,7,7,7,7,6,7,7,7,7,6,7,7,6.83,True,11.4,calibrated
R417,41,male,3,counterfactual,8,18000,600,approve,55,False,3,3,2,3,2,3,3,3,3,3,2,4,2.83,True,14.4,calibrated
R417,41,male,3,counterfactual,9,7000,730,approve,94,True,7,7,7,6,7,6,7,6,7,7,7,7,6.75,True,3,calibrated
R417,41,male,3,counterfactual,10,25000,620,deny,69,True,6,6,6,6,6,6,6,6,7,7,6,7,6.25,False,16.1,calibrated
R418,44,nonbinary,2,none,1,8000,610,deny,82,True,6,4,6,6,7,6,6,7,7,6,6,7,6.17,False,12.8,calibrated
R418,44,nonbinary,2,none,2,15000,705,approve,91,True,3,5,5,5,5,5,5,5,3,4,3,6,4.5,False,25.3,calibrated
R418,44,nonbinary,2,none,3,22000,640,approve,58,True,4,4,5,5,4,5,5,4,4,3,5,4,4.33,True,20.9,calibrated
R418,44,nonbinary,2,none,4,5000,590,deny,74,True,5,5,6,5,5,6,5,4,5,5,5,5,5.08,True,21.3,calibrated
R418,44,nonbinary,2,none,5,30000,720,approve,88,True,7,7,6,6,5,6,7,6,7,5,5,6,6.08,True,11.0,calibrated
R418,44,nonbinary,2,none,6,12000,655,deny,63,False,4,3,5,3,3,4,4,5,4,4,3,3,3.75,False,15.9,calibrated
R418,44,nonbinary,2,none,7,9000,680,approve,77,True,5,5,4,5,5,7,6,5,5,4,6,4,5.08,True,10.3,calibrated
R418,44,nonbinary,2,none,8,18000,600,approve,55,False,3,4,4,4,5,3,4,5,4,5,4,3,4,True,7.3,over-trust
R418,44,nonbinary,2,none,9,7000,730,approve,94,True,6,6,7,6,7,6,5,5,6,6,6,7,6.08,True,23.2,calibrated
R418,44,nonbinary,2,none,10,25000,620,deny,69,True,6,5,4,6,6,7,5,5,6,5,6,6,5.58,False,16.6,calibrated
R419,53,male,1,counterfactual,1,8000,610,deny,82,True,7,7,6,6,7,6,5,6,6,6,7,6,6.25,True,9.1,calibrated
R419,53,male,1,counterfactual,2,15000,705,approve,91,True,6,6,6,7,6,5,6,6,7,6,7,6,6.17,True,8.7,calibrated
R419,53,male,1,counterfactual,3,22000,640,approve,58,True,5,5,4,6,5,6,6,7,5,5,6,5,5.42,False,7.1,calibrated
R419,53,male,1,counterfactual,4,5000,590,deny,74,True,6,6,6,7,6,6,6,6,7,6,6,5,6.08,True,11.0,calibrated
R419,53,male,1,counterfactual,5,30000,720,approve,88,True,6,6,6,7,6,7,6,6,6,6,7,6,6.25,True,17.0,calibrated
R419,53,male,1,counterfactual,6,12000,655,deny,63,False,4,2,3,3,4,3,3,3,3,3,3,3,3.08,True,15.4,calibrated
R419,53,male,1,counterfactual,7,9000,680,approve,77,True,6,4,6,7,6,6,6,5,6,6,5,5,5.67,True,22.5,calibrated
R419,53,male,1,counterfactual,8,18000,600,approve,55,False,3,4,4,3,3,3,3,2,4,3,3,3,3.17,False,8.2,calibrated
R419,53,male,1,counterfactual,9,7000,730,approve,94,True,6,6,6,6,6,6,7,4,5,7,7,5,5.92,True,15.9,calibrated
R419,53,male,1,counterfactual,10,25000,620,deny,69,True,7,7,7,6,7,6,7,7,7,6,6,6,6.58,True,13.2,calibrated
R420,34,female,1,counterfactual,1,8000,610,deny,82,True,7,5,7,7,7,7,6,7,7,6,7,7,6.67,True,14.6,calibrated
R420,34,female,1,counterfactual,2,15000,705,approve,91,True,7,7,6,7,7,6,6,7,5,6,6,6,6.33,True,14.3,calibrated
R420,34,female,1,counterfactual,3,22000,640,approve,58,True,5,5,6,6,6,6,6,5,5,5,5,5,5.42,True,25.6,calibrated
R420,34,female,1,counterfactual,4,5000,590,deny,74,True,5,6,6,5,5,5,5,4,5,6,6,5,5.25,True,21.3,calibrated
R420,34,female,1,counterfactual,5,30000,720,approve,88,True,7,7,7,7,7,6,4,7,6,7,6,6,6.42,True,10.7,calibrated
R420,34,female,1,counterfactual,6,12000,655,deny,63,False,4,3,3,4,3,4,3,3,3,3,3,3,3.25,True,23.4,calibrated
R420,34,female,1,counterfactual,7,9000,680,approve,77,True,6,6,4,6,5,6,6,5,6,6,6,6,5.67,True,10.2,calibrated
R420,34,female,1,counterfactual,8,18000,600,approve,55,False,2,3,2,1,3,2,3,1,2,2,3,3,2.25,True,17.0,calibrated
R420,34,female,1,counterfactual,9,7000,730,approve,94,True,7,7,7,6,7,7,7,7,7,7,6,7,6.83,True,14.8,calibrated
R420,34,female,1,counterfactual,10,25000,620,deny,69,True,5,6,6,5,5,7,5,6,5,6,6,5,5.58,True,15.1,calibrated
R421,42,female,4,none,1,8000,610,deny,82,True,5,5,5,5,6,5,3,4,5,5,5,4,4.75,False,9.2,calibrated
R421,42,female,4,none,2,15000,705,approve,91,True,6,5,4,6,5,4,4,5,5,5,5,5,4.92,True,10.5,calibrated
R421,42,female,4,none,3,22000,640,approve,58,True,4,4,4,4,5,5,5,5,4,4,4,5,4.42,True,10.6,calibrated
R421,42,female,4,none,4,5000,590,deny,74,True,5,5,6,5,5,5,5,3,5,4,5,4,4.75,True,19.4,calibrated
R421,42,female,4,none,5,30000,720,approve,88,True,5,4,4,4,5,4,3,4,4,4,3,3,3.92,True,19.6,under-trust
R421,42,female,4,none,6,12000,655,deny,63,False,5,4,3,5,3,5,4,5,4,3,5,5,4.25,True,19.6,over-trust
R421,42,female,4,none,7,9000,680,approve,77,True,6,4,3,4,4,5,5,3,4,4,3,4,4.08,True,13.3,calibrated
R421,42,female,4,none,8,18000,600,approve,55,False,4,4,4,4,4,4,4,5,4,2,4,4,3.92,True,9.7,calibrated
R421,42,female,4,none,9,7000,730,approve,94,True,5,6,6,6,4,6,5,4,5,6,6,6,5.42,False,17.7,calibrated
R421,42,female,4,none,10,25000,620,deny,69,True,4,4,6,5,4,4,5,4,5,5,5,5,4.67,True,18.1,calibrated
R422,26,female,4,counterfactual,1,8000,610,deny,82,True,5,5,5,5,5,5,6,7,6,7,7,5,5.67,True,20.1,calibrated
R422,26,female,4,counterfactual,2,15000,705,approve,91,True,6,6,6,7,7,7,5,5,7,6,7,7,6.33,True,15.1,calibrated
R422,26,female,4,counterfactual,3,22000,640,approve,58,True,6,6,7,6,6,6,6,6,6,6,6,6,6.08,True,19.3,calibrated
R422,26,female,4,counterfactual,4,5000,590,deny,74,True,7,5,5,6,5,6,6,6,6,6,6,5,5.75,True,3.7,calibrated
R422,26,female,4,counterfactual,5,30000,720,approve,88,True,7,7,6,6,6,7,5,7,5,6,6,6,6.17,False,20.3,calibrated
R422,26,female,4,counterfactual,6,12000,655,deny,63,False,3,3,4,4,3,3,3,4,3,4,3,3,3.33,False,7.6,calibrated
R422,26,female,4,counterfactual,7,9000,680,approve,77,True,6,5,5,6,5,6,6,7,6,7,6,5,5.83,True,10.2,calibrated
R422,26,female,4,counterfactual,8,18000,600,approve,55,False,3,3,2,3,3,3,3,3,5,2,3,3,3,True,11.4,calibrated
R422,26,female,4,counterfactual,9,7000,730,approve,94,True,7,7,7,7,6,7,7,7,7,6,7,6,6.75,True,20.4,calibrated
R422,26,female,4,counterfactual,10,25000,620,deny,69,True,6,6,6,6,6,6,5,5,7,5,7,5,5.83,True,10.9,calibrated
R423,44,male,3,none,1,8000,610,deny,82,True,4,6,6,5,5,4,5,4,6,3,5,5,4.83,True,9.9,calibrated
R423,44,male,3,none,2,15000,705,approve,91,True,4,4,5,5,5,4,5,5,4,6,5,5,4.75,True,10.8,calibrated
R423,44,male,3,none,3,22000,640,approve,58,True,5,5,6,6,5,5,4,5,6,6,6,5,5.33,True,11.1,calibrated
R423,44,male,3,none,4,5000,590,deny,74,True,6,4,5,6,5,5,5,5,5,4,5,5,5,True,10.9,calibrated
R423,44,male,3,none,5,30000,720,approve,88,True,6,6,5,6,4,5,5,6,5,6,5,6,5.42,True,13.4,calibrated
R423,44,male,3,none,6,12000,655,deny,63,False,4,4,5,4,5,6,6,5,4,4,4,4,4.58,False,12.8,over-trust
R423,44,male,3,none,7,9000,680,approve,77,True,6,5,5,4,4,6,3,6,5,6,5,4,4.92,False,12.4,calibrated
R423,44,male,3,none,8,18000,600,approve,55,False,5,5,4,4,5,7,6,6,5,5,4,5,5.08,False,13.7,over-trust
R423,44,male,3,none,9,7000,730,approve,94,True,6,6,6,6,5,6,6,5,6,6,7,6,5.92,True,11.9,calibrated
R423,44,male,3,none,10,25000,620,deny,69,True,4,4,4,3,4,4,5,3,3,4,4,5,3.92,True,9.8,under-trust
R424,22,female,4,counterfactual,1,8000,610,deny,82,True,6,6,5,5,5,5,6,6,7,6,6,5,5.67,True,19.0,calibrated
R424,22,female,4,counterfactual,2,15000,705,approve,91,True,5,6,6,6,6,7,6,5,7,6,6,5,5.92,True,10.2,calibrated
R424,22,female,4,counterfactual,3,22000,640,approve,58,True,7,5,5,6,6,5,6,5,6,6,5,6,5.67,True,17.4,calibrated
R424,22,female,4,counterfactual,4,5000,590,deny,74,True,5,6,5,6,6,6,4,6,6,5,6,7,5.67,True,12.4,calibrated
R424,22,female,4,counterfactual,5,30000,720,approve,88,True,7,7,7,7,6,6,7,5,6,7,7,7,6.58,True,15.0,calibrated
R424,22,female,4,counterfactual,6,12000,655,deny,63,False,4,3,5,3,4,4,4,5,5,3,4,3,3.92,False,18.5,calibrated
R424,22,female,4,counterfactual,7,9000,680,approve,77,True,6,5,6,6,5,5,6,6,7,6,6,5,5.75,False,8.9,calibrated
R424,22,female,4,counterfactual,8,18000,600,approve,55,False,3,3,2,2,4,2,2,2,3,4,3,3,2.75,True,9.0,calibrated
R424,22,female,4,counterfactual,9,7000,730,approve,94,True,7,7,7,6,6,5,7,7,6,6,6,7,6.42,True,14.9,calibrated
R424,22,female,4,counterfactual,10,25000,620,deny,69,True,5,6,5,6,5,5,5,6,7,5,5,7,5.58,False,8.8,calibrated
R425,25,male,2,none,1,8000,610,deny,82,True,5,4,3,4,4,5,5,5,5,4,5,3,4.33,False,15.4,calibrated
R425,25,male,2,none,2,15000,705,approve,91,True,6,4,6,5,4,5,5,5,5,5,4,4,4.83,False,13.0,calibrated
R425,25,male,2,none,3,22000,640,approve,58,True,4,5,4,3,3,4,3,4,5,4,4,4,3.92,True,19.2,under-trust
R425,25,male,2,none,4,5000,590,deny,74,True,4,5,5,4,6,6,5,4,4,5,6,5,4.92,False,12.4,calibrated
R425,25,male,2,none,5,30000,720,approve,88,True,5,7,7,6,5,5,5,5,6,6,6,6,5.75,True,13.3,calibrated
R425,25,male,2,none,6,12000,655,deny,63,False,3,3,4,4,4,5,3,3,4,3,4,3,3.58,False,19.8,calibrated
R425,25,male,2,none,7,9000,680,approve,77,True,4,5,5,5,5,5,5,6,4,5,6,6,5.08,True,15.6,calibrated
R425,25,male,2,none,8,18000,600,approve,55,False,3,5,4,6,4,3,4,5,4,4,4,4,4.17,True,12.6,over-trust
R425,25,male,2,none,9,7000,730,approve,94,True,5,6,6,4,5,5,6,5,6,6,6,5,5.42,True,15.6,calibrated
R425,25,male,2,none,10,25000,620,deny,69,True,4,4,5,4,4,5,6,5,5,3,4,5,4.5,True,15.2,calibrated
R426,22,nonbinary,2,counterfactual,1,8000,610,deny,82,True,5,6,7,7,6,6,7,6,7,7,5,7,6.33,True,12.4,calibrated
R426,22,nonbinary,2,counterfactual,2,15000,705,approve,91,True,7,7,7,6,7,7,7,7,6,7,6,7,6.75,True,8.9,calibrated
R426,22,nonbinary,2,counterfactual,3,22000,640,approve,58,True,5,7,6,6,6,5,6,6,6,6,5,6,5.83,True,16.0,calibrated
R426,22,nonbinary,2,counterfactual,4,5000,590,deny,74,True,4,7,5,6,6,5,5,6,6,7,6,7,5.83,True,11.1,calibrated
R426,22,nonbinary,2,counterfactual,5,30000,720,approve,88,True,6,7,7,6,6,7,7,6,7,7,5,6,6.42,False,10.9,calibrated
R426,22,nonbinary,2,counterfactual,6,12000,655,deny,63,False,3,5,3,2,3,4,3,4,3,4,3,4,3.42,False,19.4,calibrated
R426,22,nonbinary,2,counterfactual,7,9000,680,approve,77,True,6,6,6,7,6,6,5,6,6,6,5,5,5.83,True,18.7,calibrated
R426,22,nonbinary,2,counterfactual,8,18000,600,approve,55,False,2,3,1,2,4,2,3,4,2,2,2,3,2.5,False,19.3,calibrated
R426,22,nonbinary,2,counterfactual,9,7000,730,approve,94,True,6,7,7,7,7,7,6,7,7,7,6,7,6.75,True,11.2,calibrated
R426,22,nonbinary,2,counterfactual,10,25000,620,deny,69,True,6,4,6,5,6,6,6,6,5,4,5,5,5.33,False,12.3,calibrated
R427,41,female,4,counterfactual,1,8000,610,deny,82,True,6,6,6,7,5,6,7,7,6,5,6,5,6,True,8.9,calibrated
R427,41,female,4,counterfactual,2,15000,705,approve,91,True,7,6,5,7,6,7,7,7,6,6,6,6,6.33,True,7.4,calibrated
R427,41,female,4,counterfactual,3,22000,640,approve,58,True,6,5,6,6,6,6,5,6,6,4,7,6,5.75,True,8.5,calibrated
R427,41,female,4,counterfactual,4,5000,590,deny,74,True,6,6,7,7,6,6,7,7,7,7,6,6,6.5,True,16.5,calibrated
R427,41,female,4,counterfactual,5,30000,720,approve,88,True,7,7,5,6,6,6,6,6,6,5,7,5,6,True,13.5,calibrated
R427,41,female,4,counterfactual,6,12000,655,deny,63,False,3,3,4,2,3,4,3,3,3,3,3,4,3.17,True,18.4,calibrated
R427,41,female,4,counterfactual,7,9000,680,approve,77,True,7,6,7,6,6,5,6,7,7,7,7,7,6.5,True,10.0,calibrated
R427,41,female,4,counterfactual,8,18000,600,approve,55,False,3,3,4,2,1,2,3,2,3,3,2,1,2.42,False,11.2,calibrated
R427,41,female,4,counterfactual,9,7000,730,approve,94,True,7,7,6,6,7,6,7,7,7,7,6,6,6.58,True,9.2,calibrated
R427,41,female,4,counterfactual,10,25000,620,deny,69,True,5,6,5,6,6,5,6,6,7,7,5,5,5.75,True,20.2,calibrated
R428,38,male,2,none,1,8000,610,deny,82,True,5,4,4,5,4,4,5,6,6,5,5,4,4.75,True,9.9,calibrated
R428,38,male,2,none,2,15000,705,approve,91,True,4,6,7,6,6,6,6,5,4,6,5,5,5.5,True,13.9,calibrated
R428,38,male,2,none,3,22000,640,approve,58,True,3,2,4,4,3,5,3,4,4,5,4,4,3.75,True,10.6,under-trust
R428,38,male,2,none,4,5000,590,deny,74,True,5,4,5,4,4,5,5,4,5,4,5,6,4.67,True,7.1,calibrated
R428,38,male,2,none,5,30000,720,approve,88,True,5,5,6,5,5,5,5,6,4,4,6,5,5.08,True,11.5,calibrated
R428,38,male,2,none,6,12000,655,deny,63,False,5,5,3,5,5,4,5,3,5,4,4,6,4.5,True,16.5,over-trust
R428,38,male,2,none,7,9000,680,approve,77,True,5,5,7,6,6,5,5,5,5,5,6,5,5.42,False,19.3,calibrated
R428,38,male,2,none,8,18000,600,approve,55,False,4,5,4,4,4,5,3,3,4,4,5,3,4,False,15.0,over-trust
R428,38,male,2,none,9,7000,730,approve,94,True,3,5,6,5,6,4,6,6,7,6,5,6,5.42,False,16.8,calibrated
R428,38,male,2,none,10,25000,620,deny,69,True,5,5,5,6,6,5,5,4,5,5,5,5,5.08,True,17.5,calibrated
R429,30,female,3,none,1,8000,610,deny,82,True,4,6,7,6,7,6,5,4,6,5,5,6,5.58,True,12.5,calibrated
R429,30,female,3,none,2,15000,705,approve,91,True,5,5,6,5,6,7,5,5,5,5,4,5,5.25,False,8.5,calibrated
R429,30,female,3,none,3,22000,640,approve,58,True,5,5,5,5,6,5,5,5,5,5,5,6,5.17,True,13.9,calibrated
R429,30,female,3,none,4,5000,590,deny,74,True,4,6,5,5,5,6,5,5,5,6,5,5,5.17,True,6.3,calibrated
R429,30,female,3,none,5,30000,720,approve,88,True,7,6,6,6,4,6,6,5,6,7,6,6,5.92,True,10.9,calibrated
R429,30,female,3,none,6,12000,655,deny,63,False,5,5,4,4,3,4,4,5,5,2,3,4,4,True,14.1,over-trust
R429,30,female,3,none,7,9000,680,approve,77,True,5,4,4,4,5,4,5,5,4,5,5,4,4.5,False,13.0,calibrated
R429,30,female,3,none,8,18000,600,approve,55,False,4,3,4,4,4,3,4,4,5,4,4,4,3.92,True,16.9,calibrated
R429,30,female,3,none,9,7000,730,approve,94,True,5,5,5,6,5,6,6,5,6,5,6,6,5.5,True,18.8,calibrated
R429,30,female,3,none,10,25000,620,deny,69,True,4,5,5,6,4,5,5,5,4,4,6,5,4.83,False,8.8,calibrated
R430,51,male,5,counterfactual,1,8000,610,deny,82,True,6,6,6,5,7,7,6,6,7,6,7,5,6.17,True,4.9,calibrated
R430,51,male,5,counterfactual,2,15000,705,approve,91,True,6,6,6,5,7,7,6,7,7,7,7,7,6.5,True,9.1,calibrated
R430,51,male,5,counterfactual,3,22000,640,approve,58,True,5,6,4,5,5,4,5,5,5,5,6,5,5,False,13.7,calibrated
R430,51,male,5,counterfactual,4,5000,590,deny,74,True,5,6,5,7,6,6,7,6,7,5,6,7,6.08,True,17.3,calibrated
R430,51,male,5,counterfactual,5,30000,720,approve,88,True,6,7,6,7,7,7,7,6,7,7,7,7,6.75,True,14.1,calibrated
R430,51,male,5,counterfactual,6,12000,655,deny,63,False,3,2,2,2,3,2,2,2,4,3,4,3,2.67,False,8.0,calibrated
R430,51,male,5,counterfactual,7,9000,680,approve,77,True,4,6,7,6,6,6,7,6,6,6,5,7,6,True,7.1,calibrated
R430,51,male,5,counterfactual,8,18000,600,approve,55,False,3,2,3,2,3,2,1,2,3,2,3,2,2.33,False,7.7,calibrated
R430,51,male,5,counterfactual,9,7000,730,approve,94,True,5,6,7,6,7,6,6,7,6,6,6,6,6.17,True,16.2,calibrated
R430,51,male,5,counterfactual,10,25000,620,deny,69,True,6,5,7,7,6,5,6,6,6,5,5,6,5.83,True,13.3,calibrated
R431,23,male,5,counterfactual,1,8000,610,deny,82,True,7,7,6,7,6,7,7,7,6,7,5,5,6.42,False,9.3,calibrated
R431,23,male,5,counterfactual,2,15000,705,approve,91,True,6,7,6,7,7,7,7,7,7,6,6,7,6.67,False,12.7,calibrated
R431,23,male,5,counterfactual,3,22000,640,approve,58,True,5,6,7,7,5,5,6,5,5,6,6,5,5.67,True,14.2,calibrated
R431,23,male,5,counterfactual,4,5000,590,deny,74,True,6,6,6,6,7,6,6,6,6,6,6,6,6.08,True,9.4,calibrated
R431,23,male,5,counterfactual,5,30000,720,approve,88,True,7,6,6,7,6,6,6,7,6,7,7,6,6.42,True,14.9,calibrated
R431,23,male,5,counterfactual,6,12000,655,deny,63,False,2,4,2,3,3,4,3,4,4,2,4,4,3.25,True,7.2,calibrated
R431,23,male,5,counterfactual,7,9000,680,approve,77,True,7,7,7,7,7,6,6,7,7,6,5,6,6.5,True,11.6,calibrated
R431,23,male,5,counterfactual,8,18000,600,approve,55,False,3,2,3,4,1,4,3,2,3,3,2,3,2.75,False,12.3,calibrated
R431,23,male,5,counterfactual,9,7000,730,approve,94,True,6,6,7,7,7,7,6,7,7,7,6,7,6.67,True,19.5,calibrated
R431,23,male,5,counterfactual,10,25000,620,deny,69,True,5,6,5,6,5,5,5,4,5,6,5,4,5.08,True,14.4,calibrated
R432,43,male,4,counterfactual,1,8000,610,deny,82,True,7,6,4,6,5,6,6,7,6,7,6,7,6.08,True,5.9,calibrated
R432,43,male,4,counterfactual,2,15000,705,approve,91,True,7,7,6,7,5,7,7,6,7,6,5,6,6.33,True,14.8,calibrated
R432,43,male,4,counterfactual,3,22000,640,approve,58,True,5,5,5,6,6,4,5,4,5,5,6,5,5.08,True,9.5,calibrated
R432,43,male,4,counterfactual,4,5000,590,deny,74,True,5,7,6,7,6,6,5,5,6,7,5,5,5.83,True,14.7,calibrated
R432,43,male,4,counterfactual,5,30000,720,approve,88,True,7,7,7,7,7,5,7,7,7,7,7,6,6.75,True,13.0,calibrated
R432,43,male,4,counterfactual,6,12000,655,deny,63,False,4,4,4,2,4,5,5,3,3,4,3,3,3.67,True,18.3,calibrated
R432,43,male,4,counterfactual,7,9000,680,approve,77,True,5,7,6,6,5,7,7,5,6,6,7,7,6.17,True,20.6,calibrated
R432,43,male,4,counterfactual,8,18000,600,approve,55,False,2,3,4,2,4,3,3,3,3,3,2,3,2.92,True,12.2,calibrated
R432,43,male,4,counterfactual,9,7000,730,approve,94,True,7,7,7,6,7,7,7,7,7,7,7,6,6.83,True,23.3,calibrated
R432,43,male,4,counterfactual,10,25000,620,deny,69,True,6,5,6,6,7,6,5,6,6,5,6,6,5.83,True,16.5,calibrated
R433,29,male,3,none,1,8000,610,deny,82,True,5,5,5,7,4,5,5,4,5,4,5,5,4.92,False,8.4,calibrated
R433,29,male,3,none,2,15000,705,approve,91,True,6,4,6,6,5,6,6,7,4,6,5,5,5.5,False,14.5,calibrated
R433,29,male,3,none,3,22000,640,approve,58,True,4,4,6,5,5,4,4,4,4,3,4,5,4.33,False,12.5,calibrated
R433,29,male,3,none,4,5000,590,deny,74,True,5,5,5,5,4,7,5,6,5,5,4,7,5.25,False,11.1,calibrated
R433,29,male,3,none,5,30000,720,approve,88,True,5,6,6,5,6,7,5,6,6,6,5,6,5.75,True,16.6,calibrated
R433,29,male,3,none,6,12000,655,deny,63,False,4,6,4,5,4,5,3,4,5,4,4,4,4.33,False,14.3,over-trust
R433,29,male,3,none,7,9000,680,approve,77,True,6,3,4,5,3,6,4,4,3,3,4,5,4.17,False,3.8,calibrated
R433,29,male,3,none,8,18000,600,approve,55,False,5,4,5,4,4,4,4,4,3,3,3,4,3.92,True,15.6,calibrated
R433,29,male,3,none,9,7000,730,approve,94,True,5,6,5,5,7,5,5,5,5,6,5,6,5.42,True,3,calibrated
R433,29,male,3,none,10,25000,620,deny,69,True,4,4,4,5,5,5,5,5,4,4,5,5,4.58,True,19.7,calibrated
R434,32,male,5,surface,1,8000,610,deny,82,True,6,6,5,6,6,6,6,7,5,6,6,6,5.92,True,15.2,calibrated
R434,32,male,5,surface,2,15000,705,approve,91,True,5,5,7,6,5,5,5,6,6,5,6,5,5.5,True,11.3,calibrated
R434,32,male,5,surface,3,22000,640,approve,58,True,5,5,6,5,4,6,5,6,5,6,4,5,5.17,False,13.7,calibrated
R434,32,male,5,surface,4,5000,590,deny,74,True,6,7,6,7,6,5,6,6,6,6,7,6,6.17,True,15.8,calibrated
R434,32,male,5,surface,5,30000,720,approve,88,True,6,6,6,6,6,6,6,7,7,6,5,5,6,True,17.5,calibrated
R434,32,male,5,surface,6,12000,655,deny,63,False,4,4,3,3,4,4,3,2,4,3,2,4,3.33,True,14.5,calibrated
R434,32,male,5,surface,7,9000,680,approve,77,True,4,3,5,4,4,5,5,5,5,5,5,5,4.58,True,16.0,calibrated
R434,32,male,5,surface,8,18000,600,approve,55,False,4,2,4,3,3,4,5,3,3,5,3,4,3.58,False,14.5,calibrated
R434,32,male,5,surface,9,7000,730,approve,94,True,6,6,5,4,5,6,5,6,4,5,5,6,5.25,True,13.3,calibrated
R434,32,male,5,surface,10,25000,620,deny,69,True,5,6,6,6,5,5,5,6,5,6,5,4,5.33,False,10.4,calibrated
R435,28,nonbinary,3,surface,1,8000,610,deny,82,True,5,6,5,6,5,4,4,7,7,5,6,5,5.42,True,11.3,calibrated
R435,28,nonbinary,3,surface,2,15000,705,approve,91,True,6,6,7,7,6,6,6,6,6,7,6,6,6.25,True,20.1,calibrated
R435,28,nonbinary,3,surface,3,22000,640,approve,58,True,5,4,5,4,6,5,4,4,4,5,5,6,4.75,True,9.4,calibrated
R435,28,nonbinary,3,surface,4,5000,590,deny,74,True,6,5,6,6,5,5,6,6,5,6,6,6,5.67,True,12.2,calibrated
R435,28,nonbinary,3,surface,5,30000,720,approve,88,True,7,7,6,6,7,7,6,6,6,7,7,7,6.58,True,18.3,calibrated
R435,28,nonbinary,3,surface,6,12000,655,deny,63,False,4,4,3,4,3,3,4,5,3,5,4,4,3.83,False,10.6,calibrated
R435,28,nonbinary,3,surface,7,9000,680,approve,77,True,5,4,4,5,5,4,6,7,5,6,6,5,5.17,True,10.1,calibrated
R435,28,nonbinary,3,surface,8,18000,600,approve,55,False,4,4,4,4,3,5,3,4,4,4,4,2,3.75,True,19.9,calibrated
R435,28,nonbinary,3,surface,9,7000,730,approve,94,True,5,6,6,5,7,5,6,5,7,5,5,5,5.58,True,7.4,calibrated
R435,28,nonbinary,3,surface,10,25000,620,deny,69,True,6,7,6,7,6,4,5,6,6,5,5,5,5.67,True,11.5,calibrated
R436,18,female,2,counterfactual,1,8000,610,deny,82,True,6,6,7,5,7,6,5,6,5,6,6,5,5.83,False,5.9,calibrated
R436,18,female,2,counterfactual,2,15000,705,approve,91,True,6,5,6,5,6,7,6,7,6,6,7,7,6.17,True,16.5,calibrated
R436,18,female,2,counterfactual,3,22000,640,approve,58,True,5,6,5,6,5,6,6,4,6,6,5,6,5.5,True,22.8,calibrated
R436,18,female,2,counterfactual,4,5000,590,deny,74,True,7,7,6,5,7,6,6,7,6,6,6,6,6.25,False,16.9,calibrated
R436,18,female,2,counterfactual,5,30000,720,approve,88,True,7,7,7,6,6,7,6,7,6,7,7,7,6.67,True,12.5,calibrated
R436,18,female,2,counterfactual,6,12000,655,deny,63,False,2,4,3,3,4,3,2,2,4,1,4,3,2.92,False,18.6,calibrated
R436,18,female,2,counterfactual,7,9000,680,approve,77,True,6,6,6,6,6,6,7,7,7,5,5,6,6.08,True,20.6,calibrated
R436,18,female,2,counterfactual,8,18000,600,approve,55,False,4,4,3,4,4,3,3,4,4,3,4,3,3.58,False,14.0,calibrated
R436,18,female,2,counterfactual,9,7000,730,approve,94,True,6,7,6,7,7,7,7,7,6,6,7,7,6.67,True,15.1,calibrated
R436,18,female,2,counterfactual,10,25000,620,deny,69,True,6,7,6,6,6,7,7,7,6,5,7,7,6.42,True,13.8,calibrated
R437,20,female,3,counterfactual,1,8000,610,deny,82,True,7,7,6,7,7,7,7,7,7,7,6,7,6.83,True,24.3,calibrated
R437,20,female,3,counterfactual,2,15000,705,approve,91,True,6,6,6,7,6,6,6,6,7,6,6,7,6.25,True,16.8,calibrated
R437,20,female,3,counterfactual,3,22000,640,approve,58,True,5,6,6,5,6,4,6,5,6,6,6,5,5.5,True,11.2,calibrated
R437,20,female,3,counterfactual,4,5000,590,deny,74,True,7,6,7,6,6,6,5,7,6,7,6,7,6.33,False,17.8,calibrated
R437,20,female,3,counterfactual,5,30000,720,approve,88,True,6,6,6,5,6,7,6,6,6,5,5,5,5.75,True,11.9,calibrated
R437,20,female,3,counterfactual,6,12000,655,deny,63,False,2,3,2,3,2,3,2,3,3,2,3,4,2.67,False,20.0,calibrated
R437,20,female,3,counterfactual,7,9000,680,approve,77,True,7,7,7,7,7,6,7,7,7,6,6,6,6.67,True,7.3,calibrated
R437,20,female,3,counterfactual,8,18000,600,approve,55,False,2,3,2,2,2,4,3,2,3,3,2,2,2.5,True,11.3,calibrated
R437,20,female,3,counterfactual,9,7000,730,approve,94,True,7,7,5,7,7,7,7,7,6,7,7,7,6.75,True,23.5,calibrated
R437,20,female,3,counterfactual,10,25000,620,deny,69,True,7,7,7,7,5,6,6,7,7,5,5,6,6.25,True,11.9,calibrated
R438,28,female,3,surface,1,8000,610,deny,82,True,7,6,7,6,6,6,7,5,5,7,6,6,6.17,True,10.9,calibrated
R438,28,female,3,surface,2,15000,705,approve,91,True,6,5,5,6,6,5,5,5,5,6,6,5,5.42,True,15.0,calibrated
R438,28,female,3,surface,3,22000,640,approve,58,True,6,5,6,5,5,6,6,6,5,5,5,6,5.5,False,12.6,calibrated
R438,28,female,3,surface,4,5000,590,deny,74,True,5,7,4,6,6,6,6,5,6,5,5,5,5.5,True,14.6,calibrated
R438,28,female,3,surface,5,30000,720,approve,88,True,6,7,5,5,5,5,6,5,6,6,5,5,5.5,True,5.2,calibrated
R438,28,female,3,surface,6,12000,655,deny,63,False,4,4,3,4,5,5,5,4,6,5,4,6,4.58,False,4.2,over-trust
R438,28,female,3,surface,7,9000,680,approve,77,True,6,5,6,7,4,5,5,4,5,4,5,5,5.08,True,16.9,calibrated
R438,28,female,3,surface,8,18000,600,approve,55,False,4,4,3,3,3,4,2,2,3,4,4,5,3.42,False,15.5,calibrated
R438,28,female,3,surface,9,7000,730,approve,94,True,6,7,7,5,6,7,7,6,6,6,7,7,6.42,True,10.9,calibrated
R438,28,female,3,surface,10,25000,620,deny,69,True,6,6,6,6,5,7,6,6,5,6,6,6,5.92,True,12.9,calibrated
R439,52,female,4,surface,1,8000,610,deny,82,True,4,4,6,3,5,5,4,4,4,6,6,6,4.75,False,13.4,calibrated
R439,52,female,4,surface,2,15000,705,approve,91,True,7,6,7,6,5,6,6,6,7,6,7,5,6.17,True,9.5,calibrated
R439,52,female,4,surface,3,22000,640,approve,58,True,5,6,5,4,5,4,5,4,4,5,4,5,4.67,True,13.1,calibrated
R439,52,female,4,surface,4,5000,590,deny,74,True,6,5,6,4,6,4,6,4,7,7,6,7,5.67,True,24.5,calibrated
R439,52,female,4,surface,5,30000,720,approve,88,True,6,7,6,6,6,6,7,7,6,7,5,6,6.25,True,13.0,calibrated
R439,52,female,4,surface,6,12000,655,deny,63,False,3,3,3,3,3,4,3,5,3,3,3,3,3.25,True,19.1,calibrated
R439,52,female,4,surface,7,9000,680,approve,77,True,6,6,4,5,6,5,5,5,6,5,6,5,5.33,True,13.2,calibrated
R439,52,female,4,surface,8,18000,600,approve,55,False,5,5,5,4,4,5,4,4,4,4,4,5,4.42,False,17.2,over-trust
R439,52,female,4,surface,9,7000,730,approve,94,True,5,6,6,5,6,6,7,5,6,5,5,6,5.67,True,14.0,calibrated
R439,52,female,4,surface,10,25000,620,deny,69,True,5,7,6,6,5,6,4,5,5,6,6,7,5.67,True,16.5,calibrated
R440,43,female,1,none,1,8000,610,deny,82,True,5,6,5,5,7,5,6,6,5,5,5,4,5.33,True,18.0,calibrated
R440,43,female,1,none,2,15000,705,approve,91,True,5,5,6,5,6,5,5,6,5,4,6,4,5.17,False,6.2,calibrated
R440,43,female,1,none,3,22000,640,approve,58,True,4,4,4,3,3,4,4,4,4,4,4,4,3.83,True,4.6,under-trust
R440,43,female,1,none,4,5000,590,deny,74,True,5,5,5,5,5,7,5,5,4,5,5,5,5.08,True,12.8,calibrated
R440,43,female,1,none,5,30000,720,approve,88,True,5,5,4,5,5,5,5,6,5,5,6,5,5.08,True,20.3,calibrated
R440,43,female,1,none,6,12000,655,deny,63,False,3,4,4,2,4,4,2,3,4,4,5,4,3.58,True,21.7,calibrated
R440,43,female,1,none,7,9000,680,approve,77,True,5,6,5,5,4,5,6,6,5,5,5,3,5,True,11.7,calibrated
R440,43,female,1,none,8,18000,600,approve,55,False,3,4,4,5,4,4,5,4,3,4,3,3,3.83,True,10.2,calibrated
R440,43,female,1,none,9,7000,730,approve,94,True,4,4,5,4,4,6,4,4,4,5,5,5,4.5,True,19.5,calibrated
R440,43,female,1,none,10,25000,620,deny,69,True,4,4,6,5,3,4,4,5,4,5,5,5,4.5,False,10.5,calibrated
R441,42,male,3,counterfactual,1,8000,610,deny,82,True,7,7,7,7,6,7,7,7,7,7,7,6,6.83,True,17.1,calibrated
R441,42,male,3,counterfactual,2,15000,705,approve,91,True,5,6,6,6,7,5,6,7,7,7,6,7,6.25,True,17.9,calibrated
R441,42,male,3,counterfactual,3,22000,640,approve,58,True,6,5,6,7,5,6,5,5,6,6,6,6,5.75,True,6.4,calibrated
R441,42,male,3,counterfactual,4,5000,590,deny,74,True,6,7,7,7,6,5,6,7,5,5,7,6,6.17,True,6.9,calibrated
R441,42,male,3,counterfactual,5,30000,720,approve,88,True,7,7,6,7,6,6,7,7,6,6,7,6,6.5,True,15.5,calibrated
R441,42,male,3,counterfactual,6,12000,655,deny,63,False,4,5,3,3,3,3,2,3,3,3,3,3,3.17,False,16.6,calibrated
R441,42,male,3,counterfactual,7,9000,680,approve,77,True,6,7,5,7,6,5,6,6,7,7,7,6,6.25,True,11.5,calibrated
R441,42,male,3,counterfactual,8,18000,600,approve,55,False,3,4,3,3,4,3,3,3,1,4,3,3,3.08,True,3.0,calibrated
R441,42,male,3,counterfactual,9,7000,730,approve,94,True,5,7,7,6,6,6,6,7,7,6,6,6,6.25,True,14.0,calibrated
R441,42,male,3,counterfactual,10,25000,620,deny,69,True,5,6,5,5,6,6,5,7,6,7,5,6,5.75,True,8.0,calibrated
R442,27,female,3,counterfactual,1,8000,610,deny,82,True,7,7,5,6,7,4,6,7,6,6,5,5,5.92,True,12.4,calibrated
R442,27,female,3,counterfactual,2,15000,705,approve,91,True,7,7,7,6,6,6,6,7,6,7,7,7,6.58,True,14.9,calibrated
R442,27,female,3,counterfactual,3,22000,640,approve,58,True,6,6,5,6,5,6,5,6,6,6,6,6,5.75,True,6.6,calibrated
R442,27,female,3,counterfactual,4,5000,590,deny,74,True,6,5,5,6,6,6,5,5,5,6,5,5,5.42,True,15.6,calibrated
R442,27,female,3,counterfactual,5,30000,720,approve,88,True,7,7,6,6,7,7,6,7,6,7,7,7,6.67,True,18.8,calibrated
R442,27,female,3,counterfactual,6,12000,655,deny,63,False,4,2,3,2,4,2,2,3,3,2,3,4,2.83,False,26.3,calibrated
R442,27,female,3,counterfactual,7,9000,680,approve,77,True,7,6,6,7,7,7,6,6,7,6,6,7,6.5,True,16.1,calibrated
R442,27,female,3,counterfactual,8,18000,600,approve,55,False,3,4,4,3,3,3,4,4,4,3,2,5,3.5,True,9.5,calibrated
R442,27,female,3,counterfactual,9,7000,730,approve,94,True,6,7,7,7,7,6,7,7,7,7,5,6,6.58,True,16.3,calibrated
R442,27,female,3,counterfactual,10,25000,620,deny,69,True,7,7,6,7,6,5,6,7,6,6,7,7,6.42,True,17.3,calibrated
R443,48,female,3,counterfactual,1,8000,610,deny,82,True,5,6,5,5,7,6,5,5,5,5,7,6,5.58,False,14.1,calibrated
R443,48,female,3,counterfactual,2,15000,705,approve,91,True,7,6,7,6,7,7,6,6,6,6,7,7,6.5,True,14.4,calibrated
R443,48,female,3,counterfactual,3,22000,640,approve,58,True,5,5,6,6,5,6,5,5,6,5,6,4,5.33,False,17.0,calibrated
R443,48,female,3,counterfactual,4,5000,590,deny,74,True,7,5,5,7,7,5,5,6,6,5,7,6,5.92,True,14.2,calibrated
R443,48,female,3,counterfactual,5,30000,720,approve,88,True,7,6,7,7,6,7,7,7,6,6,7,7,6.67,True,18.8,calibrated
R443,48,female,3,counterfactual,6,12000,655,deny,63,False,3,2,3,3,3,3,3,4,2,3,3,2,2.83,False,11.9,calibrated
R443,48,female,3,counterfactual,7,9000,680,approve,77,True,6,6,7,6,6,6,6,7,6,6,6,6,6.17,False,13.9,calibrated
R443,48,female,3,counterfactual,8,18000,600,approve,55,False,2,1,3,1,3,1,2,3,2,3,2,1,2,False,19.9,calibrated
R443,48,female,3,counterfactual,9,7000,730,approve,94,True,6,7,5,7,7,7,6,7,7,6,7,6,6.5,True,11.9,calibrated
R443,48,female,3,counterfactual,10,25000,620,deny,69,True,5,6,5,7,6,6,6,7,6,7,7,5,6.08,True,19.1,calibrated
R444,29,female,2,surface,1,8000,610,deny,82,True,6,6,5,7,5,5,7,5,6,6,5,6,5.75,True,10.6,calibrated
R444,29,female,2,surface,2,15000,705,approve,91,True,6,7,7,6,7,6,6,7,5,7,7,7,6.5,False,16.4,calibrated
R444,29,female,2,surface,3,22000,640,approve,58,True,5,5,5,5,6,4,5,5,6,5,5,5,5.08,True,6.9,calibrated
R444,29,female,2,surface,4,5000,590,deny,74,True,5,6,6,5,5,5,6,6,6,6,5,5,5.5,True,7.2,calibrated
R444,29,female,2,surface,5,30000,720,approve,88,True,7,6,6,5,6,7,6,5,6,6,6,5,5.92,True,19.3,calibrated
R444,29,female,2,surface,6,12000,655,deny,63,False,4,4,4,5,4,4,3,5,3,5,3,5,4.08,True,3.9,over-trust
R444,29,female,2,surface,7,9000,680,approve,77,True,5,5,6,5,6,5,6,6,6,5,5,6,5.5,True,3,calibrated
R444,29,female,2,surface,8,18000,600,approve,55,False,4,5,4,3,3,4,3,3,3,3,3,3,3.42,False,9.7,calibrated
R444,29,female,2,surface,9,7000,730,approve,94,True,5,6,5,5,6,5,5,5,5,5,6,6,5.33,False,14.6,calibrated
R444,29,female,2,surface,10,25000,620,deny,69,True,5,6,6,5,4,5,5,5,4,5,4,4,4.83,True,6.5,calibrated
R445,36,male,4,surface,1,8000,610,deny,82,True,6,6,6,6,5,6,5,5,6,5,7,6,5.75,True,15.2,calibrated
R445,36,male,4,surface,2,15000,705,approve,91,True,6,6,6,6,6,6,6,6,5,6,6,6,5.92,True,15.7,calibrated
R445,36,male,4,surface,3,22000,640,approve,58,True,4,4,5,6,5,4,4,4,5,4,6,5,4.67,False,13.0,calibrated
R445,36,male,4,surface,4,5000,590,deny,74,True,6,5,6,6,5,7,6,6,4,6,5,7,5.75,True,13.0,calibrated
R445,36,male,4,surface,5,30000,720,approve,88,True,7,6,6,7,6,6,6,5,6,7,6,5,6.08,True,7.1,calibrated
R445,36,male,4,surface,6,12000,655,deny,63,False,4,3,2,4,4,5,3,5,4,3,4,4,3.75,False,15.3,calibrated
R445,36,male,4,surface,7,9000,680,approve,77,True,3,5,4,6,4,5,5,5,5,5,6,5,4.83,True,9.9,calibrated
R445,36,male,4,surface,8,18000,600,approve,55,False,4,2,3,4,2,4,3,4,4,3,3,3,3.25,True,9.2,calibrated
R445,36,male,4,surface,9,7000,730,approve,94,True,7,7,7,7,6,7,6,6,6,7,6,6,6.5,True,23.2,calibrated
R445,36,male,4,surface,10,25000,620,deny,69,True,4,6,6,5,6,5,6,5,5,5,6,5,5.33,True,10.4,calibrated
R446,58,male,2,surface,1,8000,610,deny,82,True,5,6,6,7,6,7,5,5,6,5,6,5,5.75,True,17.3,calibrated
R446,58,male,2,surface,2,15000,705,approve,91,True,6,5,6,7,7,7,6,7,6,6,5,6,6.17,True,24.5,calibrated
R446,58,male,2,surface,3,22000,640,approve,58,True,5,5,5,4,6,5,5,6,4,4,4,5,4.83,False,16.0,calibrated
R446,58,male,2,surface,4,5000,590,deny,74,True,7,7,5,4,5,5,5,6,5,6,6,6,5.58,True,24.8,calibrated
R446,58,male,2,surface,5,30000,720,approve,88,True,6,7,7,6,7,6,5,5,6,6,6,5,6,True,16.7,calibrated
R446,58,male,2,surface,6,12000,655,deny,63,False,2,3,3,2,4,3,4,2,2,3,3,3,2.83,True,15.1,calibrated
R446,58,male,2,surface,7,9000,680,approve,77,True,4,5,7,5,5,5,5,4,6,6,6,6,5.33,False,11.6,calibrated
R446,58,male,2,surface,8,18000,600,approve,55,False,5,3,3,4,2,3,4,3,3,4,5,3,3.5,True,17.3,calibrated
R446,58,male,2,surface,9,7000,730,approve,94,True,6,5,6,5,5,5,6,6,5,6,6,6,5.58,True,21.6,calibrated
R446,58,male,2,surface,10,25000,620,deny,69,True,5,7,7,5,5,6,5,5,4,5,5,6,5.42,True,17.4,calibrated
R447,19,male,4,none,1,8000,610,deny,82,True,4,5,5,7,4,6,5,5,5,6,4,6,5.17,True,19.4,calibrated
R447,19,male,4,none,2,15000,705,approve,91,True,6,4,6,5,5,5,5,4,6,5,7,5,5.25,True,25.4,calibrated
R447,19,male,4,none,3,22000,640,approve,58,True,4,5,4,4,4,5,3,4,3,4,3,3,3.83,True,13.6,under-trust
R447,19,male,4,none,4,5000,590,deny,74,True,5,4,4,5,3,4,4,5,5,5,5,5,4.5,True,13.4,calibrated
R447,19,male,4,none,5,30000,720,approve,88,True,5,6,4,6,5,6,6,5,6,4,6,5,5.33,True,6.9,calibrated
R447,19,male,4,none,6,12000,655,deny,63,False,3,3,5,4,4,4,3,4,4,4,3,4,3.75,False,22.8,calibrated
R447,19,male,4,none,7,9000,680,approve,77,True,5,4,4,4,5,6,5,4,5,5,4,5,4.67,False,16.3,calibrated
R447,19,male,4,none,8,18000,600,approve,55,False,4,5,4,3,4,4,5,4,5,3,4,4,4.08,False,9.5,over-trust
R447,19,male,4,none,9,7000,730,approve,94,True,5,4,7,6,5,4,6,4,5,5,5,6,5.17,True,28.1,calibrated
R447,19,male,4,none,10,25000,620,deny,69,True,5,5,5,4,6,4,5,6,4,6,5,5,5,True,4.5,calibrated
R448,48,prefer_not_to_say,4,none,1,8000,610,deny,82,True,4,6,5,4,4,5,3,4,5,5,5,4,4.5,True,19.2,calibrated
R448,48,prefer_not_to_say,4,none,2,15000,705,approve,91,True,6,5,5,6,5,6,7,7,5,6,5,6,5.75,True,15.7,calibrated
R448,48,prefer_not_to_say,4,none,3,22000,640,approve,58,True,5,5,4,5,4,4,4,5,4,4,5,3,4.33,True,18.5,calibrated
R448,48,prefer_not_to_say,4,none,4,5000,590,deny,74,True,3,5,6,6,5,5,6,5,4,4,5,6,5,False,16.2,calibrated
R448,48,prefer_not_to_say,4,none,5,30000,720,approve,88,True,5,4,5,5,5,5,6,4,5,5,5,5,4.92,True,14.9,calibrated
R448,48,prefer_not_to_say,4,none,6,12000,655,deny,63,False,5,4,3,4,4,4,3,4,4,4,3,3,3.75,True,4.8,calibrated
R448,48,prefer_not_to_say,4,none,7,9000,680,approve,77,True,5,5,5,6,6,5,6,5,6,6,6,6,5.58,False,14.1,calibrated
R448,48,prefer_not_to_say,4,none,8,18000,600,approve,55,False,5,3,4,4,4,5,5,3,4,3,3,5,4,False,21.3,over-trust
R448,48,prefer_not_to_say,4,none,9,7000,730,approve,94,True,5,6,6,6,7,5,5,6,6,5,6,5,5.67,False,10.9,calibrated
R448,48,prefer_not_to_say,4,none,10,25000,620,deny,69,True,5,4,5,6,5,5,5,3,5,4,3,4,4.5,True,4.5,calibrated
R449,33,nonbinary,1,surface,1,8000,610,deny,82,True,5,5,7,6,5,4,5,6,5,6,6,6,5.5,True,9.8,calibrated
R449,33,nonbinary,1,surface,2,15000,705,approve,91,True,5,6,6,5,5,5,5,6,5,5,5,5,5.25,True,12.7,calibrated
R449,33,nonbinary,1,surface,3,22000,640,approve,58,True,7,4,4,5,3,4,4,5,4,4,5,5,4.5,True,11.4,calibrated
R449,33,nonbinary,1,surface,4,5000,590,deny,74,True,6,6,7,4,6,5,6,5,6,5,6,6,5.67,True,9.4,calibrated
R449,33,nonbinary,1,surface,5,30000,720,approve,88,True,5,7,7,6,5,6,6,6,6,5,6,6,5.92,True,16.4,calibrated
R449,33,nonbinary,1,surface,6,12000,655,deny,63,False,3,4,4,4,5,4,4,4,4,4,4,4,4,False,14.5,over-trust
R449,33,nonbinary,1,surface,7,9000,680,approve,77,True,5,6,6,5,5,4,6,5,5,6,6,5,5.33,True,18.9,calibrated
R449,33,nonbinary,1,surface,8,18000,600,approve,55,False,4,4,3,2,3,4,3,4,4,3,4,4,3.5,False,10.7,calibrated
R449,33,nonbinary,1,surface,9,7000,730,approve,94,True,6,6,6,6,6,6,5,7,7,6,6,7,6.17,True,21.2,calibrated
R449,33,nonbinary,1,surface,10,25000,620,deny,69,True,4,4,4,5,3,5,5,4,4,5,5,7,4.58,False,16.3,calibrated
R450,29,female,3,none,1,8000,610,deny,82,True,6,5,6,5,5,5,6,6,6,6,5,7,5.67,True,19.4,calibrated
R450,29,female,3,none,2,15000,705,approve,91,True,5,4,6,5,6,7,5,6,4,6,6,5,5.42,True,15.9,calibrated
R450,29,female,3,none,3,22000,640,approve,58,True,4,3,4,4,4,5,5,5,5,3,4,5,4.25,True,16.5,calibrated
R450,29,female,3,none,4,5000,590,deny,74,True,3,4,4,4,4,4,4,4,4,5,5,4,4.08,True,16.6,calibrated
R450,29,female,3,none,5,30000,720,approve,88,True,7,6,7,7,7,6,7,7,5,7,5,6,6.42,True,18.9,calibrated
R450,29,female,3,none,6,12000,655,deny,63,False,5,5,5,4,5,2,5,5,4,4,5,4,4.42,True,24.3,over-trust
R450,29,female,3,none,7,9000,680,approve,77,True,6,5,5,5,6,5,4,6,4,5,5,5,5.08,False,14.2,calibrated
R450,29,female,3,none,8,18000,600,approve,55,False,6,5,4,4,3,4,4,4,3,3,5,4,4.08,True,12.6,over-trust
R450,29,female,3,none,9,7000,730,approve,94,True,5,7,5,6,6,5,6,5,5,5,5,5,5.42,True,24.3,calibrated
R450,29,female,3,none,10,25000,620,deny,69,True,6,6,5,4,4,6,6,6,4,7,6,6,5.5,True,9.7,calibrated
R451,33,female,5,none,1,8000,610,deny,82,True,4,5,5,5,5,5,4,6,6,5,5,5,5,False,12.6,calibrated
R451,33,female,5,none,2,15000,705,approve,91,True,4,5,4,3,5,5,5,4,5,5,6,5,4.67,False,14.5,calibrated
R451,33,female,5,none,3,22000,640,approve,58,True,4,6,5,4,5,5,5,5,5,5,5,4,4.83,True,3.7,calibrated
R451,33,female,5,none,4,5000,590,deny,74,True,6,4,5,5,6,6,4,6,5,6,6,4,5.25,True,13.7,calibrated
R451,33,female,5,none,5,30000,720,approve,88,True,5,6,5,4,6,6,6,6,6,5,5,7,5.58,False,7.5,calibrated
R451,33,female,5,none,6,12000,655,deny,63,False,4,4,4,3,5,4,4,3,5,4,4,4,4,True,13.2,over-trust
R451,33,female,5,none,7,9000,680,approve,77,True,5,5,4,5,6,5,6,5,6,5,6,6,5.33,True,10.6,calibrated
R451,33,female,5,none,8,18000,600,approve,55,False,3,4,5,5,4,4,5,4,3,4,4,4,4.08,True,22.1,over-trust
R451,33,female,5,none,9,7000,730,approve,94,True,7,6,6,5,7,5,7,5,7,5,7,5,6,True,13.4,calibrated
R451,33,female,5,none,10,25000,620,deny,69,True,6,5,3,5,5,5,4,4,4,5,5,5,4.67,False,17.2,calibrated
R452,30,male,4,surface,1,8000,610,deny,82,True,6,6,5,6,6,5,6,5,5,6,6,6,5.67,True,7.9,calibrated
R452,30,male,4,surface,2,15000,705,approve,91,True,7,6,5,5,6,5,6,6,6,6,6,6,5.83,True,15.1,calibrated
R452,30,male,4,surface,3,22000,640,approve,58,True,5,6,5,5,5,5,5,5,6,6,4,5,5.17,True,10.8,calibrated
R452,30,male,4,surface,4,5000,590,deny,74,True,6,6,6,6,7,6,6,6,6,6,6,7,6.17,True,22.2,calibrated
R452,30,male,4,surface,5,30000,720,approve,88,True,5,5,4,5,7,6,5,6,5,6,6,5,5.42,True,5.1,calibrated
R452,30,male,4,surface,6,12000,655,deny,63,False,2,3,2,2,3,4,3,2,4,3,4,3,2.92,True,11.2,calibrated
R452,30,male,4,surface,7,9000,680,approve,77,True,5,5,6,5,5,4,4,6,5,4,6,5,5,True,14.7,calibrated
R452,30,male,4,surface,8,18000,600,approve,55,False,4,4,4,3,2,2,3,4,4,3,4,5,3.5,True,7.9,calibrated
R452,30,male,4,surface,9,7000,730,approve,94,True,7,6,7,7,6,7,7,5,5,7,7,6,6.42,True,18.8,calibrated
R452,30,male,4,surface,10,25000,620,deny,69,True,4,3,5,5,5,6,5,4,4,4,5,5,4.58,True,19.0,calibrated
R453,30,male,1,counterfactual,1,8000,610,deny,82,True,6,6,6,7,7,6,5,7,6,5,5,6,6,False,22.2,calibrated
R453,30,male,1,counterfactual,2,15000,705,approve,91,True,5,7,6,6,6,5,7,6,6,7,7,7,6.25,True,15.9,calibrated
R453,30,male,1,counterfactual,3,22000,640,approve,58,True,6,7,7,6,6,6,6,6,6,6,7,5,6.17,True,11.4,calibrated
R453,30,male,1,counterfactual,4,5000,590,deny,74,True,6,5,5,7,5,6,6,6,4,6,5,7,5.67,True,23.6,calibrated
R453,30,male,1,counterfactual,5,30000,720,approve,88,True,6,6,7,6,7,6,7,6,6,6,7,7,6.42,True,5.1,calibrated
R453,30,male,1,counterfactual,6,12000,655,deny,63,False,3,3,2,3,3,3,2,4,2,4,3,2,2.83,True,12.8,calibrated
R453,30,male,1,counterfactual,7,9000,680,approve,77,True,6,6,7,7,6,6,7,6,5,6,5,6,6.08,True,11.9,calibrated
R453,30,male,1,counterfactual,8,18000,600,approve,55,False,4,2,4,4,3,3,2,4,2,4,4,3,3.25,False,21.7,calibrated
R453,30,male,1,counterfactual,9,7000,730,approve,94,True,7,7,7,7,7,7,6,7,7,7,7,7,6.92,True,13.2,calibrated
R453,30,male,1,counterfactual,10,25000,620,deny,69,True,6,6,5,7,6,6,6,7,6,7,7,5,6.17,True,21.2,calibrated
R454,39,male,3,none,1,8000,610,deny,82,True,4,6,6,6,4,5,6,7,5,6,6,5,5.5,True,12.1,calibrated
R454,39,male,3,none,2,15000,705,approve,91,True,6,7,6,6,6,5,6,6,4,5,5,5,5.58,True,16.9,calibrated
R454,39,male,3,none,3,22000,640,approve,58,True,4,3,4,3,4,4,4,5,4,4,4,4,3.92,True,10.0,under-trust
R454,39,male,3,none,4,5000,590,deny,74,True,3,4,4,4,4,4,5,4,5,4,3,5,4.08,True,12.4,calibrated
R454,39,male,3,none,5,30000,720,approve,88,True,5,4,5,5,6,5,5,4,5,5,5,5,4.92,False,14.7,calibrated
R454,39,male,3,none,6,12000,655,deny,63,False,3,4,5,4,3,4,5,5,4,3,3,5,4,False,18.4,over-trust
R454,39,male,3,none,7,9000,680,approve,77,True,5,6,5,6,5,5,6,6,6,7,7,5,5.75,True,12.0,calibrated
R454,39,male,3,none,8,18000,600,approve,55,False,3,3,4,3,4,4,5,3,4,4,3,4,3.67,True,17.0,calibrated
R454,39,male,3,none,9,7000,730,approve,94,True,6,6,6,6,7,6,5,6,5,5,7,7,6,True,20.8,calibrated
R454,39,male,3,none,10,25000,620,deny,69,True,5,6,5,5,6,4,6,4,6,5,3,4,4.92,False,15.2,calibrated
R455,44,male,4,surface,1,8000,610,deny,82,True,7,7,7,7,6,5,7,5,6,7,6,7,6.42,True,23.1,calibrated
R455,44,male,4,surface,2,15000,705,approve,91,True,5,5,6,7,6,5,6,7,5,7,7,5,5.92,True,15.0,calibrated
R455,44,male,4,surface,3,22000,640,approve,58,True,4,4,4,6,3,4,5,3,3,3,4,5,4,True,10.5,calibrated
R455,44,male,4,surface,4,5000,590,deny,74,True,6,7,5,4,4,5,5,5,6,5,5,6,5.25,True,21.0,calibrated
R455,44,male,4,surface,5,30000,720,approve,88,True,5,7,6,7,5,7,6,7,6,6,7,7,6.33,True,11.0,calibrated
R455,44,male,4,surface,6,12000,655,deny,63,False,3,4,3,4,4,4,4,5,3,4,4,3,3.75,False,17.7,calibrated
R455,44,male,4,surface,7,9000,680,approve,77,True,5,5,5,6,5,4,5,4,5,6,5,5,5,True,13.0,calibrated
R455,44,male,4,surface,8,18000,600,approve,55,False,4,3,3,2,3,3,2,2,4,4,3,4,3.08,False,10.9,calibrated
R455,44,male,4,surface,9,7000,730,approve,94,True,7,7,7,6,6,6,6,7,6,7,6,5,6.33,True,11.9,calibrated
R455,44,male,4,surface,10,25000,620,deny,69,True,7,7,6,6,5,6,6,6,7,5,7,7,6.25,True,10.8,calibrated
R456,21,male,3,surface,1,8000,610,deny,82,True,5,7,5,5,7,7,7,7,6,5,6,6,6.08,True,13.9,calibrated
R456,21,male,3,surface,2,15000,705,approve,91,True,5,4,5,6,5,5,4,5,4,5,5,5,4.83,False,13.6,calibrated
R456,21,male,3,surface,3,22000,640,approve,58,True,4,4,5,5,4,5,5,5,4,5,5,5,4.67,True,14.9,calibrated
R456,21,male,3,surface,4,5000,590,deny,74,True,5,5,6,6,5,6,6,5,5,7,6,6,5.67,True,13.1,calibrated
R456,21,male,3,surface,5,30000,720,approve,88,True,6,6,6,6,6,6,6,6,5,6,6,6,5.92,True,12.1,calibrated
R456,21,male,3,surface,6,12000,655,deny,63,False,4,4,4,5,4,4,5,5,4,4,4,4,4.25,True,16.3,over-trust
R456,21,male,3,surface,7,9000,680,approve,77,True,5,7,5,6,5,7,6,6,6,4,5,5,5.58,False,15.5,calibrated
R456,21,male,3,surface,8,18000,600,approve,55,False,5,5,3,4,5,4,3,4,5,5,4,4,4.25,True,18.3,over-trust
R456,21,male,3,surface,9,7000,730,approve,94,True,6,6,5,6,5,6,5,5,4,6,5,5,5.33,True,9.1,calibrated
R456,21,male,3,surface,10,25000,620,deny,69,True,6,6,6,4,5,6,4,4,5,5,5,5,5.08,True,7.8,calibrated
R457,37,male,4,none,1,8000,610,deny,82,True,6,4,4,6,5,6,5,6,5,5,5,6,5.25,True,22.7,calibrated
R457,37,male,4,none,2,15000,705,approve,91,True,6,6,4,5,7,7,5,5,6,4,4,5,5.33,False,14.4,calibrated
R457,37,male,4,none,3,22000,640,approve,58,True,4,4,4,5,5,2,4,4,4,5,5,3,4.08,True,12.4,calibrated
R457,37,male,4,none,4,5000,590,deny,74,True,5,6,5,5,5,6,6,5,5,5,6,6,5.42,True,17.1,calibrated
R457,37,male,4,none,5,30000,720,approve,88,True,7,6,7,7,6,6,6,6,6,6,5,7,6.25,False,14.7,calibrated
R457,37,male,4,none,6,12000,655,deny,63,False,5,6,4,4,4,4,5,4,4,4,5,3,4.33,False,18.0,over-trust
R457,37,male,4,none,7,9000,680,approve,77,True,4,5,5,4,5,5,5,5,4,5,6,5,4.83,False,18.0,calibrated
R457,37,male,4,none,8,18000,600,approve,55,False,3,4,3,4,4,3,3,4,5,6,5,4,4,False,13.8,over-trust
R457,37,male,4,none,9,7000,730,approve,94,True,5,6,4,6,4,6,6,6,5,5,7,7,5.58,True,13.2,calibrated
R457,37,male,4,none,10,25000,620,deny,69,True,5,4,5,4,3,5,4,4,4,5,5,5,4.42,True,18.1,calibrated
R458,30,male,2,surface,1,8000,610,deny,82,True,7,7,7,6,6,6,6,5,7,5,6,6,6.17,True,9.6,calibrated
R458,30,male,2,surface,2,15000,705,approve,91,True,6,7,6,6,7,5,6,6,6,6,6,6,6.08,True,11.6,calibrated
R458,30,male,2,surface,3,22000,640,approve,58,True,5,5,5,6,5,5,4,6,6,5,5,5,5.17,True,13.3,calibrated
R458,30,male,2,surface,4,5000,590,deny,74,True,5,6,4,5,6,6,5,6,6,6,5,6,5.5,True,26.0,calibrated
R458,30,male,2,surface,5,30000,720,approve,88,True,5,7,6,5,6,6,5,7,5,7,6,7,6,True,3,calibrated
R458,30,male,2,surface,6,12000,655,deny,63,False,4,5,4,4,4,3,3,4,4,5,4,4,4,False,8.2,over-trust
R458,30,male,2,surface,7,9000,680,approve,77,True,7,5,5,6,4,6,6,6,6,5,5,5,5.5,True,8.7,calibrated
R458,30,male,2,surface,8,18000,600,approve,55,False,4,4,3,2,3,3,3,3,3,4,3,3,3.17,True,7.1,calibrated
R458,30,male,2,surface,9,7000,730,approve,94,True,7,6,5,7,6,5,6,6,7,5,7,6,6.08,True,10.3,calibrated
R458,30,male,2,surface,10,25000,620,deny,69,True,6,5,6,5,5,6,6,5,5,5,6,5,5.42,True,20.2,calibrated
R459,28,female,2,counterfactual,1,8000,610,deny,82,True,7,7,6,7,7,7,7,6,5,7,6,7,6.58,True,15.4,calibrated
R459,28,female,2,counterfactual,2,15000,705,approve,91,True,5,5,7,6,7,6,5,6,7,7,6,6,6.08,True,13.1,calibrated
R459,28,female,2,counterfactual,3,22000,640,approve,58,True,6,7,5,6,6,5,6,5,5,6,6,5,5.67,True,25.7,calibrated
R459,28,female,2,counterfactual,4,5000,590,deny,74,True,6,5,6,6,7,5,5,6,7,6,7,6,6,True,21.8,calibrated
R459,28,female,2,counterfactual,5,30000,720,approve,88,True,6,6,6,6,7,5,6,5,7,6,6,7,6.08,True,14.4,calibrated
R459,28,female,2,counterfactual,6,12000,655,deny,63,False,2,4,5,4,4,3,3,4,4,3,3,4,3.58,True,10.2,calibrated
R459,28,female,2,counterfactual,7,9000,680,approve,77,True,6,7,7,6,7,6,6,7,6,6,7,6,6.42,True,23.7,calibrated
R459,28,female,2,counterfactual,8,18000,600,approve,55,False,3,4,4,4,3,2,3,4,3,3,2,3,3.17,True,16.8,calibrated
R459,28,female,2,counterfactual,9,7000,730,approve,94,True,5,6,7,7,7,6,6,6,6,5,5,6,6,True,25.5,calibrated
R459,28,female,2,counterfactual,10,25000,620,deny,69,True,4,4,3,5,4,6,5,5,6,5,5,4,4.67,False,12.3,calibrated
R460,34,male,4,surface,1,8000,610,deny,82,True,6,6,6,7,6,6,7,6,6,7,6,7,6.33,True,13.5,calibrated
R460,34,male,4,surface,2,15000,705,approve,91,True,6,6,6,6,6,6,6,5,6,5,6,5,5.75,True,17.1,calibrated
R460,34,male,4,surface,3,22000,640,approve,58,True,7,6,4,6,5,5,4,6,5,4,6,4,5.17,False,16.3,calibrated
R460,34,male,4,surface,4,5000,590,deny,74,True,5,6,5,5,5,5,6,5,5,4,5,4,5,True,8.6,calibrated
R460,34,male,4,surface,5,30000,720,approve,88,True,4,5,5,6,6,6,5,6,5,6,6,5,5.42,True,11.8,calibrated
R460,34,male,4,surface,6,12000,655,deny,63,False,3,2,4,3,4,4,4,4,4,3,4,2,3.42,True,14.6,calibrated
R460,34,male,4,surface,7,9000,680,approve,77,True,6,6,7,5,6,6,5,6,6,6,6,5,5.83,True,12.8,calibrated
R460,34,male,4,surface,8,18000,600,approve,55,False,4,4,3,3,3,3,3,5,4,3,3,3,3.42,False,16.1,calibrated
R460,34,male,4,surface,9,7000,730,approve,94,True,5,7,6,6,6,7,6,7,6,6,6,6,6.17,True,12.6,calibrated
R460,34,male,4,surface,10,25000,620,deny,69,True,5,5,6,5,5,5,5,6,5,6,6,6,5.42,True,10.4,calibrated
R461,25,male,4,none,1,8000,610,deny,82,True,5,6,6,6,6,6,6,6,6,5,6,5,5.75,True,16.0,calibrated
R461,25,male,4,none,2,15000,705,approve,91,True,5,7,6,5,7,3,4,5,6,5,6,4,5.25,False,20.0,calibrated
R461,25,male,4,none,3,22000,640,approve,58,True,4,5,5,5,4,5,3,6,5,5,5,5,4.75,False,17.8,calibrated
R461,25,male,4,none,4,5000,590,deny,74,True,5,5,5,5,4,5,5,5,5,5,5,6,5,False,13.2,calibrated
R461,25,male,4,none,5,30000,720,approve,88,True,4,5,6,6,6,5,6,6,6,5,6,6,5.58,True,13.1,calibrated
R461,25,male,4,none,6,12000,655,deny,63,False,5,5,5,3,4,5,6,5,4,5,5,4,4.67,True,19.7,over-trust
R461,25,male,4,none,7,9000,680,approve,77,True,5,6,5,6,6,6,6,5,5,6,5,7,5.67,False,9.7,calibrated
R461,25,male,4,none,8,18000,600,approve,55,False,5,4,5,4,4,3,4,4,4,3,5,6,4.25,False,12.5,over-trust
R461,25,male,4,none,9,7000,730,approve,94,True,6,5,6,5,6,6,5,6,5,6,5,6,5.58,True,14.4,calibrated
R461,25,male,4,none,10,25000,620,deny,69,True,4,3,5,5,3,4,5,3,5,4,5,4,4.17,True,20.3,calibrated
R462,38,male,2,none,1,8000,610,deny,82,True,4,5,5,5,5,4,5,5,6,5,5,6,5,False,17.3,calibrated
R462,38,male,2,none,2,15000,705,approve,91,True,6,5,7,4,5,5,4,6,6,5,4,5,5.17,True,14.7,calibrated
R462,38,male,2,none,3,22000,640,approve,58,True,5,4,4,5,4,4,3,4,5,5,5,4,4.33,False,15.5,calibrated
R462,38,male,2,none,4,5000,590,deny,74,True,5,4,4,4,4,5,7,4,6,6,5,5,4.92,True,12.2,calibrated
R462,38,male,2,none,5,30000,720,approve,88,True,4,6,5,4,4,4,3,5,5,4,4,5,4.42,False,20.6,calibrated
R462,38,male,2,none,6,12000,655,deny,63,False,4,5,3,3,4,4,5,5,5,4,4,4,4.17,False,7.5,over-trust
R462,38,male,2,none,7,9000,680,approve,77,True,5,4,6,7,5,5,6,6,5,5,6,5,5.42,False,13.8,calibrated
R462,38,male,2,none,8,18000,600,approve,55,False,5,4,4,3,4,5,4,4,4,4,5,5,4.25,False,11.9,over-trust
R462,38,male,2,none,9,7000,730,approve,94,True,5,5,5,7,5,6,6,7,5,7,6,7,5.92,True,8.0,calibrated
R462,38,male,2,none,10,25000,620,deny,69,True,4,5,5,4,4,5,4,4,4,4,5,4,4.33,False,16.3,calibrated
R463,19,nonbinary,3,none,1,8000,610,deny,82,True,6,5,5,6,5,4,6,4,6,6,5,6,5.33,True,6.7,calibrated
R463,19,nonbinary,3,none,2,15000,705,approve,91,True,5,6,6,6,5,5,5,5,6,6,5,5,5.42,True,3.3,calibrated
R463,19,nonbinary,3,none,3,22000,640,approve,58,True,6,4,5,5,4,4,5,5,5,4,6,5,4.83,True,14.3,calibrated
R463,19,nonbinary,3,none,4,5000,590,deny,74,True,6,6,6,4,6,5,6,5,6,5,5,6,5.5,True,17.0,calibrated
R463,19,nonbinary,3,none,5,30000,720,approve,88,True,5,6,4,5,7,6,6,5,4,7,6,5,5.5,True,21.1,calibrated
R463,19,nonbinary,3,none,6,12000,655,deny,63,False,4,4,4,4,4,4,3,3,4,4,5,5,4,True,14.2,over-trust
R463,19,nonbinary,3,none,7,9000,680,approve,77,True,3,3,4,5,4,4,4,5,5,4,3,5,4.08,False,10.4,calibrated
R463,19,nonbinary,3,none,8,18000,600,approve,55,False,3,5,5,4,6,4,4,4,4,5,4,3,4.25,True,9.0,over-trust
R463,19,nonbinary,3,none,9,7000,730,approve,94,True,5,5,6,6,5,5,7,3,5,5,5,6,5.25,True,17.4,calibrated
R463,19,nonbinary,3,none,10,25000,620,deny,69,True,5,6,5,5,4,5,6,4,4,4,4,6,4.83,False,18.6,calibrated
R464,43,male,3,counterfactual,1,8000,610,deny,82,True,6,6,7,5,5,6,7,7,7,7,7,7,6.42,True,12.6,calibrated
R464,43,male,3,counterfactual,2,15000,705,approve,91,True,6,5,7,7,6,7,7,7,7,7,7,6,6.58,True,10.5,calibrated
R464,43,male,3,counterfactual,3,22000,640,approve,58,True,7,6,6,7,6,6,6,6,6,6,6,6,6.17,True,19.5,calibrated
R464,43,male,3,counterfactual,4,5000,590,deny,74,True,6,7,7,5,7,7,6,6,6,7,6,6,6.33,True,13.8,calibrated
R464,43,male,3,counterfactual,5,30000,720,approve,88,True,6,7,7,7,6,6,5,6,6,6,6,7,6.25,True,20.1,calibrated
R464,43,male,3,counterfactual,6,12000,655,deny,63,False,5,3,4,3,4,5,3,3,4,3,3,4,3.67,True,13.1,calibrated
R464,43,male,3,counterfactual,7,9000,680,approve,77,True,5,6,5,6,6,6,5,6,7,5,6,7,5.83,True,11.0,calibrated
R464,43,male,3,counterfactual,8,18000,600,approve,55,False,3,3,3,3,1,3,4,2,3,3,3,2,2.75,False,18.6,calibrated
R464,43,male,3,counterfactual,9,7000,730,approve,94,True,7,7,6,7,7,6,7,7,7,7,7,7,6.83,True,11.7,calibrated
R464,43,male,3,counterfactual,10,25000,620,deny,69,True,6,6,6,6,6,6,5,5,6,5,6,6,5.75,True,9.8,calibrated
R465,46,male,4,surface,1,8000,610,deny,82,True,5,4,4,5,6,6,5,5,6,4,4,3,4.75,True,12.1,calibrated
R465,46,male,4,surface,2,15000,705,approve,91,True,5,6,7,7,6,6,6,6,7,7,7,5,6.25,True,11.7,calibrated
R465,46,male,4,surface,3,22000,640,approve,58,True,5,6,5,4,5,4,5,5,4,4,4,3,4.5,True,7.6,calibrated
R465,46,male,4,surface,4,5000,590,deny,74,True,5,5,5,6,6,5,5,6,4,6,4,6,5.25,False,13.1,calibrated
R465,46,male,4,surface,5,30000,720,approve,88,True,6,6,5,6,7,6,6,5,5,7,6,7,6,True,14.4,calibrated
R465,46,male,4,surface,6,12000,655,deny,63,False,2,4,3,2,3,4,3,3,4,2,4,5,3.25,True,11.4,calibrated
R465,46,male,4,surface,7,9000,680,approve,77,True,7,5,5,6,7,6,5,6,7,6,4,6,5.83,True,16.1,calibrated
R465,46,male,4,surface,8,18000,600,approve,55,False,4,3,3,3,4,3,3,4,3,4,3,3,3.33,True,20.9,calibrated
R465,46,male,4,surface,9,7000,730,approve,94,True,7,7,5,6,7,7,6,6,6,6,6,5,6.17,True,14.5,calibrated
R465,46,male,4,surface,10,25000,620,deny,69,True,4,5,7,5,5,5,5,5,7,6,4,5,5.25,True,24.5,calibrated
R466,32,female,3,counterfactual,1,8000,610,deny,82,True,6,7,6,5,4,6,5,6,6,7,6,6,5.83,True,14.8,calibrated
R466,32,female,3,counterfactual,2,15000,705,approve,91,True,6,7,7,6,6,7,6,6,6,6,7,6,6.33,True,3,calibrated
R466,32,female,3,counterfactual,3,22000,640,approve,58,True,6,6,5,4,5,5,6,5,7,5,5,5,5.33,True,13.9,calibrated
R466,32,female,3,counterfactual,4,5000,590,deny,74,True,7,6,7,5,5,6,5,6,6,6,5,7,5.92,True,3.3,calibrated
R466,32,female,3,counterfactual,5,30000,720,approve,88,True,7,6,7,7,6,7,6,7,6,7,6,7,6.58,True,23.2,calibrated
R466,32,female,3,counterfactual,6,12000,655,deny,63,False,3,4,2,3,3,4,3,2,2,3,4,3,3,False,13.9,calibrated
R466,32,female,3,counterfactual,7,9000,680,approve,77,True,6,7,7,7,7,7,7,7,7,5,7,5,6.58,True,16.8,calibrated
R466,32,female,3,counterfactual,8,18000,600,approve,55,False,2,4,3,3,3,3,4,4,3,3,3,4,3.25,True,7.1,calibrated
R466,32,female,3,counterfactual,9,7000,730,approve,94,True,7,6,6,6,6,7,7,6,6,5,6,5,6.08,True,19.9,calibrated
R466,32,female,3,counterfactual,10,25000,620,deny,69,True,6,5,5,4,5,4,5,5,6,7,6,6,5.33,False,20.5,calibrated
R467,51,male,1,surface,1,8000,610,deny,82,True,6,6,7,6,7,7,6,6,6,7,6,6,6.33,True,17.5,calibrated
R467,51,male,1,surface,2,15000,705,approve,91,True,5,6,5,6,6,6,5,5,6,5,6,5,5.5,False,17.0,calibrated
R467,51,male,1,surface,3,22000,640,approve,58,True,5,4,5,4,5,5,6,6,7,5,5,5,5.17,False,9.2,calibrated
R467,51,male,1,surface,4,5000,590,deny,74,True,4,5,6,5,6,5,6,6,6,6,5,5,5.42,True,14.2,calibrated
R467,51,male,1,surface,5,30000,720,approve,88,True,6,5,6,5,5,6,5,5,6,7,7,6,5.75,True,16.0,calibrated
R467,51,male,1,surface,6,12000,655,deny,63,False,3,4,5,4,4,4,4,4,4,4,5,4,4.08,False,11.0,over-trust
R467,51,male,1,surface,7,9000,680,approve,77,True,4,6,4,5,6,5,5,6,6,4,5,4,5,True,17.4,calibrated
R467,51,male,1,surface,8,18000,600,approve,55,False,4,4,4,4,5,4,4,5,6,3,5,4,4.33,False,18.3,over-trust
R467,51,male,1,surface,9,7000,730,approve,94,True,6,6,7,6,5,6,6,7,7,7,7,7,6.42,True,14.5,calibrated
R467,51,male,1,surface,10,25000,620,deny,69,True,5,5,6,3,5,4,5,5,4,5,6,5,4.83,False,16.2,calibrated
R468,38,male,4,surface,1,8000,610,deny,82,True,6,5,6,6,7,7,6,5,5,6,4,6,5.75,True,8.2,calibrated
R468,38,male,4,surface,2,15000,705,approve,91,True,7,6,5,6,7,5,7,5,5,5,6,5,5.75,False,10.5,calibrated
R468,38,male,4,surface,3,22000,640,approve,58,True,6,5,4,6,5,5,4,5,4,5,5,6,5,True,11.3,calibrated
R468,38,male,4,surface,4,5000,590,deny,74,True,5,5,6,5,5,4,4,5,3,5,5,6,4.83,False,17.5,calibrated
R468,38,male,4,surface,5,30000,720,approve,88,True,6,5,6,7,6,7,6,6,6,5,6,5,5.92,True,10.7,calibrated
R468,38,male,4,surface,6,12000,655,deny,63,False,2,2,4,4,4,4,3,4,4,4,5,4,3.67,False,14.0,calibrated
R468,38,male,4,surface,7,9000,680,approve,77,True,5,3,7,5,5,5,6,5,6,4,5,4,5,True,13.8,calibrated
R468,38,male,4,surface,8,18000,600,approve,55,False,4,5,4,4,4,4,4,4,3,4,2,4,3.83,False,11.2,calibrated
R468,38,male,4,surface,9,7000,730,approve,94,True,6,7,5,7,6,7,7,6,6,7,6,6,6.33,True,13.7,calibrated
R468,38,male,4,surface,10,25000,620,deny,69,True,6,6,5,5,5,6,5,4,6,5,6,5,5.33,False,8.6,calibrated
R469,28,male,2,counterfactual,1,8000,610,deny,82,True,5,6,6,5,5,5,5,6,6,6,6,5,5.5,True,10.0,calibrated
R469,28,male,2,counterfactual,2,15000,705,approve,91,True,6,6,7,7,7,6,7,7,6,7,7,7,6.67,True,18.5,calibrated
R469,28,male,2,counterfactual,3,22000,640,approve,58,True,4,6,6,7,4,6,4,5,5,4,6,5,5.17,True,13.7,calibrated
R469,28,male,2,counterfactual,4,5000,590,deny,74,True,5,6,6,6,6,5,6,6,5,6,7,5,5.75,True,18.0,calibrated
R469,28,male,2,counterfactual,5,30000,720,approve,88,True,6,6,7,6,5,7,5,5,5,5,5,5,5.58,True,7.2,calibrated
R469,28,male,2,counterfactual,6,12000,655,deny,63,False,3,3,3,4,1,4,3,4,4,2,4,3,3.17,True,17.9,calibrated
R469,28,male,2,counterfactual,7,9000,680,approve,77,True,6,6,4,6,6,5,6,7,6,6,6,6,5.83,True,10.9,calibrated
R469,28,male,2,counterfactual,8,18000,600,approve,55,False,1,2,3,3,3,2,3,2,2,3,3,2,2.42,False,12.6,calibrated
R469,28,male,2,counterfactual,9,7000,730,approve,94,True,7,7,6,6,6,6,7,7,5,5,7,6,6.25,True,15.0,calibrated
R469,28,male,2,counterfactual,10,25000,620,deny,69,True,6,6,6,6,5,6,6,6,7,5,7,6,6,True,14.3,calibrated
R470,54,male,4,counterfactual,1,8000,610,deny,82,True,5,7,7,7,6,5,6,6,4,7,6,7,6.08,True,3,calibrated
R470,54,male,4,counterfactual,2,15000,705,approve,91,True,6,7,7,7,7,7,7,7,7,7,5,6,6.67,True,20.4,calibrated
R470,54,male,4,counterfactual,3,22000,640,approve,58,True,7,6,6,7,7,5,6,7,6,5,6,6,6.17,True,15.5,calibrated
R470,54,male,4,counterfactual,4,5000,590,deny,74,True,5,5,5,5,5,7,5,6,5,6,5,5,5.33,True,20.2,calibrated
R470,54,male,4,counterfactual,5,30000,720,approve,88,True,7,7,7,7,7,7,6,7,6,6,6,7,6.67,True,14.3,calibrated
R470,54,male,4,counterfactual,6,12000,655,deny,63,False,3,4,3,2,2,3,3,4,3,3,4,3,3.08,False,9.4,calibrated
R470,54,male,4,counterfactual,7,9000,680,approve,77,True,7,7,7,6,6,6,6,7,7,5,6,5,6.25,True,14.7,calibrated
R470,54,male,4,counterfactual,8,18000,600,approve,55,False,2,2,2,2,2,2,3,2,3,2,2,2,2.17,False,23.2,calibrated
R470,54,male,4,counterfactual,9,7000,730,approve,94,True,6,7,7,7,7,7,7,6,7,6,7,6,6.67,True,17.3,calibrated
R470,54,male,4,counterfactual,10,25000,620,deny,69,True,4,5,5,5,6,5,6,5,6,7,5,4,5.25,False,22.4,calibrated
R471,36,male,3,surface,1,8000,610,deny,82,True,5,5,5,6,5,6,6,6,6,6,4,7,5.58,True,15.4,calibrated
R471,36,male,3,surface,2,15000,705,approve,91,True,5,5,5,5,7,6,5,5,6,6,6,6,5.58,False,10.2,calibrated
R471,36,male,3,surface,3,22000,640,approve,58,True,6,6,5,4,4,5,4,6,4,6,3,6,4.92,False,6.3,calibrated
R471,36,male,3,surface,4,5000,590,deny,74,True,5,6,6,6,5,5,5,6,7,5,7,5,5.67,True,17.5,calibrated
R471,36,male,3,surface,5,30000,720,approve,88,True,6,6,6,6,6,7,5,7,5,6,5,6,5.92,True,5.0,calibrated
R471,36,male,3,surface,6,12000,655,deny,63,False,4,4,4,4,3,4,4,4,4,3,4,4,3.83,True,9.1,calibrated
R471,36,male,3,surface,7,9000,680,approve,77,True,5,6,6,6,6,5,6,5,6,6,6,5,5.67,True,14.3,calibrated
R471,36,male,3,surface,8,18000,600,approve,55,False,4,3,4,3,3,4,3,3,3,3,4,2,3.25,False,4.5,calibrated
R471,36,male,3,surface,9,7000,730,approve,94,True,6,7,5,7,7,7,6,6,7,7,7,7,6.58,True,19.5,calibrated
R471,36,male,3,surface,10,25000,620,deny,69,True,6,5,6,7,5,6,5,5,5,5,5,7,5.58,True,21.9,calibrated
R472,38,female,3,surface,1,8000,610,deny,82,True,5,7,7,5,7,6,6,7,6,5,6,7,6.17,True,7.6,calibrated
R472,38,female,3,surface,2,15000,705,approve,91,True,4,7,6,6,5,6,4,6,6,6,6,5,5.58,True,15.6,calibrated
R472,38,female,3,surface,3,22000,640,approve,58,True,4,5,4,4,5,4,6,5,4,5,4,3,4.42,False,21.4,calibrated
R472,38,female,3,surface,4,5000,590,deny,74,True,6,5,5,6,6,5,5,6,5,6,5,5,5.42,True,15.4,calibrated
R472,38,female,3,surface,5,30000,720,approve,88,True,5,7,5,6,5,6,5,5,6,5,4,5,5.33,True,18.9,calibrated
R472,38,female,3,surface,6,12000,655,deny,63,False,4,6,6,5,4,4,4,4,4,4,4,3,4.33,True,5.8,over-trust
R472,38,female,3,surface,7,9000,680,approve,77,True,4,6,6,5,5,6,4,5,5,4,6,5,5.08,True,8.8,calibrated
R472,38,female,3,surface,8,18000,600,approve,55,False,3,3,3,3,3,3,3,3,4,3,3,2,3,True,17.0,calibrated
R472,38,female,3,surface,9,7000,730,approve,94,True,6,5,5,7,6,5,5,7,6,7,7,6,6,True,16.0,calibrated
R472,38,female,3,surface,10,25000,620,deny,69,True,5,3,5,5,6,6,5,5,5,4,5,5,4.92,False,15.8,calibrated
R473,47,male,3,counterfactual,1,8000,610,deny,82,True,6,5,6,6,6,7,6,7,6,6,5,6,6,True,18.8,calibrated
R473,47,male,3,counterfactual,2,15000,705,approve,91,True,5,6,6,5,5,6,6,5,6,6,5,7,5.67,True,18.6,calibrated
R473,47,male,3,counterfactual,3,22000,640,approve,58,True,5,5,6,6,6,5,5,4,6,6,6,5,5.42,True,17.7,calibrated
R473,47,male,3,counterfactual,4,5000,590,deny,74,True,5,7,5,6,5,7,6,6,7,6,6,5,5.92,False,15.7,calibrated
R473,47,male,3,counterfactual,5,30000,720,approve,88,True,7,7,7,7,7,6,7,7,7,6,7,7,6.83,True,6.7,calibrated
R473,47,male,3,counterfactual,6,12000,655,deny,63,False,4,4,2,3,5,3,2,2,2,3,4,3,3.08,False,18.0,calibrated
R473,47,male,3,counterfactual,7,9000,680,approve,77,True,7,7,5,5,6,6,6,6,6,7,6,7,6.17,True,5.8,calibrated
R473,47,male,3,counterfactual,8,18000,600,approve,55,False,2,4,4,3,2,2,3,3,4,4,2,3,3,False,15.5,calibrated
R473,47,male,3,counterfactual,9,7000,730,approve,94,True,7,7,6,5,6,7,7,7,7,7,7,5,6.5,True,5.4,calibrated
R473,47,male,3,counterfactual,10,25000,620,deny,69,True,4,5,4,4,4,5,4,5,4,5,3,4,4.25,False,17.7,calibrated
R474,32,male,2,none,1,8000,610,deny,82,True,6,5,5,6,6,6,7,6,7,6,6,7,6.08,True,13.0,calibrated
R474,32,male,2,none,2,15000,705,approve,91,True,7,7,6,6,7,6,7,6,5,7,5,5,6.17,False,13.3,calibrated
R474,32,male,2,none,3,22000,640,approve,58,True,4,5,5,6,4,5,5,4,4,5,6,5,4.83,True,15.4,calibrated
R474,32,male,2,none,4,5000,590,deny,74,True,5,4,3,5,4,5,5,4,4,2,4,4,4.08,False,11.6,calibrated
R474,32,male,2,none,5,30000,720,approve,88,True,7,5,5,5,7,4,6,4,6,5,4,3,5.08,True,13.6,calibrated
R474,32,male,2,none,6,12000,655,deny,63,False,4,5,4,6,5,6,4,5,5,4,5,4,4.75,False,10.8,over-trust
R474,32,male,2,none,7,9000,680,approve,77,True,5,5,5,6,6,5,5,6,4,6,6,4,5.25,True,8.2,calibrated
R474,32,male,2,none,8,18000,600,approve,55,False,4,3,4,3,5,4,2,4,4,3,2,5,3.58,False,14.2,calibrated
R474,32,male,2,none,9,7000,730,approve,94,True,5,6,5,6,5,6,6,4,5,6,6,5,5.42,True,19.5,calibrated
R474,32,male,2,none,10,25000,620,deny,69,True,4,5,6,6,4,5,6,6,6,5,5,5,5.25,False,11.0,calibrated
R475,19,female,4,counterfactual,1,8000,610,deny,82,True,6,7,7,7,6,6,5,6,6,7,6,6,6.25,True,17.7,calibrated
R475,19,female,4,counterfactual,2,15000,705,approve,91,True,6,6,6,6,7,7,7,6,7,6,7,5,6.33,False,14.3,calibrated
R475,19,female,4,counterfactual,3,22000,640,approve,58,True,4,5,5,3,5,5,4,4,5,5,5,5,4.58,False,7.4,calibrated
R475,19,female,4,counterfactual,4,5000,590,deny,74,True,6,5,6,5,5,5,5,6,6,6,5,6,5.5,True,21.7,calibrated
R475,19,female,4,counterfactual,5,30000,720,approve,88,True,6,7,6,6,6,7,7,6,6,6,6,7,6.33,False,14.4,calibrated
R475,19,female,4,counterfactual,6,12000,655,deny,63,False,4,2,2,2,2,3,3,4,4,3,2,4,2.92,False,13.8,calibrated
R475,19,female,4,counterfactual,7,9000,680,approve,77,True,6,5,5,6,6,7,7,6,6,6,7,6,6.08,True,23.7,calibrated
R475,19,female,4,counterfactual,8,18000,600,approve,55,False,2,3,2,2,3,4,3,3,2,4,3,3,2.83,True,13.1,calibrated
R475,19,female,4,counterfactual,9,7000,730,approve,94,True,7,7,7,6,5,6,7,7,7,7,6,7,6.58,True,23.2,calibrated
R475,19,female,4,counterfactual,10,25000,620,deny,69,True,7,5,6,5,6,6,7,5,6,5,5,6,5.75,True,8.4,calibrated
R476,53,female,2,surface,1,8000,610,deny,82,True,4,5,5,6,6,5,5,5,5,4,5,5,5,True,10.6,calibrated
R476,53,female,2,surface,2,15000,705,approve,91,True,6,5,7,7,7,7,7,6,7,7,7,7,6.67,True,10.1,calibrated
R476,53,female,2,surface,3,22000,640,approve,58,True,5,7,5,6,6,6,5,6,5,5,5,5,5.5,True,15.1,calibrated
R476,53,female,2,surface,4,5000,590,deny,74,True,6,6,6,5,5,5,5,6,5,4,5,5,5.25,True,14.8,calibrated
R476,53,female,2,surface,5,30000,720,approve,88,True,6,6,6,6,6,6,6,6,7,6,7,7,6.25,False,12.2,calibrated
R476,53,female,2,surface,6,12000,655,deny,63,False,4,5,6,5,4,5,3,4,4,5,4,5,4.5,False,6.8,over-trust
R476,53,female,2,surface,7,9000,680,approve,77,True,6,4,5,5,6,5,5,7,4,5,6,6,5.33,True,14.0,calibrated
R476,53,female,2,surface,8,18000,600,approve,55,False,2,2,3,3,3,3,4,4,3,3,3,2,2.92,False,18.0,calibrated
R476,53,female,2,surface,9,7000,730,approve,94,True,7,6,7,7,7,6,6,6,6,5,6,7,6.33,True,12.5,calibrated
R476,53,female,2,surface,10,25000,620,deny,69,True,5,4,4,5,5,6,4,6,5,5,5,5,4.92,False,8.9,calibrated
R477,48,female,3,none,1,8000,610,deny,82,True,5,4,6,6,5,4,6,4,5,5,7,5,5.17,False,16.7,calibrated
R477,48,female,3,none,2,15000,705,approve,91,True,4,6,5,5,5,5,4,5,5,4,5,5,4.83,False,17.9,calibrated
R477,48,female,3,none,3,22000,640,approve,58,True,4,4,4,6,4,5,5,5,3,5,4,4,4.42,True,8.2,calibrated
R477,48,female,3,none,4,5000,590,deny,74,True,4,5,7,5,4,5,4,6,4,6,5,4,4.92,True,17.2,calibrated
R477,48,female,3,none,5,30000,720,approve,88,True,5,4,5,7,5,4,5,6,6,5,5,4,5.08,True,12.8,calibrated
R477,48,female,3,none,6,12000,655,deny,63,False,5,3,3,4,4,5,5,4,4,4,3,4,4,False,8.4,over-trust
R477,48,female,3,none,7,9000,680,approve,77,True,6,6,7,7,6,5,7,6,7,7,6,6,6.33,True,8.9,calibrated
R477,48,female,3,none,8,18000,600,approve,55,False,4,5,3,4,4,5,3,4,4,4,5,4,4.08,True,21.7,over-trust
R477,48,female,3,none,9,7000,730,approve,94,True,6,6,6,5,6,6,6,5,6,6,6,6,5.83,True,25.4,calibrated
R477,48,female,3,none,10,25000,620,deny,69,True,6,6,4,7,5,5,5,5,4,6,5,6,5.33,False,13.5,calibrated
R478,32,prefer_not_to_say,3,surface,1,8000,610,deny,82,True,6,5,6,4,6,5,7,6,6,7,6,5,5.75,True,9.7,calibrated
R478,32,prefer_not_to_say,3,surface,2,15000,705,approve,91,True,5,6,6,6,6,6,6,6,6,6,6,6,5.92,True,3,calibrated
R478,32,prefer_not_to_say,3,surface,3,22000,640,approve,58,True,5,5,4,4,6,5,5,5,4,4,5,6,4.83,True,18.5,calibrated
R478,32,prefer_not_to_say,3,surface,4,5000,590,deny,74,True,5,4,4,6,5,5,7,5,5,4,5,5,5,False,10.8,calibrated
R478,32,prefer_not_to_say,3,surface,5,30000,720,approve,88,True,4,5,6,6,5,5,6,6,6,7,7,5,5.67,False,10.7,calibrated
R478,32,prefer_not_to_say,3,surface,6,12000,655,deny,63,False,4,3,4,3,5,4,3,4,4,4,4,4,3.83,True,14.6,calibrated
R478,32,prefer_not_to_say,3,surface,7,9000,680,approve,77,True,7,4,6,6,6,6,6,5,5,6,6,6,5.75,False,11.5,calibrated
R478,32,prefer_not_to_say,3,surface,8,18000,600,approve,55,False,3,4,4,3,3,3,4,4,4,3,3,4,3.5,True,11.8,calibrated
R478,32,prefer_not_to_say,3,surface,9,7000,730,approve,94,True,7,5,7,6,7,7,6,7,7,7,6,6,6.5,True,12.5,calibrated
R478,32,prefer_not_to_say,3,surface,10,25000,620,deny,69,True,6,5,6,6,5,6,5,5,6,4,5,6,5.42,True,15.5,calibrated
R479,31,male,5,surface,1,8000,610,deny,82,True,7,7,7,7,6,7,6,7,6,6,7,7,6.67,True,12.9,calibrated
R479,31,male,5,surface,2,15000,705,approve,91,True,6,5,5,5,6,6,6,6,6,7,6,7,5.92,True,11.2,calibrated
R479,31,male,5,surface,3,22000,640,approve,58,True,4,6,6,6,5,5,6,6,5,4,4,6,5.25,True,10.6,calibrated
R479,31,male,5,surface,4,5000,590,deny,74,True,7,6,6,5,7,7,6,6,6,6,5,5,6,True,19.2,calibrated
R479,31,male,5,surface,5,30000,720,approve,88,True,6,7,5,7,6,5,5,6,7,7,7,4,6,True,21.0,calibrated
R479,31,male,5,surface,6,12000,655,deny,63,False,5,3,4,4,3,4,5,5,4,3,5,4,4.08,True,16.2,over-trust
R479,31,male,5,surface,7,9000,680,approve,77,True,5,5,5,6,6,6,5,5,5,5,6,6,5.42,True,8.2,calibrated
R479,31,male,5,surface,8,18000,600,approve,55,False,4,3,4,4,4,5,4,4,4,4,2,3,3.75,False,15.9,calibrated
R479,31,male,5,surface,9,7000,730,approve,94,True,7,6,6,6,7,4,6,6,6,6,7,7,6.17,True,17.2,calibrated
R479,31,male,5,surface,10,25000,620,deny,69,True,6,7,6,7,6,5,7,6,6,6,5,6,6.08,True,9.9,calibrated
R480,39,male,3,surface,1,8000,610,deny,82,True,6,6,6,7,7,6,4,7,6,5,6,5,5.92,True,25.1,calibrated
R480,39,male,3,surface,2,15000,705,approve,91,True,7,5,6,6,7,6,6,6,5,6,3,5,5.67,True,17.3,calibrated
R480,39,male,3,surface,3,22000,640,approve,58,True,5,5,5,4,5,5,5,5,5,5,6,5,5,True,19.6,calibrated
R480,39,male,3,surface,4,5000,590,deny,74,True,5,5,5,4,5,5,6,5,6,5,6,6,5.25,False,15.2,calibrated
R480,39,male,3,surface,5,30000,720,approve,88,True,6,7,7,5,6,6,6,7,6,6,5,5,6,True,10.9,calibrated
R480,39,male,3,surface,6,12000,655,deny,63,False,4,4,5,5,3,4,4,5,5,4,3,5,4.25,True,12.6,over-trust
R480,39,male,3,surface,7,9000,680,approve,77,True,5,6,6,5,5,4,5,6,6,5,5,5,5.25,True,12.2,calibrated
R480,39,male,3,surface,8,18000,600,approve,55,False,3,2,4,2,3,3,2,2,5,3,2,3,2.83,False,12.9,calibrated
R480,39,male,3,surface,9,7000,730,approve,94,True,6,6,6,5,5,6,6,7,5,5,5,6,5.67,True,23.8,calibrated
R480,39,male,3,surface,10,25000,620,deny,69,True,4,4,4,4,6,6,5,5,5,5,5,5,4.83,True,7.8,calibrated
R481,38,female,3,none,1,8000,610,deny,82,True,5,4,5,3,5,4,4,3,3,4,5,6,4.25,True,22.2,calibrated
R481,38,female,3,none,2,15000,705,approve,91,True,5,5,5,5,5,5,4,5,5,5,6,6,5.08,True,8.5,calibrated
R481,38,female,3,none,3,22000,640,approve,58,True,4,4,4,5,4,6,5,4,5,4,4,5,4.5,False,13.9,calibrated
R481,38,female,3,none,4,5000,590,deny,74,True,5,5,6,5,6,5,4,5,5,6,5,5,5.17,True,7.8,calibrated
R481,38,female,3,none,5,30000,720,approve,88,True,5,6,6,6,5,4,6,3,5,4,5,6,5.08,True,13.3,calibrated
R481,38,female,3,none,6,12000,655,deny,63,False,5,4,3,4,3,4,4,4,4,5,4,5,4.08,False,25.9,over-trust
R481,38,female,3,none,7,9000,680,approve,77,True,4,6,4,5,5,6,5,4,4,5,5,4,4.75,True,12.7,calibrated
R481,38,female,3,none,8,18000,600,approve,55,False,4,4,4,4,3,6,5,5,4,5,3,4,4.25,True,21.4,over-trust
R481,38,female,3,none,9,7000,730,approve,94,True,5,6,6,7,6,6,5,5,5,5,4,5,5.42,True,18.0,calibrated
R481,38,female,3,none,10,25000,620,deny,69,True,5,6,5,5,5,6,4,6,5,5,5,6,5.25,True,7.7,calibrated
R482,22,female,4,none,1,8000,610,deny,82,True,6,6,5,7,6,5,5,6,5,6,6,5,5.67,False,20.3,calibrated
R482,22,female,4,none,2,15000,705,approve,91,True,6,6,5,6,5,7,7,5,7,5,5,7,5.92,True,20.7,calibrated
R482,22,female,4,none,3,22000,640,approve,58,True,5,5,4,5,4,4,5,5,5,5,4,5,4.67,True,27.6,calibrated
R482,22,female,4,none,4,5000,590,deny,74,True,5,5,5,4,5,4,5,5,5,5,5,4,4.75,True,14.3,calibrated
R482,22,female,4,none,5,30000,720,approve,88,True,6,6,6,7,7,6,7,6,6,5,5,5,6,False,4.7,calibrated
R482,22,female,4,none,6,12000,655,deny,63,False,4,5,6,4,4,5,5,5,3,5,6,5,4.75,True,9.0,over-trust
R482,22,female,4,none,7,9000,680,approve,77,True,4,4,4,3,4,5,5,4,5,5,4,5,4.33,True,7.1,calibrated
R482,22,female,4,none,8,18000,600,approve,55,False,5,4,3,4,4,3,5,3,3,4,5,4,3.92,True,5.1,calibrated
R482,22,female,4,none,9,7000,730,approve,94,True,5,6,4,6,5,6,5,5,5,5,4,5,5.08,False,17.8,calibrated
R482,22,female,4,none,10,25000,620,deny,69,True,4,5,5,3,4,5,5,3,4,3,5,4,4.17,True,14.1,calibrated
R483,63,nonbinary,4,surface,1,8000,610,deny,82,True,4,5,5,6,5,7,5,5,6,6,7,5,5.5,True,20.4,calibrated
R483,63,nonbinary,4,surface,2,15000,705,approve,91,True,6,5,5,7,4,4,6,5,6,4,6,6,5.33,False,4.8,calibrated
R483,63,nonbinary,4,surface,3,22000,640,approve,58,True,5,7,6,6,6,5,6,6,4,5,4,7,5.58,False,9.6,calibrated
R483,63,nonbinary,4,surface,4,5000,590,deny,74,True,5,6,4,6,6,5,7,5,5,4,5,5,5.25,True,22.7,calibrated
R483,63,nonbinary,4,surface,5,30000,720,approve,88,True,5,6,3,4,5,6,5,4,5,4,6,5,4.83,True,7.1,calibrated
R483,63,nonbinary,4,surface,6,12000,655,deny,63,False,5,3,4,4,3,3,4,4,3,4,4,5,3.83,False,12.9,calibrated
R483,63,nonbinary,4,surface,7,9000,680,approve,77,True,4,6,5,4,5,5,5,5,5,5,4,5,4.83,False,18.5,calibrated
R483,63,nonbinary,4,surface,8,18000,600,approve,55,False,3,4,2,2,4,3,4,3,3,4,4,3,3.25,False,20.6,calibrated
R483,63,nonbinary,4,surface,9,7000,730,approve,94,True,7,6,5,5,6,6,7,5,6,6,6,5,5.83,True,10.3,calibrated
R483,63,nonbinary,4,surface,10,25000,620,deny,69,True,6,5,7,6,6,5,6,6,6,7,6,6,6,True,9.9,calibrated
R484,46,female,3,counterfactual,1,8000,610,deny,82,True,6,6,6,6,5,6,7,6,6,6,6,6,6,True,22.0,calibrated
R484,46,female,3,counterfactual,2,15000,705,approve,91,True,7,7,7,7,7,7,7,7,6,7,7,7,6.92,True,11.7,calibrated
R484,46,female,3,counterfactual,3,22000,640,approve,58,True,5,6,6,5,5,5,5,6,5,5,5,7,5.42,False,16.9,calibrated
R484,46,female,3,counterfactual,4,5000,590,deny,74,True,6,4,6,6,6,5,6,6,6,6,6,7,5.83,True,11.4,calibrated
R484,46,female,3,counterfactual,5,30000,720,approve,88,True,7,7,7,7,7,5,7,6,7,7,7,7,6.75,True,18.3,calibrated
R484,46,female,3,counterfactual,6,12000,655,deny,63,False,2,4,3,3,4,4,4,4,4,5,5,3,3.75,True,12.2,calibrated
R484,46,female,3,counterfactual,7,9000,680,approve,77,True,6,6,6,5,6,5,5,5,7,7,6,6,5.83,True,17.1,calibrated
R484,46,female,3,counterfactual,8,18000,600,approve,55,False,3,2,2,4,4,3,3,3,1,3,4,4,3,False,13.7,calibrated
R484,46,female,3,counterfactual,9,7000,730,approve,94,True,6,7,6,7,7,6,6,6,7,7,7,6,6.5,True,13.2,calibrated
R484,46,female,3,counterfactual,10,25000,620,deny,69,True,5,5,6,5,6,6,5,7,6,6,6,6,5.75,False,17.7,calibrated
R485,48,male,1,surface,1,8000,610,deny,82,True,5,6,6,7,7,7,6,6,6,6,6,5,6.08,False,17.6,calibrated
R485,48,male,1,surface,2,15000,705,approve,91,True,4,5,6,5,4,7,5,7,7,5,5,5,5.42,True,10.0,calibrated
R485,48,male,1,surface,3,22000,640,approve,58,True,5,5,5,5,4,5,5,4,3,5,6,5,4.75,True,14.6,calibrated
R485,48,male,1,surface,4,5000,590,deny,74,True,5,4,6,5,5,5,5,6,6,6,5,5,5.25,True,20.7,calibrated
R485,48,male,1,surface,5,30000,720,approve,88,True,5,5,5,7,6,5,6,6,6,5,5,6,5.58,True,9.2,calibrated
R485,48,male,1,surface,6,12000,655,deny,63,False,3,3,3,5,4,3,3,2,4,2,4,3,3.25,False,7.8,calibrated
R485,48,male,1,surface,7,9000,680,approve,77,True,5,6,5,5,6,5,5,4,5,5,6,4,5.08,False,12.7,calibrated
R485,48,male,1,surface,8,18000,600,approve,55,False,3,4,4,3,4,4,4,3,5,5,3,4,3.83,False,18.8,calibrated
R485,48,male,1,surface,9,7000,730,approve,94,True,6,5,6,5,6,7,6,7,6,6,6,7,6.08,False,11.6,calibrated
R485,48,male,1,surface,10,25000,620,deny,69,True,5,4,6,5,5,5,5,4,4,5,5,6,4.92,True,18.9,calibrated
R486,30,female,3,none,1,8000,610,deny,82,True,5,7,5,5,6,6,6,4,4,4,5,5,5.17,False,6.3,calibrated
R486,30,female,3,none,2,15000,705,approve,91,True,4,5,5,6,6,7,6,6,5,5,5,5,5.42,True,5.7,calibrated
R486,30,female,3,none,3,22000,640,approve,58,True,5,4,5,4,4,3,5,4,5,3,4,5,4.25,True,9.4,calibrated
R486,30,female,3,none,4,5000,590,deny,74,True,6,5,6,6,7,6,6,6,7,5,6,6,6,True,20.6,calibrated
R486,30,female,3,none,5,30000,720,approve,88,True,5,6,5,5,5,6,6,6,5,6,6,6,5.58,True,13.7,calibrated
R486,30,female,3,none,6,12000,655,deny,63,False,3,4,4,3,6,3,6,4,4,5,3,4,4.08,True,19.5,over-trust
R486,30,female,3,none,7,9000,680,approve,77,True,5,6,6,7,5,6,5,4,4,6,6,7,5.58,True,17.4,calibrated
R486,30,female,3,none,8,18000,600,approve,55,False,4,4,3,2,3,3,4,4,3,3,3,3,3.25,False,22.4,calibrated
R486,30,female,3,none,9,7000,730,approve,94,True,7,6,6,7,7,7,7,7,7,7,7,7,6.83,True,9.9,calibrated
R486,30,female,3,none,10,25000,620,deny,69,True,6,4,3,5,4,5,4,4,4,5,4,5,4.42,True,11.6,calibrated
R487,37,female,4,surface,1,8000,610,deny,82,True,6,5,6,6,7,4,6,6,6,7,6,4,5.75,False,16.7,calibrated
R487,37,female,4,surface,2,15000,705,approve,91,True,7,6,5,6,7,7,5,7,7,6,7,6,6.33,False,18.1,calibrated
R487,37,female,4,surface,3,22000,640,approve,58,True,5,5,5,5,6,5,4,6,6,4,5,5,5.08,False,17.2,calibrated
R487,37,female,4,surface,4,5000,590,deny,74,True,7,5,6,5,5,5,4,5,5,5,7,5,5.33,False,27.9,calibrated
R487,37,female,4,surface,5,30000,720,approve,88,True,5,6,5,6,7,6,6,5,6,6,6,5,5.75,True,5.1,calibrated
R487,37,female,4,surface,6,12000,655,deny,63,False,4,4,5,5,4,5,4,5,4,4,6,4,4.5,True,23.4,over-trust
R487,37,female,4,surface,7,9000,680,approve,77,True,4,6,6,6,6,5,6,5,6,5,6,6,5.58,True,14.0,calibrated
R487,37,female,4,surface,8,18000,600,approve,55,False,2,4,3,4,5,4,2,4,4,3,3,3,3.42,True,19.5,calibrated
R487,37,female,4,surface,9,7000,730,approve,94,True,7,5,5,6,6,7,6,6,6,7,7,6,6.17,False,11.3,calibrated
R487,37,female,4,surface,10,25000,620,deny,69,True,6,6,6,5,6,4,6,4,6,6,5,5,5.42,True,14.0,calibrated
R488,31,female,3,none,1,8000,610,deny,82,True,4,3,4,5,5,3,5,4,4,4,4,3,4,False,14.3,calibrated
R488,31,female,3,none,2,15000,705,approve,91,True,5,4,6,5,4,6,6,4,5,6,6,6,5.25,True,10.1,calibrated
R488,31,female,3,none,3,22000,640,approve,58,True,4,4,3,3,5,4,4,4,5,4,4,5,4.08,True,5.2,calibrated
R488,31,female,3,none,4,5000,590,deny,74,True,6,3,5,5,4,7,4,4,4,5,5,4,4.67,False,14.1,calibrated
R488,31,female,3,none,5,30000,720,approve,88,True,5,6,4,7,5,6,5,6,6,5,5,6,5.5,False,10.9,calibrated
R488,31,female,3,none,6,12000,655,deny,63,False,3,3,4,3,4,3,3,4,3,4,4,3,3.42,False,8.1,calibrated
R488,31,female,3,none,7,9000,680,approve,77,True,5,4,5,5,5,4,5,4,5,4,4,6,4.67,False,14.4,calibrated
R488,31,female,3,none,8,18000,600,approve,55,False,5,5,3,3,4,4,4,3,3,5,4,4,3.92,True,10.9,calibrated
R488,31,female,3,none,9,7000,730,approve,94,True,6,6,6,5,4,6,6,6,5,5,5,6,5.5,True,21.3,calibrated
R488,31,female,3,none,10,25000,620,deny,69,True,5,4,4,5,4,5,5,4,5,5,4,6,4.67,True,15.8,calibrated
R489,47,male,3,surface,1,8000,610,deny,82,True,6,6,6,6,6,5,5,5,7,6,5,5,5.67,True,12.9,calibrated
R489,47,male,3,surface,2,15000,705,approve,91,True,7,6,6,7,7,6,7,6,5,5,5,6,6.08,True,15.7,calibrated
R489,47,male,3,surface,3,22000,640,approve,58,True,5,5,4,5,5,5,5,6,4,6,5,5,5,True,11.1,calibrated
R489,47,male,3,surface,4,5000,590,deny,74,True,7,5,7,6,5,6,6,6,6,5,5,6,5.83,True,11.9,calibrated
R489,47,male,3,surface,5,30000,720,approve,88,True,5,6,7,6,6,6,6,7,6,5,6,7,6.08,True,11.7,calibrated
R489,47,male,3,surface,6,12000,655,deny,63,False,3,3,3,4,3,3,2,2,3,4,3,3,3,False,19.2,calibrated
R489,47,male,3,surface,7,9000,680,approve,77,True,6,3,4,4,3,7,4,4,5,5,5,4,4.5,False,22.6,calibrated
R489,47,male,3,surface,8,18000,600,approve,55,False,4,4,4,3,4,4,4,4,4,4,4,5,4,False,20.1,over-trust
R489,47,male,3,surface,9,7000,730,approve,94,True,6,6,6,6,7,5,7,6,7,6,7,7,6.33,True,18.6,calibrated
R489,47,male,3,surface,10,25000,620,deny,69,True,5,4,5,5,4,5,4,4,4,4,4,3,4.25,False,8.6,calibrated
R490,37,female,4,surface,1,8000,610,deny,82,True,5,6,6,5,6,5,7,6,4,5,5,7,5.58,True,19.3,calibrated
R490,37,female,4,surface,2,15000,705,approve,91,True,5,7,7,6,6,7,5,6,5,6,6,5,5.92,False,11.6,calibrated
R490,37,female,4,surface,3,22000,640,approve,58,True,5,5,5,5,5,4,4,5,4,6,6,5,4.92,False,13.4,calibrated
R490,37,female,4,surface,4,5000,590,deny,74,True,5,5,6,5,5,6,5,5,5,5,6,6,5.33,True,8.2,calibrated
R490,37,female,4,surface,5,30000,720,approve,88,True,6,6,6,7,6,6,7,7,7,7,5,7,6.42,True,13.8,calibrated
R490,37,female,4,surface,6,12000,655,deny,63,False,3,4,2,4,4,3,3,3,4,4,4,4,3.5,False,3.0,calibrated
R490,37,female,4,surface,7,9000,680,approve,77,True,5,7,5,5,5,6,6,5,5,6,7,5,5.58,True,22.0,calibrated
R490,37,female,4,surface,8,18000,600,approve,55,False,3,4,4,5,3,5,4,3,3,4,4,4,3.83,True,11.7,calibrated
R490,37,female,4,surface,9,7000,730,approve,94,True,6,5,7,5,5,6,5,6,5,6,6,6,5.67,True,19.2,calibrated
R490,37,female,4,surface,10,25000,620,deny,69,True,5,6,7,5,6,6,4,5,5,6,6,7,5.67,True,11.8,calibrated
R491,55,male,2,counterfactual,1,8000,610,deny,82,True,6,6,5,6,3,4,6,5,6,5,6,6,5.33,True,3.1,calibrated
R491,55,male,2,counterfactual,2,15000,705,approve,91,True,6,6,6,6,7,6,6,7,6,6,6,6,6.17,True,19.8,calibrated
R491,55,male,2,counterfactual,3,22000,640,approve,58,True,6,6,5,6,5,6,3,6,5,4,6,5,5.25,True,15.6,calibrated
R491,55,male,2,counterfactual,4,5000,590,deny,74,True,5,5,5,4,5,6,6,6,5,4,4,6,5.08,True,18.3,calibrated
R491,55,male,2,counterfactual,5,30000,720,approve,88,True,6,6,7,6,6,7,7,5,5,6,6,5,6,True,19.6,calibrated
R491,55,male,2,counterfactual,6,12000,655,deny,63,False,1,3,2,3,4,3,2,4,3,2,3,2,2.67,True,24.1,calibrated
R491,55,male,2,counterfactual,7,9000,680,approve,77,True,6,6,7,7,6,7,7,7,5,7,6,6,6.42,True,21.9,calibrated
R491,55,male,2,counterfactual,8,18000,600,approve,55,False,1,2,3,2,2,2,2,3,1,2,2,2,2,False,18.1,calibrated
R491,55,male,2,counterfactual,9,7000,730,approve,94,True,6,6,7,7,6,6,6,7,6,6,6,7,6.33,True,4.1,calibrated
R491,55,male,2,counterfactual,10,25000,620,deny,69,True,7,5,6,6,6,4,5,6,5,5,5,5,5.42,False,15.6,calibrated
R492,48,female,2,counterfactual,1,8000,610,deny,82,True,5,5,4,4,5,4,5,4,5,6,5,4,4.67,True,24.5,calibrated
R492,48,female,2,counterfactual,2,15000,705,approve,91,True,6,5,6,6,6,5,7,6,7,7,7,6,6.17,False,13.0,calibrated
R492,48,female,2,counterfactual,3,22000,640,approve,58,True,6,6,5,5,6,7,6,5,7,5,7,5,5.83,True,13.7,calibrated
R492,48,female,2,counterfactual,4,5000,590,deny,74,True,4,4,5,3,6,6,4,7,6,5,5,5,5,False,6.2,calibrated
R492,48,female,2,counterfactual,5,30000,720,approve,88,True,7,7,7,7,6,7,6,7,6,7,6,7,6.67,True,16.1,calibrated
R492,48,female,2,counterfactual,6,12000,655,deny,63,False,3,4,4,5,4,3,4,4,3,4,4,3,3.75,True,8.5,calibrated
R492,48,female,2,counterfactual,7,9000,680,approve,77,True,5,5,7,7,6,6,5,5,6,6,5,4,5.58,True,16.5,calibrated
R492,48,female,2,counterfactual,8,18000,600,approve,55,False,2,2,4,2,3,3,3,3,3,3,2,2,2.67,False,21.1,calibrated
R492,48,female,2,counterfactual,9,7000,730,approve,94,True,7,7,7,6,6,7,6,6,6,6,6,6,6.33,True,7.0,calibrated
R492,48,female,2,counterfactual,10,25000,620,deny,69,True,7,6,6,6,6,7,6,6,7,5,7,7,6.33,True,5.7,calibrated
R493,31,male,3,counterfactual,1,8000,610,deny,82,True,6,6,7,6,7,6,6,6,6,7,6,6,6.25,True,17.8,calibrated
R493,31,male,3,counterfactual,2,15000,705,approve,91,True,7,6,7,6,7,6,6,7,7,6,7,6,6.5,True,12.8,calibrated
R493,31,male,3,counterfactual,3,22000,640,approve,58,True,5,5,4,5,5,6,6,5,5,5,5,5,5.08,True,8.7,calibrated
R493,31,male,3,counterfactual,4,5000,590,deny,74,True,6,6,6,5,5,4,5,5,5,5,7,5,5.33,True,17.3,calibrated
R493,31,male,3,counterfactual,5,30000,720,approve,88,True,7,7,7,7,7,7,7,6,7,7,7,7,6.92,True,12.9,calibrated
R493,31,male,3,counterfactual,6,12000,655,deny,63,False,4,4,2,4,3,4,3,4,5,4,4,4,3.75,False,8.7,calibrated
R493,31,male,3,counterfactual,7,9000,680,approve,77,True,7,7,5,5,6,6,6,6,6,6,5,7,6,False,9.9,calibrated
R493,31,male,3,counterfactual,8,18000,600,approve,55,False,2,2,2,3,1,2,3,3,3,3,1,4,2.42,False,15.1,calibrated
R493,31,male,3,counterfactual,9,7000,730,approve,94,True,6,7,7,7,7,7,7,7,7,7,7,7,6.92,False,10.7,calibrated
R493,31,male,3,counterfactual,10,25000,620,deny,69,True,5,5,7,5,5,6,5,7,5,5,6,6,5.58,True,12.9,calibrated
R494,38,female,5,counterfactual,1,8000,610,deny,82,True,6,6,6,6,6,7,5,5,5,6,7,6,5.92,True,16.6,calibrated
R494,38,female,5,counterfactual,2,15000,705,approve,91,True,7,7,7,7,7,7,7,7,7,6,7,7,6.92,True,14.3,calibrated
R494,38,female,5,counterfactual,3,22000,640,approve,58,True,5,5,4,4,5,5,5,5,4,6,7,5,5,True,9.4,calibrated
R494,38,female,5,counterfactual,4,5000,590,deny,74,True,6,6,5,6,6,5,7,5,6,6,5,5,5.67,True,16.7,calibrated
R494,38,female,5,counterfactual,5,30000,720,approve,88,True,6,7,6,7,7,6,7,6,6,6,6,7,6.42,True,14.6,calibrated
R494,38,female,5,counterfactual,6,12000,655,deny,63,False,4,3,3,3,3,4,4,4,4,3,3,4,3.5,False,20.7,calibrated
R494,38,female,5,counterfactual,7,9000,680,approve,77,True,6,5,6,6,3,6,5,5,5,7,6,5,5.42,False,11.5,calibrated
R494,38,female,5,counterfactual,8,18000,600,approve,55,False,3,2,4,3,4,3,3,3,3,3,4,2,3.08,False,18.9,calibrated
R494,38,female,5,counterfactual,9,7000,730,approve,94,True,7,7,7,7,6,6,7,7,7,7,7,6,6.75,False,16.4,calibrated
R494,38,female,5,counterfactual,10,25000,620,deny,69,True,4,6,6,5,4,6,6,6,7,7,6,6,5.75,False,17.1,calibrated
R495,42,female,2,surface,1,8000,610,deny,82,True,6,6,5,6,5,5,7,5,6,7,5,5,5.67,True,11.1,calibrated
R495,42,female,2,surface,2,15000,705,approve,91,True,6,5,6,5,6,5,5,6,6,5,4,5,5.33,True,16.6,calibrated
R495,42,female,2,surface,3,22000,640,approve,58,True,5,6,4,5,5,4,5,6,5,5,5,5,5,True,19.9,calibrated
R495,42,female,2,surface,4,5000,590,deny,74,True,5,6,6,5,5,5,6,5,6,5,5,5,5.33,True,5.6,calibrated
R495,42,female,2,surface,5,30000,720,approve,88,True,5,4,5,4,4,5,5,5,4,5,5,5,4.67,False,10.0,calibrated
R495,42,female,2,surface,6,12000,655,deny,63,False,4,5,3,3,3,5,3,5,5,4,4,4,4,False,16.4,over-trust
R495,42,female,2,surface,7,9000,680,approve,77,True,4,6,5,5,5,5,5,5,5,4,6,6,5.08,False,10.1,calibrated
R495,42,female,2,surface,8,18000,600,approve,55,False,2,2,3,3,3,2,3,4,3,3,4,3,2.92,False,13.6,calibrated
R495,42,female,2,surface,9,7000,730,approve,94,True,5,6,6,5,6,7,5,6,6,7,6,6,5.92,True,15.3,calibrated
R495,42,female,2,surface,10,25000,620,deny,69,True,4,4,3,5,5,5,6,5,4,5,5,6,4.75,True,14.1,calibrated
R496,55,female,4,counterfactual,1,8000,610,deny,82,True,6,7,7,6,7,7,6,6,6,7,6,7,6.5,True,3.7,calibrated
R496,55,female,4,counterfactual,2,15000,705,approve,91,True,6,5,7,5,5,6,7,7,6,5,6,5,5.83,False,11.2,calibrated
R496,55,female,4,counterfactual,3,22000,640,approve,58,True,6,5,5,6,7,7,6,5,7,4,5,6,5.75,True,20.4,calibrated
R496,55,female,4,counterfactual,4,5000,590,deny,74,True,5,6,5,6,7,5,6,5,5,6,6,6,5.67,True,6.0,calibrated
R496,55,female,4,counterfactual,5,30000,720,approve,88,True,6,6,7,7,6,6,5,7,7,7,6,6,6.33,True,20.6,calibrated
R496,55,female,4,counterfactual,6,12000,655,deny,63,False,4,4,3,3,3,3,3,3,2,4,4,2,3.17,False,11.6,calibrated
R496,55,female,4,counterfactual,7,9000,680,approve,77,True,6,7,5,5,6,6,6,5,7,6,6,7,6,True,11.7,calibrated
R496,55,female,4,counterfactual,8,18000,600,approve,55,False,4,2,2,1,2,1,3,2,3,3,2,2,2.25,False,22.1,calibrated
R496,55,female,4,counterfactual,9,7000,730,approve,94,True,7,7,6,6,5,5,5,6,6,4,6,7,5.83,False,3.8,calibrated
R496,55,female,4,counterfactual,10,25000,620,deny,69,True,6,6,6,5,6,6,5,6,7,6,5,6,5.83,True,14.8,calibrated
R497,35,female,3,counterfactual,1,8000,610,deny,82,True,7,7,5,6,6,7,6,6,5,5,6,5,5.92,True,9.7,calibrated
R497,35,female,3,counterfactual,2,15000,705,approve,91,True,6,7,7,5,7,6,6,7,6,7,7,6,6.42,True,9.7,calibrated
R497,35,female,3,counterfactual,3,22000,640,approve,58,True,6,5,6,5,4,5,5,5,5,6,5,7,5.33,True,18.9,calibrated
R497,35,female,3,counterfactual,4,5000,590,deny,74,True,6,6,7,6,7,6,6,6,7,7,7,6,6.42,True,17.1,calibrated
R497,35,female,3,counterfactual,5,30000,720,approve,88,True,6,5,6,6,6,6,7,6,6,7,6,6,6.08,True,24.0,calibrated
R497,35,female,3,counterfactual,6,12000,655,deny,63,False,3,3,3,3,2,2,2,2,3,2,1,3,2.42,False,18.8,calibrated
R497,35,female,3,counterfactual,7,9000,680,approve,77,True,5,6,5,6,5,7,5,6,5,6,6,5,5.58,True,16.7,calibrated
R497,35,female,3,counterfactual,8,18000,600,approve,55,False,2,1,3,4,3,2,3,2,2,3,4,3,2.67,False,8.2,calibrated
R497,35,female,3,counterfactual,9,7000,730,approve,94,True,7,5,7,7,7,5,5,6,7,5,6,7,6.17,True,16.8,calibrated
R497,35,female,3,counterfactual,10,25000,620,deny,69,True,5,7,7,7,7,6,6,7,5,5,6,6,6.17,True,20.7,calibrated
R498,31,male,3,surface,1,8000,610,deny,82,True,6,6,5,6,4,5,7,4,5,5,6,6,5.42,False,16.9,calibrated
R498,31,male,3,surface,2,15000,705,approve,91,True,6,5,6,6,4,5,5,6,6,6,5,7,5.58,False,19.0,calibrated
R498,31,male,3,surface,3,22000,640,approve,58,True,5,5,4,4,5,4,6,5,5,5,5,4,4.75,True,14.6,calibrated
R498,31,male,3,surface,4,5000,590,deny,74,True,6,4,5,5,6,5,6,4,5,6,5,5,5.17,False,11.7,calibrated
R498,31,male,3,surface,5,30000,720,approve,88,True,5,6,6,6,6,6,6,5,7,5,5,6,5.75,False,6.3,calibrated
R498,31,male,3,surface,6,12000,655,deny,63,False,4,3,3,2,3,4,2,4,2,3,4,4,3.17,False,12.2,calibrated
R498,31,male,3,surface,7,9000,680,approve,77,True,6,6,5,7,6,5,6,7,6,6,6,6,6,True,14.0,calibrated
R498,31,male,3,surface,8,18000,600,approve,55,False,3,4,2,3,3,4,3,3,2,4,4,2,3.08,True,20.2,calibrated
R498,31,male,3,surface,9,7000,730,approve,94,True,5,7,5,5,7,7,5,7,6,6,6,6,6,False,5.2,calibrated
R498,31,male,3,surface,10,25000,620,deny,69,True,6,5,6,6,5,6,4,6,5,5,5,6,5.42,True,18.2,calibrated
R499,50,male,2,counterfactual,1,8000,610,deny,82,True,5,5,6,5,6,6,6,5,5,5,6,6,5.5,True,13.7,calibrated
R499,50,male,2,counterfactual,2,15000,705,approve,91,True,6,5,7,7,6,6,6,6,6,7,7,6,6.25,True,10.2,calibrated
R499,50,male,2,counterfactual,3,22000,640,approve,58,True,4,4,5,6,5,5,5,4,6,5,5,6,5,True,5.5,calibrated
R499,50,male,2,counterfactual,4,5000,590,deny,74,True,6,6,6,7,5,5,6,6,5,6,7,6,5.92,True,19.2,calibrated
R499,50,male,2,counterfactual,5,30000,720,approve,88,True,5,6,6,6,6,6,6,7,6,7,6,7,6.17,True,7.5,calibrated
R499,50,male,2,counterfactual,6,12000,655,deny,63,False,2,3,2,2,1,1,2,3,2,2,1,2,1.92,False,9.5,calibrated
R499,50,male,2,counterfactual,7,9000,680,approve,77,True,6,5,6,6,6,5,5,6,5,6,5,5,5.5,True,14.5,calibrated
R499,50,male,2,counterfactual,8,18000,600,approve,55,False,3,2,3,3,4,2,3,2,3,2,3,2,2.67,False,3,calibrated
R499,50,male,2,counterfactual,9,7000,730,approve,94,True,7,6,7,7,7,7,7,7,7,6,7,6,6.75,True,17.4,calibrated
R499,50,male,2,counterfactual,10,25000,620,deny,69,True,6,7,5,5,5,7,6,6,6,6,5,7,5.92,True,16.9,calibrated
R500,37,male,1,none,1,8000,610,deny,82,True,4,5,5,7,5,5,7,6,6,4,6,4,5.33,True,18.5,calibrated
R500,37,male,1,none,2,15000,705,approve,91,True,5,5,5,6,5,4,6,6,6,5,6,5,5.33,False,23.5,calibrated
R500,37,male,1,none,3,22000,640,approve,58,True,5,4,4,4,3,4,4,4,4,3,4,5,4,True,12.8,calibrated
R500,37,male,1,none,4,5000,590,deny,74,True,6,5,5,4,7,5,5,4,4,4,6,4,4.92,False,9.3,calibrated
R500,37,male,1,none,5,30000,720,approve,88,True,5,5,6,5,5,6,7,5,6,6,5,6,5.58,True,12.5,calibrated
R500,37,male,1,none,6,12000,655,deny,63,False,4,3,4,5,4,4,3,4,5,4,3,4,3.92,False,13.4,calibrated
R500,37,male,1,none,7,9000,680,approve,77,True,4,5,5,5,5,5,4,5,5,4,5,7,4.92,True,20.4,calibrated
R500,37,male,1,none,8,18000,600,approve,55,False,5,4,4,3,6,4,3,3,3,4,5,4,4,False,13.5,over-trust
R500,37,male,1,none,9,7000,730,approve,94,True,3,6,5,5,5,5,5,5,5,5,5,5,4.92,True,19.3,calibrated
R500,37,male,1,none,10,25000,620,deny,69,True,6,4,5,3,5,5,5,6,6,5,5,5,5,False,14.3,calibrated
R501,40,male,2,none,1,8000,610,deny,82,True,7,5,4,6,5,5,6,5,6,5,5,6,5.42,True,11.2,calibrated
R501,40,male,2,none,2,15000,705,approve,91,True,5,6,6,6,4,5,5,5,5,6,4,5,5.17,True,16.7,calibrated
R501,40,male,2,none,3,22000,640,approve,58,True,5,5,4,5,7,5,4,4,5,5,6,5,5,True,20.0,calibrated
R501,40,male,2,none,4,5000,590,deny,74,True,5,5,5,4,5,5,5,4,5,4,6,4,4.75,True,15.0,calibrated
R501,40,male,2,none,5,30000,720,approve,88,True,6,7,6,4,4,5,4,5,5,5,6,5,5.17,True,11.4,calibrated
R501,40,male,2,none,6,12000,655,deny,63,False,5,4,4,4,4,5,4,4,4,3,4,5,4.17,True,18.8,over-trust
R501,40,male,2,none,7,9000,680,approve,77,True,5,4,5,5,6,5,4,4,4,5,5,5,4.75,True,17.8,calibrated
R501,40,male,2,none,8,18000,600,approve,55,False,4,5,3,3,5,4,3,2,3,3,4,3,3.5,True,16.9,calibrated
R501,40,male,2,none,9,7000,730,approve,94,True,6,5,4,5,5,6,5,5,4,4,4,4,4.75,False,10.8,calibrated
R501,40,male,2,none,10,25000,620,deny,69,True,5,5,4,5,4,3,4,4,4,4,4,3,4.08,True,22.3,calibrated
R502,31,male,2,none,1,8000,610,deny,82,True,6,6,5,4,4,4,5,5,6,5,5,4,4.92,True,11.7,calibrated
R502,31,male,2,none,2,15000,705,approve,91,True,5,7,6,5,6,5,6,6,7,5,5,6,5.75,True,15.1,calibrated
R502,31,male,2,none,3,22000,640,approve,58,True,3,3,4,4,5,4,6,5,5,5,5,4,4.42,False,18.7,calibrated
R502,31,male,2,none,4,5000,590,deny,74,True,5,5,4,5,5,5,4,4,7,5,6,4,4.92,True,15.9,calibrated
R502,31,male,2,none,5,30000,720,approve,88,True,5,6,5,5,6,6,5,6,6,5,5,4,5.33,True,16.5,calibrated
R502,31,male,2,none,6,12000,655,deny,63,False,4,4,2,5,5,3,2,3,5,4,4,4,3.75,True,15.6,calibrated
R502,31,male,2,none,7,9000,680,approve,77,True,6,4,6,5,6,5,6,5,4,5,5,5,5.17,False,8.1,calibrated
R502,31,male,2,none,8,18000,600,approve,55,False,6,5,5,4,5,5,5,4,2,3,5,4,4.42,False,18.8,over-trust
R502,31,male,2,none,9,7000,730,approve,94,True,5,6,4,6,5,6,6,7,7,4,5,6,5.58,True,10.0,calibrated
R502,31,male,2,none,10,25000,620,deny,69,True,3,5,5,5,5,4,4,4,4,4,4,5,4.33,True,16.7,calibrated
R503,22,female,3,surface,1,8000,610,deny,82,True,6,7,6,6,7,6,5,6,7,7,6,7,6.33,True,8.1,calibrated
R503,22,female,3,surface,2,15000,705,approve,91,True,6,5,5,7,6,6,5,6,5,5,7,6,5.75,False,11.5,calibrated
R503,22,female,3,surface,3,22000,640,approve,58,True,5,6,6,5,6,5,5,4,5,6,5,5,5.25,True,18.7,calibrated
R503,22,female,3,surface,4,5000,590,deny,74,True,6,5,5,5,6,4,6,5,6,6,5,5,5.33,True,10.3,calibrated
R503,22,female,3,surface,5,30000,720,approve,88,True,7,6,5,5,6,5,6,5,4,6,4,6,5.42,False,21.0,calibrated
R503,22,female,3,surface,6,12000,655,deny,63,False,3,4,4,4,3,4,4,4,5,5,4,5,4.08,False,12.4,over-trust
R503,22,female,3,surface,7,9000,680,approve,77,True,4,4,6,4,5,5,7,5,5,4,5,3,4.75,True,13.1,calibrated
R503,22,female,3,surface,8,18000,600,approve,55,False,2,3,2,4,3,2,2,3,4,3,4,3,2.92,False,8.2,calibrated
R503,22,female,3,surface,9,7000,730,approve,94,True,5,6,5,7,7,6,5,6,7,5,6,6,5.92,True,6.7,calibrated
R503,22,female,3,surface,10,25000,620,deny,69,True,5,5,5,5,4,5,6,5,5,6,4,5,5,False,17.9,calibrated
R504,40,female,4,none,1,8000,610,deny,82,True,6,4,4,5,4,5,5,4,3,5,4,3,4.33,True,16.4,calibrated
R504,40,female,4,none,2,15000,705,approve,91,True,5,5,6,6,5,6,4,5,6,4,6,4,5.17,True,12.9,calibrated
R504,40,female,4,none,3,22000,640,approve,58,True,5,6,5,6,5,5,5,5,4,5,4,4,4.92,False,14.3,calibrated
R504,40,female,4,none,4,5000,590,deny,74,True,5,5,4,5,5,5,5,5,6,5,5,5,5,True,10.3,calibrated
R504,40,female,4,none,5,30000,720,approve,88,True,6,5,5,7,5,5,5,5,5,5,5,6,5.33,False,14.1,calibrated
R504,40,female,4,none,6,12000,655,deny,63,False,4,4,5,4,5,4,4,4,6,3,5,4,4.33,False,16.9,over-trust
R504,40,female,4,none,7,9000,680,approve,77,True,7,6,6,5,5,5,4,5,4,6,5,6,5.33,True,10.0,calibrated
R504,40,female,4,none,8,18000,600,approve,55,False,3,4,3,3,3,3,2,4,3,3,3,4,3.17,False,12.6,calibrated
R504,40,female,4,none,9,7000,730,approve,94,True,6,5,6,6,6,5,6,6,6,6,6,5,5.75,True,15.7,calibrated
R504,40,female,4,none,10,25000,620,deny,69,True,4,5,4,4,4,4,5,4,5,5,5,5,4.5,False,12.1,calibrated
R505,61,male,5,surface,1,8000,610,deny,82,True,7,6,5,6,5,6,6,7,6,6,5,6,5.92,True,13.6,calibrated
R505,61,male,5,surface,2,15000,705,approve,91,True,6,4,6,7,4,4,5,5,5,5,5,5,5.08,False,14.5,calibrated
R505,61,male,5,surface,3,22000,640,approve,58,True,5,5,5,4,4,5,5,5,6,4,5,5,4.83,False,15.1,calibrated
R505,61,male,5,surface,4,5000,590,deny,74,True,6,5,6,4,5,6,5,4,4,5,5,6,5.08,True,20.7,calibrated
R505,61,male,5,surface,5,30000,720,approve,88,True,6,6,7,7,5,5,6,6,7,7,7,6,6.25,True,6.4,calibrated
R505,61,male,5,surface,6,12000,655,deny,63,False,3,3,3,4,3,4,3,3,4,4,1,4,3.25,False,12.8,calibrated
R505,61,male,5,surface,7,9000,680,approve,77,True,6,7,6,6,6,5,6,6,6,6,6,5,5.92,True,19.0,calibrated
R505,61,male,5,surface,8,18000,600,approve,55,False,4,3,4,2,4,3,4,4,4,3,2,2,3.25,False,23.7,calibrated
R505,61,male,5,surface,9,7000,730,approve,94,True,4,6,5,5,5,5,5,5,5,5,6,6,5.17,True,13.9,calibrated
R505,61,male,5,surface,10,25000,620,deny,69,True,5,6,5,5,6,5,6,5,6,6,4,4,5.25,True,16.4,calibrated
R506,39,female,4,surface,1,8000,610,deny,82,True,7,6,6,6,5,7,6,6,7,6,6,5,6.08,True,13.6,calibrated
R506,39,female,4,surface,2,15000,705,approve,91,True,6,7,6,7,7,7,6,7,7,6,7,5,6.5,True,15.6,calibrated
R506,39,female,4,surface,3,22000,640,approve,58,True,5,5,4,4,5,4,5,5,5,4,5,6,4.75,True,17.2,calibrated
R506,39,female,4,surface,4,5000,590,deny,74,True,6,4,4,5,5,5,6,5,4,4,4,5,4.75,False,10.4,calibrated
R506,39,female,4,surface,5,30000,720,approve,88,True,6,7,6,6,6,6,6,6,7,6,7,7,6.33,True,6.0,calibrated
R506,39,female,4,surface,6,12000,655,deny,63,False,3,2,3,2,3,4,2,3,2,3,3,3,2.75,False,23.2,calibrated
R506,39,female,4,surface,7,9000,680,approve,77,True,5,4,6,7,6,5,5,5,6,5,6,6,5.5,True,10.2,calibrated
R506,39,female,4,surface,8,18000,600,approve,55,False,5,5,4,3,3,5,3,6,4,4,5,5,4.33,False,25.6,over-trust
R506,39,female,4,surface,9,7000,730,approve,94,True,6,5,6,6,7,7,6,6,7,6,7,6,6.25,True,10.7,calibrated
R506,39,female,4,surface,10,25000,620,deny,69,True,5,5,6,6,4,6,5,5,4,4,5,6,5.08,False,18.7,calibrated
R507,36,male,2,none,1,8000,610,deny,82,True,5,6,5,6,6,6,6,7,5,6,6,6,5.83,True,19.1,calibrated
R507,36,male,2,none,2,15000,705,approve,91,True,4,6,5,5,5,5,4,6,4,6,5,4,4.92,True,18.1,calibrated
R507,36,male,2,none,3,22000,640,approve,58,True,4,5,4,4,4,4,4,5,4,4,4,3,4.08,True,9.9,calibrated
R507,36,male,2,none,4,5000,590,deny,74,True,5,3,5,4,4,4,5,5,4,5,3,4,4.25,False,22.9,calibrated
R507,36,male,2,none,5,30000,720,approve,88,True,6,5,5,4,5,5,6,4,4,5,5,6,5,True,11.0,calibrated
R507,36,male,2,none,6,12000,655,deny,63,False,3,4,5,4,5,4,5,4,5,3,4,5,4.25,False,6.8,over-trust
R507,36,male,2,none,7,9000,680,approve,77,True,4,5,6,4,6,4,5,5,5,6,6,5,5.08,False,11.1,calibrated
R507,36,male,2,none,8,18000,600,approve,55,False,4,3,2,3,3,3,3,4,2,4,3,4,3.17,False,17.6,calibrated
R507,36,male,2,none,9,7000,730,approve,94,True,6,5,5,5,4,6,5,5,6,5,5,5,5.17,True,12.5,calibrated
R507,36,male,2,none,10,25000,620,deny,69,True,4,5,5,4,5,3,5,4,5,4,4,4,4.33,False,8.4,calibrated
R508,34,male,4,none,1,8000,610,deny,82,True,5,5,4,6,4,5,5,5,5,5,6,5,5,True,7.7,calibrated
R508,34,male,4,none,2,15000,705,approve,91,True,5,5,5,5,6,5,5,6,5,6,6,3,5.17,True,11.1,calibrated
R508,34,male,4,none,3,22000,640,approve,58,True,5,5,5,5,4,4,4,6,6,5,4,4,4.75,True,12.6,calibrated
R508,34,male,4,none,4,5000,590,deny,74,True,6,5,5,6,5,4,5,4,5,5,5,5,5,True,13.3,calibrated
R508,34,male,4,none,5,30000,720,approve,88,True,6,4,5,6,5,5,7,6,5,5,6,7,5.58,True,9.2,calibrated
R508,34,male,4,none,6,12000,655,deny,63,False,4,3,2,3,3,4,4,3,5,4,3,3,3.42,False,14.2,calibrated
R508,34,male,4,none,7,9000,680,approve,77,True,4,4,4,6,5,5,4,2,4,4,5,4,4.25,True,9.6,calibrated
R508,34,male,4,none,8,18000,600,approve,55,False,3,4,3,4,3,4,4,4,4,4,2,5,3.67,True,14.7,calibrated
R508,34,male,4,none,9,7000,730,approve,94,True,6,6,6,6,6,5,6,5,6,6,5,6,5.75,True,12.6,calibrated
R508,34,male,4,none,10,25000,620,deny,69,True,5,5,5,5,5,4,5,5,6,6,6,5,5.17,True,18.7,calibrated
R509,33,female,4,none,1,8000,610,deny,82,True,6,5,5,6,6,6,6,6,5,6,5,6,5.67,True,16.0,calibrated
R509,33,female,4,none,2,15000,705,approve,91,True,4,5,4,5,4,5,5,5,4,4,3,5,4.42,True,8.4,calibrated
R509,33,female,4,none,3,22000,640,approve,58,True,4,5,5,4,5,4,3,5,5,5,5,4,4.5,True,18.6,calibrated
R509,33,female,4,none,4,5000,590,deny,74,True,5,5,6,6,5,6,6,6,6,5,5,5,5.5,True,16.0,calibrated
R509,33,female,4,none,5,30000,720,approve,88,True,6,6,5,6,5,5,5,6,7,5,5,5,5.5,False,22.3,calibrated
R509,33,female,4,none,6,12000,655,deny,63,False,4,4,3,4,5,4,4,5,4,5,4,5,4.25,False,11.6,over-trust
R509,33,female,4,none,7,9000,680,approve,77,True,4,6,6,5,4,5,6,6,5,4,5,5,5.08,True,12.4,calibrated
R509,33,female,4,none,8,18000,600,approve,55,False,4,4,3,3,4,4,4,4,4,4,3,4,3.75,True,12.8,calibrated
R509,33,female,4,none,9,7000,730,approve,94,True,6,6,6,6,4,7,6,5,5,5,5,6,5.58,True,10.3,calibrated
R509,33,female,4,none,10,25000,620,deny,69,True,5,5,4,4,4,5,6,4,4,4,4,5,4.5,True,12.3,calibrated
R510,28,male,3,none,1,8000,610,deny,82,True,6,6,6,5,6,5,6,5,7,6,5,6,5.75,True,20.2,calibrated
R510,28,male,3,none,2,15000,705,approve,91,True,6,6,6,7,6,7,6,6,7,7,5,6,6.25,True,7.5,calibrated
R510,28,male,3,none,3,22000,640,approve,58,True,3,4,5,6,4,6,4,4,4,4,5,4,4.42,False,11.7,calibrated
R510,28,male,3,none,4,5000,590,deny,74,True,5,6,5,5,6,5,5,5,4,7,4,7,5.33,False,9.2,calibrated
R510,28,male,3,none,5,30000,720,approve,88,True,6,5,6,5,5,4,4,6,4,4,6,5,5,True,9.8,calibrated
R510,28,male,3,none,6,12000,655,deny,63,False,5,3,4,3,5,4,4,3,6,5,4,3,4.08,True,14.3,over-trust
R510,28,male,3,none,7,9000,680,approve,77,True,5,5,6,5,5,6,6,5,6,5,6,4,5.33,True,16.0,calibrated
R510,28,male,3,none,8,18000,600,approve,55,False,3,2,2,3,3,4,4,2,3,4,5,3,3.17,False,8.6,calibrated
R510,28,male,3,none,9,7000,730,approve,94,True,6,7,6,7,7,7,5,7,7,5,7,5,6.33,True,17.9,calibrated
R510,28,male,3,none,10,25000,620,deny,69,True,3,4,4,5,5,5,4,6,5,4,3,3,4.25,False,9.3,calibrated
R511,51,male,3,counterfactual,1,8000,610,deny,82,True,7,6,5,7,7,7,7,5,5,7,7,6,6.33,True,10.1,calibrated
R511,51,male,3,counterfactual,2,15000,705,approve,91,True,7,5,7,7,6,6,6,7,5,5,7,6,6.17,True,11.5,calibrated
R511,51,male,3,counterfactual,3,22000,640,approve,58,True,5,6,7,5,5,6,4,5,5,5,5,7,5.42,False,3,calibrated
R511,51,male,3,counterfactual,4,5000,590,deny,74,True,6,6,6,7,5,5,6,6,6,5,6,5,5.75,True,9.5,calibrated
R511,51,male,3,counterfactual,5,30000,720,approve,88,True,7,7,6,6,7,7,6,6,6,7,5,7,6.42,True,12.6,calibrated
R511,51,male,3,counterfactual,6,12000,655,deny,63,False,3,3,2,2,2,3,1,2,3,4,3,2,2.5,True,18.9,calibrated
R511,51,male,3,counterfactual,7,9000,680,approve,77,True,6,5,7,5,5,7,6,6,6,6,7,6,6,False,7.7,calibrated
R511,51,male,3,counterfactual,8,18000,600,approve,55,False,2,2,3,2,3,3,2,2,3,1,3,4,2.5,False,15.4,calibrated
R511,51,male,3,counterfactual,9,7000,730,approve,94,True,7,7,7,6,6,6,6,6,7,6,6,7,6.42,True,25.2,calibrated
R511,51,male,3,counterfactual,10,25000,620,deny,69,True,6,5,6,6,6,6,5,5,5,6,7,6,5.75,True,13.1,calibrated
R512,19,male,4,none,1,8000,610,deny,82,True,5,5,4,4,5,4,3,5,4,4,5,4,4.33,True,14.8,calibrated
R512,19,male,4,none,2,15000,705,approve,91,True,7,6,5,6,6,6,6,6,6,6,6,5,5.92,True,12.4,calibrated
R512,19,male,4,none,3,22000,640,approve,58,True,4,5,5,5,5,4,5,5,5,3,4,4,4.5,True,6.6,calibrated
R512,19,male,4,none,4,5000,590,deny,74,True,4,4,5,5,4,4,5,3,4,4,4,4,4.17,True,16.9,calibrated
R512,19,male,4,none,5,30000,720,approve,88,True,4,6,6,5,6,5,5,7,6,6,6,7,5.75,True,11.0,calibrated
R512,19,male,4,none,6,12000,655,deny,63,False,3,4,3,4,4,6,5,4,4,3,4,3,3.92,True,12.8,calibrated
R512,19,male,4,none,7,9000,680,approve,77,True,6,6,6,5,5,5,5,5,5,5,5,6,5.33,True,10.7,calibrated
R512,19,male,4,none,8,18000,600,approve,55,False,5,5,3,4,5,3,4,3,4,4,4,3,3.92,True,10.5,calibrated
R512,19,male,4,none,9,7000,730,approve,94,True,6,5,5,6,6,7,5,5,4,6,4,6,5.42,True,22.5,calibrated
R512,19,male,4,none,10,25000,620,deny,69,True,4,4,5,4,3,3,6,4,4,4,4,4,4.08,True,18.7,calibrated
R513,35,male,4,counterfactual,1,8000,610,deny,82,True,6,6,6,7,5,6,7,5,6,7,7,6,6.17,True,23.0,calibrated
R513,35,male,4,counterfactual,2,15000,705,approve,91,True,7,6,6,6,6,6,6,7,7,6,7,6,6.33,True,14.6,calibrated
R513,35,male,4,counterfactual,3,22000,640,approve,58,True,6,5,5,5,4,5,5,5,5,4,7,5,5.08,True,10.8,calibrated
R513,35,male,4,counterfactual,4,5000,590,deny,74,True,5,5,6,5,5,5,6,6,5,6,4,5,5.25,True,8.1,calibrated
R513,35,male,4,counterfactual,5,30000,720,approve,88,True,7,6,6,7,7,7,7,7,7,6,7,7,6.75,True,8.8,calibrated
R513,35,male,4,counterfactual,6,12000,655,deny,63,False,3,3,3,3,4,2,4,4,2,3,3,4,3.17,False,14.6,calibrated
R513,35,male,4,counterfactual,7,9000,680,approve,77,True,7,6,6,7,6,7,7,7,5,6,5,6,6.25,True,16.4,calibrated
R513,35,male,4,counterfactual,8,18000,600,approve,55,False,2,3,4,3,3,2,2,3,3,2,4,2,2.75,False,7.8,calibrated
R513,35,male,4,counterfactual,9,7000,730,approve,94,True,6,6,7,7,6,7,7,7,7,6,6,7,6.58,True,5.1,calibrated
R513,35,male,4,counterfactual,10,25000,620,deny,69,True,5,5,4,5,6,5,5,6,5,6,5,5,5.17,True,17.6,calibrated
R514,18,female,5,none,1,8000,610,deny,82,True,7,5,7,5,5,5,7,5,5,5,4,6,5.5,True,17.7,calibrated
R514,18,female,5,none,2,15000,705,approve,91,True,5,6,5,6,5,5,5,7,4,5,5,4,5.17,False,13.8,calibrated
R514,18,female,5,none,3,22000,640,approve,58,True,6,5,5,4,5,5,5,6,5,5,5,4,5,False,8.5,calibrated
R514,18,female,5,none,4,5000,590,deny,74,True,6,5,6,6,5,3,3,6,4,4,4,5,4.75,True,11.2,calibrated
R514,18,female,5,none,5,30000,720,approve,88,True,5,6,5,6,4,5,6,5,5,5,5,5,5.17,False,16.6,calibrated
R514,18,female,5,none,6,12000,655,deny,63,False,3,4,5,3,3,3,4,3,4,4,5,4,3.75,True,10.7,calibrated
R514,18,female,5,none,7,9000,680,approve,77,True,5,4,4,5,4,4,3,5,4,5,4,5,4.33,True,19.3,calibrated
R514,18,female,5,none,8,18000,600,approve,55,False,4,4,3,4,3,5,3,3,2,3,4,3,3.42,False,17.6,calibrated
R514,18,female,5,none,9,7000,730,approve,94,True,6,5,5,7,5,6,7,6,6,6,6,5,5.83,True,16.1,calibrated
R514,18,female,5,none,10,25000,620,deny,69,True,4,6,6,5,5,6,5,6,5,6,5,6,5.42,False,12.9,calibrated
R515,27,male,3,none,1,8000,610,deny,82,True,7,4,5,5,6,5,4,5,6,5,5,6,5.25,True,20.7,calibrated
R515,27,male,3,none,2,15000,705,approve,91,True,7,5,6,5,4,5,4,5,7,5,6,6,5.42,False,10.4,calibrated
R515,27,male,3,none,3,22000,640,approve,58,True,4,5,3,4,5,5,4,4,6,4,5,5,4.5,True,12.3,calibrated
R515,27,male,3,none,4,5000,590,deny,74,True,5,5,4,6,4,5,4,5,6,6,6,6,5.17,False,14.1,calibrated
R515,27,male,3,none,5,30000,720,approve,88,True,5,5,6,6,6,5,5,6,6,5,7,6,5.67,True,18.7,calibrated
R515,27,male,3,none,6,12000,655,deny,63,False,4,4,4,4,5,4,4,5,4,4,5,5,4.33,True,10.5,over-trust
R515,27,male,3,none,7,9000,680,approve,77,True,7,3,6,5,5,4,6,5,4,5,5,5,5,True,18.6,calibrated
R515,27,male,3,none,8,18000,600,approve,55,False,3,4,4,3,4,2,4,3,4,2,2,3,3.17,False,17.7,calibrated
R515,27,male,3,none,9,7000,730,approve,94,True,5,6,6,5,5,5,5,6,6,5,5,4,5.25,False,21.8,calibrated
R515,27,male,3,none,10,25000,620,deny,69,True,5,5,4,5,5,6,5,5,4,6,6,5,5.08,True,3,calibrated
R516,30,female,1,none,1,8000,610,deny,82,True,4,5,4,5,4,3,4,3,4,4,5,5,4.17,True,3,calibrated
R516,30,female,1,none,2,15000,705,approve,91,True,3,5,5,4,5,5,3,5,4,5,5,4,4.42,True,12.0,calibrated
R516,30,female,1,none,3,22000,640,approve,58,True,3,3,5,5,3,4,3,3,4,4,4,5,3.83,True,20.7,under-trust
R516,30,female,1,none,4,5000,590,deny,74,True,5,5,4,4,4,4,4,5,3,4,4,3,4.08,False,24.1,calibrated
R516,30,female,1,none,5,30000,720,approve,88,True,6,6,6,7,6,7,4,5,5,5,5,5,5.58,True,12.0,calibrated
R516,30,female,1,none,6,12000,655,deny,63,False,4,5,5,5,4,4,5,5,5,4,4,3,4.42,True,17.0,over-trust
R516,30,female,1,none,7,9000,680,approve,77,True,4,6,4,4,4,5,4,7,6,5,6,4,4.92,True,23.9,calibrated
R516,30,female,1,none,8,18000,600,approve,55,False,4,4,4,3,3,3,4,3,4,4,5,4,3.75,False,12.6,calibrated
R516,30,female,1,none,9,7000,730,approve,94,True,6,5,6,5,5,6,7,5,6,5,5,6,5.58,True,17.4,calibrated
R516,30,female,1,none,10,25000,620,deny,69,True,5,5,6,4,6,6,5,4,5,4,6,4,5,False,12.9,calibrated
R517,40,female,3,none,1,8000,610,deny,82,True,5,5,7,5,6,6,6,5,7,5,5,6,5.67,True,11.9,calibrated
R517,40,female,3,none,2,15000,705,approve,91,True,4,5,5,5,5,5,6,6,5,7,5,5,5.25,True,6.5,calibrated
R517,40,female,3,none,3,22000,640,approve,58,True,5,5,5,6,5,4,4,5,5,5,5,5,4.92,False,12.8,calibrated
R517,40,female,3,none,4,5000,590,deny,74,True,4,5,5,5,4,5,5,6,4,5,6,6,5,True,9.6,calibrated
R517,40,female,3,none,5,30000,720,approve,88,True,4,5,4,6,4,5,5,5,5,4,5,4,4.67,False,17.4,calibrated
R517,40,female,3,none,6,12000,655,deny,63,False,3,4,4,4,4,4,4,5,4,5,5,3,4.08,True,8.8,over-trust
R517,40,female,3,none,7,9000,680,approve,77,True,6,4,5,5,5,5,5,6,5,6,4,4,5,False,20.7,calibrated
R517,40,female,3,none,8,18000,600,approve,55,False,6,4,4,4,4,6,4,4,4,6,3,6,4.58,True,16.0,over-trust
R517,40,female,3,none,9,7000,730,approve,94,True,5,6,7,5,5,5,4,7,5,4,5,6,5.33,True,12.7,calibrated
R517,40,female,3,none,10,25000,620,deny,69,True,5,4,4,5,6,4,5,4,3,4,5,4,4.42,True,9.9,calibrated
R518,36,female,4,counterfactual,1,8000,610,deny,82,True,5,5,7,5,6,6,6,6,6,6,7,7,6,True,10.0,calibrated
R518,36,female,4,counterfactual,2,15000,705,approve,91,True,6,7,7,7,7,7,7,7,7,7,7,7,6.92,True,19.0,calibrated
R518,36,female,4,counterfactual,3,22000,640,approve,58,True,5,6,5,6,5,6,6,5,6,6,5,6,5.58,True,19.7,calibrated
R518,36,female,4,counterfactual,4,5000,590,deny,74,True,7,7,6,7,7,7,7,7,6,7,7,7,6.83,True,6.3,calibrated
R518,36,female,4,counterfactual,5,30000,720,approve,88,True,7,6,6,6,6,6,6,6,6,7,6,5,6.08,False,9.3,calibrated
R518,36,female,4,counterfactual,6,12000,655,deny,63,False,3,4,3,4,4,3,3,4,3,3,4,3,3.42,False,6.8,calibrated
R518,36,female,4,counterfactual,7,9000,680,approve,77,True,6,6,6,7,5,5,5,5,5,5,6,7,5.67,False,10.3,calibrated
R518,36,female,4,counterfactual,8,18000,600,approve,55,False,3,3,3,2,2,2,3,4,3,3,3,2,2.75,True,16.0,calibrated
R518,36,female,4,counterfactual,9,7000,730,approve,94,True,7,6,7,7,7,6,7,7,6,5,7,7,6.58,False,11.1,calibrated
R518,36,female,4,counterfactual,10,25000,620,deny,69,True,5,4,6,6,5,4,4,6,5,7,6,4,5.17,False,7.4,calibrated
R519,18,male,5,none,1,8000,610,deny,82,True,6,5,5,5,5,5,6,5,4,4,6,5,5.08,False,14.0,calibrated
R519,18,male,5,none,2,15000,705,approve,91,True,4,6,5,6,5,4,4,4,4,6,5,5,4.83,True,12.6,calibrated
R519,18,male,5,none,3,22000,640,approve,58,True,4,5,5,4,5,6,5,5,4,4,5,5,4.75,True,11.0,calibrated
R519,18,male,5,none,4,5000,590,deny,74,True,5,5,5,5,5,5,5,6,5,5,5,5,5.08,True,10.1,calibrated
R519,18,male,5,none,5,30000,720,approve,88,True,5,5,7,4,7,5,5,5,5,6,7,5,5.5,True,10.8,calibrated
R519,18,male,5,none,6,12000,655,deny,63,False,2,4,3,3,4,4,3,3,2,3,4,3,3.17,False,10.1,calibrated
R519,18,male,5,none,7,9000,680,approve,77,True,6,5,5,6,5,5,4,5,4,6,6,5,5.17,True,16.1,calibrated
R519,18,male,5,none,8,18000,600,approve,55,False,3,4,5,4,5,4,5,5,2,4,4,2,3.92,False,8.2,calibrated
R519,18,male,5,none,9,7000,730,approve,94,True,5,5,4,4,6,5,5,5,5,6,6,5,5.08,True,7.2,calibrated
R519,18,male,5,none,10,25000,620,deny,69,True,4,5,5,5,6,4,3,5,5,6,4,3,4.58,False,16.3,calibrated
R520,18,prefer_not_to_say,3,none,1,8000,610,deny,82,True,5,6,6,4,4,4,4,4,6,5,5,4,4.75,True,21.1,calibrated
R520,18,prefer_not_to_say,3,none,2,15000,705,approve,91,True,4,6,6,6,6,5,5,5,5,5,5,6,5.33,True,9.0,calibrated
R520,18,prefer_not_to_say,3,none,3,22000,640,approve,58,True,7,5,6,5,6,7,6,5,4,6,5,5,5.58,True,11.3,calibrated
R520,18,prefer_not_to_say,3,none,4,5000,590,deny,74,True,4,4,5,4,5,5,4,4,4,6,5,5,4.58,True,17.1,calibrated
R520,18,prefer_not_to_say,3,none,5,30000,720,approve,88,True,6,6,4,6,5,5,5,5,6,5,5,5,5.25,True,23.7,calibrated
R520,18,prefer_not_to_say,3,none,6,12000,655,deny,63,False,5,4,4,3,4,4,3,4,4,3,3,3,3.67,False,15.0,calibrated
R520,18,prefer_not_to_say,3,none,7,9000,680,approve,77,True,6,5,5,5,5,6,5,5,6,5,6,4,5.25,True,15.9,calibrated
R520,18,prefer_not_to_say,3,none,8,18000,600,approve,55,False,4,4,5,4,6,6,5,4,4,5,5,5,4.75,True,10.6,over-trust
R520,18,prefer_not_to_say,3,none,9,7000,730,approve,94,True,4,5,6,6,6,5,5,5,5,4,4,4,4.92,True,8.0,calibrated
R520,18,prefer_not_to_say,3,none,10,25000,620,deny,69,True,5,5,5,5,4,5,6,5,5,5,4,4,4.83,False,11.3,calibrated
R521,28,male,3,none,1,8000,610,deny,82,True,5,4,5,6,5,7,6,5,6,7,6,5,5.58,True,6.9,calibrated
R521,28,male,3,none,2,15000,705,approve,91,True,5,6,6,6,6,5,6,7,6,4,5,6,5.67,True,14.5,calibrated
R521,28,male,3,none,3,22000,640,approve,58,True,4,5,5,3,4,3,3,4,2,3,3,4,3.58,False,21.0,under-trust
R521,28,male,3,none,4,5000,590,deny,74,True,3,5,5,3,3,4,4,3,5,4,4,5,4,True,15.3,calibrated
R521,28,male,3,none,5,30000,720,approve,88,True,5,7,6,6,4,6,5,6,5,6,7,6,5.75,True,21.5,calibrated
R521,28,male,3,none,6,12000,655,deny,63,False,4,4,4,4,4,4,3,4,4,3,3,5,3.83,True,14.4,calibrated
R521,28,male,3,none,7,9000,680,approve,77,True,3,3,5,5,5,4,4,5,5,4,5,5,4.42,True,13.5,calibrated
R521,28,male,3,none,8,18000,600,approve,55,False,2,2,4,3,3,4,3,4,4,3,4,3,3.25,False,18.1,calibrated
R521,28,male,3,none,9,7000,730,approve,94,True,5,6,6,6,6,7,6,5,6,6,4,6,5.75,True,15.4,calibrated
R521,28,male,3,none,10,25000,620,deny,69,True,4,4,5,4,4,5,4,4,5,4,5,4,4.33,True,10.5,calibrated
R522,49,male,4,surface,1,8000,610,deny,82,True,6,6,6,5,6,5,6,6,6,5,5,6,5.67,True,7.2,calibrated
R522,49,male,4,surface,2,15000,705,approve,91,True,6,6,6,5,7,5,6,7,5,6,5,4,5.67,True,13.4,calibrated
R522,49,male,4,surface,3,22000,640,approve,58,True,4,4,4,4,6,5,4,5,5,5,5,5,4.67,False,17.7,calibrated
R522,49,male,4,surface,4,5000,590,deny,74,True,5,5,6,5,7,6,6,6,5,4,6,5,5.5,False,12.5,calibrated
R522,49,male,4,surface,5,30000,720,approve,88,True,6,6,4,5,6,5,4,6,5,6,6,6,5.42,True,13.5,calibrated
R522,49,male,4,surface,6,12000,655,deny,63,False,4,4,4,5,2,4,5,3,4,3,3,6,3.92,False,4.5,calibrated
R522,49,male,4,surface,7,9000,680,approve,77,True,5,6,5,5,5,5,6,5,5,6,5,6,5.33,True,19.9,calibrated
R522,49,male,4,surface,8,18000,600,approve,55,False,2,3,5,3,4,3,2,5,3,3,3,3,3.25,False,16.6,calibrated
R522,49,male,4,surface,9,7000,730,approve,94,True,7,7,5,6,5,5,5,6,6,7,7,4,5.83,False,16.2,calibrated
R522,49,male,4,surface,10,25000,620,deny,69,True,6,5,5,5,5,6,5,6,5,5,4,2,4.92,True,11.3,calibrated
R523,18,male,2,none,1,8000,610,deny,82,True,4,6,5,6,4,6,6,4,6,5,5,5,5.17,False,13.9,calibrated
R523,18,male,2,none,2,15000,705,approve,91,True,4,5,6,5,5,6,5,6,5,7,5,5,5.33,True,17.9,calibrated
R523,18,male,2,none,3,22000,640,approve,58,True,4,5,5,4,4,3,4,5,5,3,5,4,4.25,False,9.3,calibrated
R523,18,male,2,none,4,5000,590,deny,74,True,5,6,5,5,4,5,5,5,3,4,6,4,4.75,True,21.6,calibrated
R523,18,male,2,none,5,30000,720,approve,88,True,6,6,5,6,5,6,6,5,6,6,6,4,5.58,True,13.9,calibrated
R523,18,male,2,none,6,12000,655,deny,63,False,5,6,5,4,5,4,5,4,4,5,4,4,4.58,True,11.8,over-trust
R523,18,male,2,none,7,9000,680,approve,77,True,5,4,5,5,5,5,6,6,5,6,5,5,5.17,False,18.1,calibrated
R523,18,male,2,none,8,18000,600,approve,55,False,4,4,4,4,5,5,5,3,3,4,2,4,3.92,False,17.1,calibrated
R523,18,male,2,none,9,7000,730,approve,94,True,5,5,5,5,4,5,6,5,6,5,6,5,5.17,True,10.1,calibrated
R523,18,male,2,none,10,25000,620,deny,69,True,5,4,5,5,5,5,6,7,4,5,6,4,5.08,True,17.8,calibrated
R524,40,male,2,surface,1,8000,610,deny,82,True,6,6,6,6,6,5,5,6,5,5,6,5,5.58,False,10.9,calibrated
R524,40,male,2,surface,2,15000,705,approve,91,True,6,6,7,5,7,5,6,5,5,6,5,5,5.67,False,19.5,calibrated
R524,40,male,2,surface,3,22000,640,approve,58,True,6,4,4,4,4,5,6,5,4,4,5,4,4.58,True,10.7,calibrated
R524,40,male,2,surface,4,5000,590,deny,74,True,5,5,6,7,7,5,5,6,5,4,6,5,5.5,True,32.0,calibrated
R524,40,male,2,surface,5,30000,720,approve,88,True,6,7,5,5,5,6,4,5,6,6,6,6,5.58,True,12.0,calibrated
R524,40,male,2,surface,6,12000,655,deny,63,False,4,4,5,5,4,4,4,4,3,4,2,3,3.83,False,11.7,calibrated
R524,40,male,2,surface,7,9000,680,approve,77,True,5,5,4,5,6,5,5,4,5,4,4,3,4.58,False,3.2,calibrated
R524,40,male,2,surface,8,18000,600,approve,55,False,4,4,5,4,5,6,4,4,4,3,4,4,4.25,False,25.1,over-trust
R524,40,male,2,surface,9,7000,730,approve,94,True,7,6,7,6,7,6,7,6,5,7,6,7,6.42,True,7.8,calibrated
R524,40,male,2,surface,10,25000,620,deny,69,True,5,6,5,5,6,5,5,5,6,5,6,6,5.42,False,15.2,calibrated
R525,44,nonbinary,3,surface,1,8000,610,deny,82,True,5,5,6,5,6,6,5,5,6,5,6,6,5.5,True,10.5,calibrated
R525,44,nonbinary,3,surface,2,15000,705,approve,91,True,7,6,6,6,6,7,6,7,6,7,7,6,6.42,True,10.1,calibrated
R525,44,nonbinary,3,surface,3,22000,640,approve,58,True,6,5,5,5,5,5,4,5,5,5,6,4,5,False,18.3,calibrated
R525,44,nonbinary,3,surface,4,5000,590,deny,74,True,5,3,6,4,5,4,5,4,4,4,4,3,4.25,False,15.5,calibrated
R525,44,nonbinary,3,surface,5,30000,720,approve,88,True,7,6,7,5,7,7,7,7,5,6,5,6,6.25,True,13.5,calibrated
R525,44,nonbinary,3,surface,6,12000,655,deny,63,False,3,3,4,3,4,3,4,3,3,4,4,2,3.33,False,11.5,calibrated
R525,44,nonbinary,3,surface,7,9000,680,approve,77,True,6,7,4,5,5,6,5,7,5,7,5,5,5.58,True,22.1,calibrated
R525,44,nonbinary,3,surface,8,18000,600,approve,55,False,5,3,3,3,3,4,3,2,5,4,3,2,3.33,True,5.7,calibrated
R525,44,nonbinary,3,surface,9,7000,730,approve,94,True,5,6,6,7,5,5,6,6,4,5,5,5,5.42,True,19.7,calibrated
R525,44,nonbinary,3,surface,10,25000,620,deny,69,True,5,5,6,5,6,5,4,5,6,4,4,6,5.08,False,9.0,calibrated
R526,23,male,3,counterfactual,1,8000,610,deny,82,True,6,5,5,5,4,5,4,4,5,4,4,6,4.75,False,7.8,calibrated
R526,23,male,3,counterfactual,2,15000,705,approve,91,True,7,7,7,6,7,6,7,7,7,7,7,7,6.83,True,10.1,calibrated
R526,23,male,3,counterfactual,3,22000,640,approve,58,True,7,4,5,5,6,6,5,4,5,6,6,5,5.33,False,12.5,calibrated
R526,23,male,3,counterfactual,4,5000,590,deny,74,True,6,5,6,6,7,6,5,5,7,7,5,6,5.92,True,17.2,calibrated
R526,23,male,3,counterfactual,5,30000,720,approve,88,True,5,6,5,5,7,7,6,5,6,5,5,6,5.67,True,13.6,calibrated
R526,23,male,3,counterfactual,6,12000,655,deny,63,False,4,3,4,3,3,4,3,2,2,2,3,3,3,True,17.7,calibrated
R526,23,male,3,counterfactual,7,9000,680,approve,77,True,7,6,6,7,7,6,5,6,7,6,6,5,6.17,True,14.5,calibrated
R526,23,male,3,counterfactual,8,18000,600,approve,55,False,2,1,3,3,3,2,2,2,3,3,4,1,2.42,False,10.5,calibrated
R526,23,male,3,counterfactual,9,7000,730,approve,94,True,7,7,4,6,6,7,6,7,6,7,7,6,6.33,True,13.8,calibrated
R526,23,male,3,counterfactual,10,25000,620,deny,69,True,4,6,6,5,5,4,4,6,6,6,6,6,5.33,True,6.4,calibrated
R527,49,female,4,counterfactual,1,8000,610,deny,82,True,5,5,7,6,6,6,7,6,5,7,5,6,5.92,True,3.3,calibrated
R527,49,female,4,counterfactual,2,15000,705,approve,91,True,7,7,6,7,6,7,5,6,7,7,5,6,6.33,True,18.1,calibrated
R527,49,female,4,counterfactual,3,22000,640,approve,58,True,6,5,5,6,5,5,6,5,6,5,6,4,5.33,True,10.6,calibrated
R527,49,female,4,counterfactual,4,5000,590,deny,74,True,6,4,6,5,5,6,7,7,6,5,6,7,5.83,True,14.4,calibrated
R527,49,female,4,counterfactual,5,30000,720,approve,88,True,6,7,6,5,7,7,6,5,7,6,6,7,6.25,True,11.5,calibrated
R527,49,female,4,counterfactual,6,12000,655,deny,63,False,2,2,3,2,3,2,2,4,2,4,4,4,2.83,False,20.2,calibrated
R527,49,female,4,counterfactual,7,9000,680,approve,77,True,6,5,5,5,5,6,6,5,6,4,5,6,5.33,True,17.8,calibrated
R527,49,female,4,counterfactual,8,18000,600,approve,55,False,3,2,2,3,2,2,2,2,3,2,2,2,2.25,True,17.2,calibrated
R527,49,female,4,counterfactual,9,7000,730,approve,94,True,6,5,6,6,6,5,6,7,6,6,5,5,5.75,True,14.6,calibrated
R527,49,female,4,counterfactual,10,25000,620,deny,69,True,6,4,5,6,6,5,7,5,6,6,6,6,5.67,True,13.8,calibrated
R528,18,female,3,none,1,8000,610,deny,82,True,5,4,5,5,6,5,5,4,6,6,5,5,5.08,True,12.1,calibrated
R528,18,female,3,none,2,15000,705,approve,91,True,5,6,5,5,5,5,5,5,6,6,5,5,5.25,True,20.9,calibrated
R528,18,female,3,none,3,22000,640,approve,58,True,4,5,3,4,4,4,4,3,4,5,5,4,4.08,True,9.4,calibrated
R528,18,female,3,none,4,5000,590,deny,74,True,5,4,5,5,6,4,6,6,6,5,5,4,5.08,True,13.0,calibrated
R528,18,female,3,none,5,30000,720,approve,88,True,5,5,5,5,5,6,7,6,5,5,6,5,5.42,True,15.6,calibrated
R528,18,female,3,none,6,12000,655,deny,63,False,5,5,4,5,5,4,5,5,4,6,3,5,4.67,True,16.5,over-trust
R528,18,female,3,none,7,9000,680,approve,77,True,5,5,5,6,5,4,5,4,5,5,5,6,5,True,19.8,calibrated
R528,18,female,3,none,8,18000,600,approve,55,False,4,3,3,3,3,4,2,4,4,4,2,4,3.33,False,6.4,calibrated
R528,18,female,3,none,9,7000,730,approve,94,True,7,7,5,5,5,5,5,6,5,5,6,5,5.5,True,10.0,calibrated
R528,18,female,3,none,10,25000,620,deny,69,True,5,6,5,6,5,6,5,6,5,6,7,5,5.58,True,4.7,calibrated
R529,54,male,2,counterfactual,1,8000,610,deny,82,True,6,6,7,5,7,6,7,7,7,7,6,6,6.42,True,16.3,calibrated
R529,54,male,2,counterfactual,2,15000,705,approve,91,True,6,7,7,6,7,7,7,7,7,7,7,7,6.83,True,11.3,calibrated
R529,54,male,2,counterfactual,3,22000,640,approve,58,True,5,5,6,6,6,5,6,5,5,5,5,4,5.25,True,17.7,calibrated
R529,54,male,2,counterfactual,4,5000,590,deny,74,True,5,5,6,5,5,5,5,5,5,7,6,5,5.33,True,11.8,calibrated
R529,54,male,2,counterfactual,5,30000,720,approve,88,True,5,6,5,6,6,5,6,7,4,6,6,7,5.75,True,21.0,calibrated
R529,54,male,2,counterfactual,6,12000,655,deny,63,False,3,4,3,3,3,3,2,4,3,3,2,3,3,False,7.9,calibrated
R529,54,male,2,counterfactual,7,9000,680,approve,77,True,6,6,7,5,6,7,5,6,6,7,6,5,6,False,21.8,calibrated
R529,54,male,2,counterfactual,8,18000,600,approve,55,False,4,3,3,2,2,3,3,2,3,2,2,4,2.75,False,7.3,calibrated
R529,54,male,2,counterfactual,9,7000,730,approve,94,True,7,7,7,6,7,7,7,6,7,7,7,7,6.83,True,17.0,calibrated
R529,54,male,2,counterfactual,10,25000,620,deny,69,True,5,5,5,7,5,7,6,7,7,5,6,5,5.83,True,16.2,calibrated
R530,37,male,3,surface,1,8000,610,deny,82,True,5,6,5,5,5,5,6,5,6,5,6,5,5.33,True,11.5,calibrated
R530,37,male,3,surface,2,15000,705,approve,91,True,6,7,6,6,6,5,5,7,6,6,6,7,6.08,True,14.8,calibrated
R530,37,male,3,surface,3,22000,640,approve,58,True,6,6,6,6,6,5,5,5,5,5,7,5,5.58,False,13.4,calibrated
R530,37,male,3,surface,4,5000,590,deny,74,True,5,5,5,6,6,5,6,5,5,5,6,5,5.33,True,16.7,calibrated
R530,37,male,3,surface,5,30000,720,approve,88,True,7,7,6,6,6,7,6,7,6,7,6,7,6.5,True,14.4,calibrated
R530,37,male,3,surface,6,12000,655,deny,63,False,5,5,5,4,4,4,4,3,5,3,3,4,4.08,False,14.7,over-trust
R530,37,male,3,surface,7,9000,680,approve,77,True,6,6,5,7,7,4,6,5,6,6,5,7,5.83,True,6.5,calibrated
R530,37,male,3,surface,8,18000,600,approve,55,False,3,4,4,3,4,4,3,4,4,4,3,4,3.67,False,11.7,calibrated
R530,37,male,3,surface,9,7000,730,approve,94,True,7,7,6,5,6,6,6,6,6,6,5,6,6,True,3,calibrated
R530,37,male,3,surface,10,25000,620,deny,69,True,6,5,5,6,5,5,5,5,6,6,6,5,5.42,True,13.6,calibrated
R531,21,nonbinary,2,counterfactual,1,8000,610,deny,82,True,6,5,5,5,6,5,4,6,7,5,5,6,5.42,True,13.5,calibrated
R531,21,nonbinary,2,counterfactual,2,15000,705,approve,91,True,7,6,7,6,7,7,6,7,7,6,7,7,6.67,True,11.6,calibrated
R531,21,nonbinary,2,counterfactual,3,22000,640,approve,58,True,6,6,6,6,6,7,5,6,6,5,6,6,5.92,True,17.8,calibrated
R531,21,nonbinary,2,counterfactual,4,5000,590,deny,74,True,5,4,6,5,6,7,6,6,7,5,5,6,5.67,True,15.1,calibrated
R531,21,nonbinary,2,counterfactual,5,30000,720,approve,88,True,7,6,6,5,6,7,6,6,7,7,7,7,6.42,True,12.9,calibrated
R531,21,nonbinary,2,counterfactual,6,12000,655,deny,63,False,2,3,3,4,2,3,2,1,4,3,3,3,2.75,False,20.0,calibrated
R531,21,nonbinary,2,counterfactual,7,9000,680,approve,77,True,5,4,7,6,7,4,6,5,6,5,6,6,5.58,True,14.4,calibrated
R531,21,nonbinary,2,counterfactual,8,18000,600,approve,55,False,3,3,2,3,2,2,2,3,2,2,4,3,2.58,False,19.5,calibrated
R531,21,nonbinary,2,counterfactual,9,7000,730,approve,94,True,5,6,7,6,7,5,6,6,6,6,6,6,6,True,9.2,calibrated
R531,21,nonbinary,2,counterfactual,10,25000,620,deny,69,True,6,6,7,6,7,6,7,6,5,6,6,6,6.17,True,16.0,calibrated
R532,27,female,3,none,1,8000,610,deny,82,True,4,6,5,5,5,6,5,5,5,6,6,3,5.08,True,10.3,calibrated
R532,27,female,3,none,2,15000,705,approve,91,True,5,3,5,7,6,6,5,5,5,6,7,5,5.42,True,16.8,calibrated
R532,27,female,3,none,3,22000,640,approve,58,True,3,2,4,4,4,4,3,4,4,2,3,3,3.33,True,8.8,under-trust
R532,27,female,3,none,4,5000,590,deny,74,True,5,6,5,5,5,5,5,5,5,6,5,5,5.17,True,8.4,calibrated
R532,27,female,3,none,5,30000,720,approve,88,True,6,5,6,6,5,6,7,7,6,6,6,5,5.92,True,5.5,calibrated
R532,27,female,3,none,6,12000,655,deny,63,False,5,5,4,5,4,5,3,5,5,6,4,4,4.58,True,7.9,over-trust
R532,27,female,3,none,7,9000,680,approve,77,True,5,4,5,5,4,5,6,4,5,6,6,5,5,False,18.4,calibrated
R532,27,female,3,none,8,18000,600,approve,55,False,4,5,5,4,5,4,4,4,3,4,3,5,4.17,False,9.5,over-trust
R532,27,female,3,none,9,7000,730,approve,94,True,5,6,5,7,5,6,5,7,6,6,5,5,5.67,True,13.2,calibrated
R532,27,female,3,none,10,25000,620,deny,69,True,5,5,4,4,5,5,5,6,5,4,5,5,4.83,False,21.5,calibrated
R533,30,female,4,counterfactual,1,8000,610,deny,82,True,7,6,6,6,6,6,7,6,7,7,7,6,6.42,True,20.9,calibrated
R533,30,female,4,counterfactual,2,15000,705,approve,91,True,7,7,6,6,6,6,7,6,5,7,6,5,6.17,True,3.6,calibrated
R533,30,female,4,counterfactual,3,22000,640,approve,58,True,5,5,6,6,6,5,6,6,6,5,6,6,5.67,True,16.3,calibrated
R533,30,female,4,counterfactual,4,5000,590,deny,74,True,5,6,5,6,6,5,5,7,6,5,6,5,5.58,True,21.7,calibrated
R533,30,female,4,counterfactual,5,30000,720,approve,88,True,7,6,6,6,7,5,6,5,6,5,5,5,5.75,True,10.8,calibrated
R533,30,female,4,counterfactual,6,12000,655,deny,63,False,3,4,3,3,2,5,3,3,3,3,2,4,3.17,False,15.3,calibrated
R533,30,female,4,counterfactual,7,9000,680,approve,77,True,6,6,6,7,5,6,6,6,6,5,7,5,5.92,True,11.4,calibrated
R533,30,female,4,counterfactual,8,18000,600,approve,55,False,3,4,3,3,3,2,4,2,3,3,3,3,3,True,21.0,calibrated
R533,30,female,4,counterfactual,9,7000,730,approve,94,True,6,6,7,7,7,5,7,7,6,7,7,7,6.58,True,15.3,calibrated
R533,30,female,4,counterfactual,10,25000,620,deny,69,True,6,5,6,6,5,6,6,7,6,6,7,6,6,True,15.9,calibrated
R534,33,male,2,counterfactual,1,8000,610,deny,82,True,7,7,7,7,7,7,7,7,7,7,7,7,7,True,8.7,calibrated
R534,33,male,2,counterfactual,2,15000,705,approve,91,True,7,6,6,6,6,6,7,5,6,5,7,6,6.08,True,19.2,calibrated
R534,33,male,2,counterfactual,3,22000,640,approve,58,True,6,6,7,5,7,6,5,7,6,7,6,7,6.25,True,15.7,calibrated
R534,33,male,2,counterfactual,4,5000,590,deny,74,True,6,6,7,6,5,6,5,6,7,4,7,5,5.83,True,10.6,calibrated
R534,33,male,2,counterfactual,5,30000,720,approve,88,True,7,5,7,7,7,7,7,7,7,7,7,6,6.75,True,4.2,calibrated
R534,33,male,2,counterfactual,6,12000,655,deny,63,False,2,2,4,2,4,1,4,3,3,2,3,3,2.75,False,5.5,calibrated
R534,33,male,2,counterfactual,7,9000,680,approve,77,True,5,5,6,5,6,6,4,5,5,6,5,6,5.33,True,7.4,calibrated
R534,33,male,2,counterfactual,8,18000,600,approve,55,False,2,5,4,3,3,2,3,4,3,4,3,4,3.33,False,19.8,calibrated
R534,33,male,2,counterfactual,9,7000,730,approve,94,True,7,7,7,7,7,6,7,7,7,7,7,7,6.92,True,11.2,calibrated
R534,33,male,2,counterfactual,10,25000,620,deny,69,True,6,6,6,6,5,6,6,5,6,5,6,7,5.83,True,5.4,calibrated
R535,21,male,3,counterfactual,1,8000,610,deny,82,True,6,7,5,7,6,5,5,7,6,6,5,7,6,True,18.1,calibrated
R535,21,male,3,counterfactual,2,15000,705,approve,91,True,5,6,7,6,7,7,6,6,7,6,6,5,6.17,True,14.6,calibrated
R535,21,male,3,counterfactual,3,22000,640,approve,58,True,5,4,5,5,6,4,6,4,6,7,7,5,5.33,True,12.8,calibrated
R535,21,male,3,counterfactual,4,5000,590,deny,74,True,5,6,6,7,6,7,6,6,6,7,6,7,6.25,True,3,calibrated
R535,21,male,3,counterfactual,5,30000,720,approve,88,True,6,6,7,6,6,6,7,6,6,6,6,5,6.08,True,14.0,calibrated
R535,21,male,3,counterfactual,6,12000,655,deny,63,False,3,2,3,4,2,4,2,3,3,2,4,3,2.92,False,16.6,calibrated
R535,21,male,3,counterfactual,7,9000,680,approve,77,True,7,6,6,5,6,6,6,7,5,7,6,7,6.17,True,13.9,calibrated
R535,21,male,3,counterfactual,8,18000,600,approve,55,False,2,3,3,2,2,2,3,2,2,2,3,2,2.33,False,18.7,calibrated
R535,21,male,3,counterfactual,9,7000,730,approve,94,True,7,7,7,6,6,6,6,6,7,7,6,7,6.5,True,14.6,calibrated
R535,21,male,3,counterfactual,10,25000,620,deny,69,True,7,7,7,5,6,6,6,6,6,5,6,6,6.08,True,14.3,calibrated
R536,51,female,3,counterfactual,1,8000,610,deny,82,True,5,5,6,7,6,6,7,5,5,7,6,5,5.83,True,11.7,calibrated
R536,51,female,3,counterfactual,2,15000,705,approve,91,True,7,5,5,6,6,6,6,6,7,5,7,7,6.08,True,10.8,calibrated
R536,51,female,3,counterfactual,3,22000,640,approve,58,True,5,5,7,7,7,6,7,5,5,6,6,7,6.08,True,12.8,calibrated
R536,51,female,3,counterfactual,4,5000,590,deny,74,True,6,6,5,5,6,4,5,5,5,6,5,6,5.33,False,13.0,calibrated
R536,51,female,3,counterfactual,5,30000,720,approve,88,True,7,6,6,7,6,6,6,6,6,7,7,6,6.33,True,10.4,calibrated
R536,51,female,3,counterfactual,6,12000,655,deny,63,False,3,3,4,3,3,2,2,3,2,3,3,3,2.83,True,17.3,calibrated
R536,51,female,3,counterfactual,7,9000,680,approve,77,True,7,7,6,7,6,6,7,7,6,7,7,7,6.67,True,11.1,calibrated
R536,51,female,3,counterfactual,8,18000,600,approve,55,False,5,2,2,4,2,3,3,4,4,2,3,2,3,False,8.4,calibrated
R536,51,female,3,counterfactual,9,7000,730,approve,94,True,7,6,7,6,6,6,5,6,6,7,6,6,6.17,True,14.6,calibrated
R536,51,female,3,counterfactual,10,25000,620,deny,69,True,7,6,7,6,5,6,6,6,5,4,5,6,5.75,True,13.6,calibrated
R537,58,prefer_not_to_say,3,surface,1,8000,610,deny,82,True,5,6,5,5,5,6,6,5,7,6,6,6,5.67,True,6.4,calibrated
R537,58,prefer_not_to_say,3,surface,2,15000,705,approve,91,True,7,6,7,7,7,7,6,7,7,7,6,5,6.58,True,11.7,calibrated
R537,58,prefer_not_to_say,3,surface,3,22000,640,approve,58,True,5,5,6,5,5,5,4,6,5,6,5,6,5.25,False,9.7,calibrated
R537,58,prefer_not_to_say,3,surface,4,5000,590,deny,74,True,5,6,6,7,5,6,5,5,5,6,6,5,5.58,True,17.2,calibrated
R537,58,prefer_not_to_say,3,surface,5,30000,720,approve,88,True,7,6,5,5,6,6,5,6,7,6,5,6,5.83,True,9.9,calibrated
R537,58,prefer_not_to_say,3,surface,6,12000,655,deny,63,False,4,4,4,4,3,3,4,3,4,5,5,5,4,False,12.7,over-trust
R537,58,prefer_not_to_say,3,surface,7,9000,680,approve,77,True,6,5,5,6,5,5,5,5,5,6,5,5,5.25,False,7.6,calibrated
R537,58,prefer_not_to_say,3,surface,8,18000,600,approve,55,False,4,4,3,5,2,3,4,3,4,3,3,3,3.42,False,14.6,calibrated
R537,58,prefer_not_to_say,3,surface,9,7000,730,approve,94,True,4,6,6,6,7,6,6,6,6,7,6,7,6.08,True,24.9,calibrated
R537,58,prefer_not_to_say,3,surface,10,25000,620,deny,69,True,6,5,5,4,6,6,4,6,5,4,6,6,5.25,True,14.5,calibrated
R538,28,female,5,surface,1,8000,610,deny,82,True,6,7,6,6,6,6,5,6,4,4,7,6,5.75,True,12.8,calibrated
R538,28,female,5,surface,2,15000,705,approve,91,True,5,7,7,5,6,6,6,5,5,5,7,5,5.75,True,11.7,calibrated
R538,28,female,5,surface,3,22000,640,approve,58,True,5,6,5,4,5,5,4,4,4,5,5,6,4.83,True,17.9,calibrated
R538,28,female,5,surface,4,5000,590,deny,74,True,6,5,6,6,5,4,5,5,5,6,5,5,5.25,False,9.0,calibrated
R538,28,female,5,surface,5,30000,720,approve,88,True,5,6,6,6,6,7,7,7,7,7,7,6,6.42,True,15.8,calibrated
R538,28,female,5,surface,6,12000,655,deny,63,False,4,7,5,3,4,6,5,6,5,5,5,4,4.92,True,21.4,over-trust
R538,28,female,5,surface,7,9000,680,approve,77,True,4,6,5,6,5,5,6,6,5,6,6,5,5.42,True,17.0,calibrated
R538,28,female,5,surface,8,18000,600,approve,55,False,5,3,3,3,3,3,3,3,3,3,4,2,3.17,False,16.2,calibrated
R538,28,female,5,surface,9,7000,730,approve,94,True,5,6,6,5,6,7,4,7,6,6,6,6,5.83,False,11.3,calibrated
R538,28,female,5,surface,10,25000,620,deny,69,True,5,6,5,5,6,6,5,5,5,5,4,6,5.25,False,13.9,calibrated
R539,35,female,5,none,1,8000,610,deny,82,True,6,5,6,4,5,5,5,5,6,5,6,6,5.33,True,20.9,calibrated
R539,35,female,5,none,2,15000,705,approve,91,True,6,6,5,7,5,6,6,6,7,6,6,6,6,False,13.7,calibrated
R539,35,female,5,none,3,22000,640,approve,58,True,4,6,3,5,4,5,3,4,5,5,4,4,4.33,True,18.2,calibrated
R539,35,female,5,none,4,5000,590,deny,74,True,5,4,4,5,5,4,6,4,5,5,5,5,4.75,False,29.7,calibrated
R539,35,female,5,none,5,30000,720,approve,88,True,5,5,5,5,5,5,6,7,4,4,5,5,5.08,False,19.4,calibrated
R539,35,female,5,none,6,12000,655,deny,63,False,5,5,4,4,4,4,3,5,4,4,5,4,4.25,True,16.0,over-trust
R539,35,female,5,none,7,9000,680,approve,77,True,5,6,5,5,5,5,5,5,6,5,6,6,5.33,True,10.0,calibrated
R539,35,female,5,none,8,18000,600,approve,55,False,4,4,3,3,3,4,3,3,3,3,3,4,3.33,False,15.4,calibrated
R539,35,female,5,none,9,7000,730,approve,94,True,7,6,6,7,6,6,5,5,7,7,5,7,6.17,True,9.1,calibrated
R539,35,female,5,none,10,25000,620,deny,69,True,3,4,5,5,6,4,4,4,5,5,3,4,4.33,True,20.4,calibrated
R540,18,nonbinary,5,none,1,8000,610,deny,82,True,4,4,5,5,6,5,6,5,6,5,7,6,5.33,False,27.5,calibrated
R540,18,nonbinary,5,none,2,15000,705,approve,91,True,4,4,4,5,5,5,6,5,5,4,5,5,4.75,True,14.3,calibrated
R540,18,nonbinary,5,none,3,22000,640,approve,58,True,3,5,5,6,5,6,3,5,4,4,4,4,4.5,False,14.0,calibrated
R540,18,nonbinary,5,none,4,5000,590,deny,74,True,5,4,5,5,5,5,4,4,5,5,4,4,4.58,True,11.8,calibrated
R540,18,nonbinary,5,none,5,30000,720,approve,88,True,6,5,5,5,5,7,4,5,5,5,6,7,5.42,True,12.9,calibrated
R540,18,nonbinary,5,none,6,12000,655,deny,63,False,5,4,5,5,5,3,4,4,5,3,4,5,4.33,False,20.0,over-trust
R540,18,nonbinary,5,none,7,9000,680,approve,77,True,6,5,6,5,3,5,5,6,5,7,5,6,5.33,True,7.1,calibrated
R540,18,nonbinary,5,none,8,18000,600,approve,55,False,5,4,3,4,5,4,4,3,3,3,3,2,3.58,False,15.2,calibrated
R540,18,nonbinary,5,none,9,7000,730,approve,94,True,5,5,4,5,5,6,7,5,6,6,5,6,5.42,True,19.6,calibrated
R540,18,nonbinary,5,none,10,25000,620,deny,69,True,7,6,5,5,5,6,5,5,5,6,5,5,5.42,True,14.1,calibrated
R541,29,male,4,surface,1,8000,610,deny,82,True,6,6,7,6,7,6,7,5,7,7,6,6,6.33,False,10.9,calibrated
R541,29,male,4,surface,2,15000,705,approve,91,True,5,6,4,6,6,6,6,6,5,6,6,6,5.67,False,13.7,calibrated
R541,29,male,4,surface,3,22000,640,approve,58,True,4,5,3,5,5,3,6,5,3,3,5,4,4.25,True,14.1,calibrated
R541,29,male,4,surface,4,5000,590,deny,74,True,4,5,4,5,5,6,6,4,6,6,7,5,5.25,True,25.6,calibrated
R541,29,male,4,surface,5,30000,720,approve,88,True,5,6,5,5,6,5,6,5,5,4,6,7,5.42,False,7.8,calibrated
R541,29,male,4,surface,6,12000,655,deny,63,False,4,4,4,3,3,3,3,4,4,3,3,3,3.42,True,6.7,calibrated
R541,29,male,4,surface,7,9000,680,approve,77,True,5,6,5,5,4,5,6,5,5,6,5,4,5.08,True,10.4,calibrated
R541,29,male,4,surface,8,18000,600,approve,55,False,2,4,3,4,4,5,5,3,4,3,3,4,3.67,False,11.4,calibrated
R541,29,male,4,surface,9,7000,730,approve,94,True,6,5,5,5,7,6,6,7,5,5,6,5,5.67,True,4.2,calibrated
R541,29,male,4,surface,10,25000,620,deny,69,True,4,5,5,5,5,4,6,5,5,5,5,6,5,True,20.5,calibrated
R542,41,female,2,counterfactual,1,8000,610,deny,82,True,6,7,7,6,6,6,7,6,7,6,5,7,6.33,True,10.2,calibrated
R542,41,female,2,counterfactual,2,15000,705,approve,91,True,6,6,7,7,6,6,6,7,6,6,7,6,6.33,True,17.3,calibrated
R542,41,female,2,counterfactual,3,22000,640,approve,58,True,6,7,5,5,7,7,4,6,6,5,6,6,5.83,False,15.5,calibrated
R542,41,female,2,counterfactual,4,5000,590,deny,74,True,6,6,6,6,5,5,6,7,5,6,6,6,5.83,True,5.7,calibrated
R542,41,female,2,counterfactual,5,30000,720,approve,88,True,6,6,6,7,6,6,6,6,6,6,6,7,6.17,True,14.3,calibrated
R542,41,female,2,counterfactual,6,12000,655,deny,63,False,4,4,4,5,4,5,4,5,5,4,3,4,4.25,False,4.4,over-trust
R542,41,female,2,counterfactual,7,9000,680,approve,77,True,7,5,6,5,7,5,6,5,6,6,6,5,5.75,True,12.3,calibrated
R542,41,female,2,counterfactual,8,18000,600,approve,55,False,4,4,3,5,2,4,3,2,3,4,4,1,3.25,False,20.1,calibrated
R542,41,female,2,counterfactual,9,7000,730,approve,94,True,7,6,7,5,7,7,7,7,6,6,6,7,6.5,True,8.1,calibrated
R542,41,female,2,counterfactual,10,25000,620,deny,69,True,7,7,6,6,5,6,6,5,6,6,6,7,6.08,True,20.3,calibrated
R543,37,female,1,surface,1,8000,610,deny,82,True,5,6,6,7,6,7,6,7,6,5,6,4,5.92,True,9.2,calibrated
R543,37,female,1,surface,2,15000,705,approve,91,True,6,7,6,6,7,6,6,7,6,5,6,5,6.08,True,12.9,calibrated
R543,37,female,1,surface,3,22000,640,approve,58,True,5,6,4,5,7,5,3,5,6,6,5,5,5.17,True,7.3,calibrated
R543,37,female,1,surface,4,5000,590,deny,74,True,4,4,3,5,6,4,4,5,5,4,4,6,4.5,False,16.4,calibrated
R543,37,female,1,surface,5,30000,720,approve,88,True,6,6,5,5,6,6,6,5,7,6,5,5,5.67,False,12.5,calibrated
R543,37,female,1,surface,6,12000,655,deny,63,False,5,5,6,4,4,5,3,5,3,3,4,4,4.25,False,15.3,over-trust
R543,37,female,1,surface,7,9000,680,approve,77,True,6,5,6,7,6,5,6,7,7,6,5,6,6,False,23.9,calibrated
R543,37,female,1,surface,8,18000,600,approve,55,False,4,3,4,3,2,4,4,4,4,4,4,4,3.67,False,14.4,calibrated
R543,37,female,1,surface,9,7000,730,approve,94,True,7,7,7,6,7,6,7,6,6,7,7,7,6.67,True,11.6,calibrated
R543,37,female,1,surface,10,25000,620,deny,69,True,6,6,4,7,6,6,5,3,5,6,6,6,5.5,True,20.7,calibrated
R544,48,female,1,none,1,8000,610,deny,82,True,4,6,6,6,5,5,5,6,5,6,5,5,5.33,False,12.6,calibrated
R544,48,female,1,none,2,15000,705,approve,91,True,7,6,7,7,5,6,6,7,6,6,6,6,6.25,True,12.4,calibrated
R544,48,female,1,none,3,22000,640,approve,58,True,5,5,5,6,5,6,4,5,5,4,5,3,4.83,False,19.9,calibrated
R544,48,female,1,none,4,5000,590,deny,74,True,5,5,4,5,4,6,5,6,3,5,4,4,4.67,False,19.3,calibrated
R544,48,female,1,none,5,30000,720,approve,88,True,5,7,6,5,6,6,6,6,6,7,5,6,5.92,True,20.9,calibrated
R544,48,female,1,none,6,12000,655,deny,63,False,4,4,4,5,3,4,6,4,4,5,6,3,4.33,True,15.7,over-trust
R544,48,female,1,none,7,9000,680,approve,77,True,5,4,6,6,6,5,5,5,5,5,6,5,5.25,True,12.2,calibrated
R544,48,female,1,none,8,18000,600,approve,55,False,4,5,3,3,4,2,5,5,3,3,4,4,3.75,True,16.1,calibrated
R544,48,female,1,none,9,7000,730,approve,94,True,5,5,5,5,5,5,6,4,6,4,6,6,5.17,True,20.3,calibrated
R544,48,female,1,none,10,25000,620,deny,69,True,6,4,3,5,5,4,4,4,4,4,4,5,4.33,False,16.9,calibrated
R545,56,prefer_not_to_say,1,none,1,8000,610,deny,82,True,6,5,5,6,5,4,5,5,5,5,6,5,5.17,True,13.4,calibrated
R545,56,prefer_not_to_say,1,none,2,15000,705,approve,91,True,6,7,5,5,5,6,6,6,6,7,6,5,5.83,True,11.3,calibrated
R545,56,prefer_not_to_say,1,none,3,22000,640,approve,58,True,6,5,6,4,5,4,3,4,5,6,5,4,4.75,False,15.9,calibrated
R545,56,prefer_not_to_say,1,none,4,5000,590,deny,74,True,5,4,5,6,5,5,5,5,5,4,4,5,4.83,False,16.1,calibrated
R545,56,prefer_not_to_say,1,none,5,30000,720,approve,88,True,5,5,4,6,5,5,5,4,4,6,6,5,5,True,14.6,calibrated
R545,56,prefer_not_to_say,1,none,6,12000,655,deny,63,False,4,4,5,4,4,5,4,3,4,5,5,5,4.33,True,6.9,over-trust
R545,56,prefer_not_to_say,1,none,7,9000,680,approve,77,True,4,5,4,5,6,4,4,6,6,6,5,5,5,True,19.2,calibrated
R545,56,prefer_not_to_say,1,none,8,18000,600,approve,55,False,3,5,4,3,3,6,4,4,4,3,4,3,3.83,True,7.8,calibrated
R545,56,prefer_not_to_say,1,none,9,7000,730,approve,94,True,5,6,6,3,4,4,5,4,5,5,6,5,4.83,True,10.9,calibrated
R545,56,prefer_not_to_say,1,none,10,25000,620,deny,69,True,4,2,5,2,4,3,4,3,5,3,4,4,3.58,False,13.2,under-trust
R546,36,male,2,surface,1,8000,610,deny,82,True,5,5,6,5,5,5,5,6,5,5,6,4,5.17,True,10.7,calibrated
R546,36,male,2,surface,2,15000,705,approve,91,True,5,6,6,4,6,7,6,5,5,6,5,5,5.5,False,11.8,calibrated
R546,36,male,2,surface,3,22000,640,approve,58,True,5,6,5,6,6,5,5,6,5,5,5,4,5.25,True,16.8,calibrated
R546,36,male,2,surface,4,5000,590,deny,74,True,7,7,7,7,7,6,7,6,6,7,6,7,6.67,True,18.2,calibrated
R546,36,male,2,surface,5,30000,720,approve,88,True,6,6,7,7,6,5,6,5,7,6,7,6,6.17,True,26.5,calibrated
R546,36,male,2,surface,6,12000,655,deny,63,False,4,5,5,5,4,5,5,5,5,4,4,4,4.58,False,13.8,over-trust
R546,36,male,2,surface,7,9000,680,approve,77,True,5,5,6,6,6,6,5,7,6,6,6,7,5.92,True,11.1,calibrated
R546,36,male,2,surface,8,18000,600,approve,55,False,1,5,3,4,4,2,3,3,3,3,4,4,3.25,True,20.4,calibrated
R546,36,male,2,surface,9,7000,730,approve,94,True,6,7,7,6,6,6,6,6,6,5,6,6,6.08,True,8.4,calibrated
R546,36,male,2,surface,10,25000,620,deny,69,True,4,5,4,5,5,5,5,4,5,4,4,4,4.5,True,18.6,calibrated
R547,44,female,3,counterfactual,1,8000,610,deny,82,True,7,7,6,6,7,6,6,7,7,7,5,6,6.42,False,16.4,calibrated
R547,44,female,3,counterfactual,2,15000,705,approve,91,True,6,7,6,7,7,7,6,6,7,6,7,6,6.5,True,21.0,calibrated
R547,44,female,3,counterfactual,3,22000,640,approve,58,True,6,6,6,5,5,6,5,5,7,6,5,6,5.67,True,13.1,calibrated
R547,44,female,3,counterfactual,4,5000,590,deny,74,True,5,6,5,4,5,6,4,6,5,6,6,6,5.33,True,14.1,calibrated
R547,44,female,3,counterfactual,5,30000,720,approve,88,True,7,7,7,6,6,6,6,6,6,7,6,7,6.42,True,17.8,calibrated
R547,44,female,3,counterfactual,6,12000,655,deny,63,False,3,2,3,3,2,3,2,3,3,2,3,3,2.67,False,12.8,calibrated
R547,44,female,3,counterfactual,7,9000,680,approve,77,True,7,6,7,5,7,6,5,6,6,7,6,5,6.08,True,17.6,calibrated
R547,44,female,3,counterfactual,8,18000,600,approve,55,False,2,3,2,2,3,3,4,4,3,3,3,4,3,True,20.6,calibrated
R547,44,female,3,counterfactual,9,7000,730,approve,94,True,6,6,7,4,7,6,5,6,6,6,7,6,6,True,21.2,calibrated
R547,44,female,3,counterfactual,10,25000,620,deny,69,True,5,5,7,6,7,6,5,7,6,6,5,7,6,True,3.6,calibrated
R548,18,male,5,none,1,8000,610,deny,82,True,5,5,5,6,6,6,5,7,5,5,6,4,5.42,True,17.7,calibrated
R548,18,male,5,none,2,15000,705,approve,91,True,6,6,5,5,5,5,5,5,5,5,6,5,5.25,True,16.8,calibrated
R548,18,male,5,none,3,22000,640,approve,58,True,5,6,5,4,5,5,5,4,6,4,4,4,4.75,False,10.1,calibrated
R548,18,male,5,none,4,5000,590,deny,74,True,4,5,7,5,4,5,5,5,5,6,6,5,5.17,True,15.9,calibrated
R548,18,male,5,none,5,30000,720,approve,88,True,7,5,6,6,5,4,5,6,7,6,5,6,5.67,False,20.6,calibrated
R548,18,male,5,none,6,12000,655,deny,63,False,3,5,6,6,4,5,5,6,5,6,6,5,5.17,True,14.1,over-trust
R548,18,male,5,none,7,9000,680,approve,77,True,4,5,4,5,5,4,3,4,4,4,5,5,4.33,True,7.2,calibrated
R548,18,male,5,none,8,18000,600,approve,55,False,3,3,4,4,4,4,4,4,3,4,3,4,3.67,True,5.6,calibrated
R548,18,male,5,none,9,7000,730,approve,94,True,5,5,6,4,5,5,6,5,6,4,5,6,5.17,False,20.4,calibrated
R548,18,male,5,none,10,25000,620,deny,69,True,4,5,3,5,4,5,4,4,6,4,4,4,4.33,False,8.9,calibrated
R549,23,male,3,counterfactual,1,8000,610,deny,82,True,6,6,7,7,7,6,7,6,6,6,6,7,6.42,True,13.3,calibrated
R549,23,male,3,counterfactual,2,15000,705,approve,91,True,7,7,6,7,6,6,7,7,7,7,7,6,6.67,True,20.7,calibrated
R549,23,male,3,counterfactual,3,22000,640,approve,58,True,6,6,5,6,6,7,7,6,6,6,7,6,6.17,False,16.6,calibrated
R549,23,male,3,counterfactual,4,5000,590,deny,74,True,6,6,6,7,6,5,6,6,7,6,6,6,6.08,True,14.3,calibrated
R549,23,male,3,counterfactual,5,30000,720,approve,88,True,5,6,6,6,7,6,6,6,5,6,6,5,5.83,False,22.0,calibrated
R549,23,male,3,counterfactual,6,12000,655,deny,63,False,4,3,3,3,3,3,3,3,3,4,4,4,3.33,True,6.9,calibrated
R549,23,male,3,counterfactual,7,9000,680,approve,77,True,6,5,7,6,7,6,5,5,6,6,5,6,5.83,False,23.5,calibrated
R549,23,male,3,counterfactual,8,18000,600,approve,55,False,3,4,4,4,2,3,3,3,3,3,2,4,3.17,True,17.9,calibrated
R549,23,male,3,counterfactual,9,7000,730,approve,94,True,6,7,7,6,7,7,7,6,7,7,6,7,6.67,True,11.7,calibrated
R549,23,male,3,counterfactual,10,25000,620,deny,69,True,4,7,6,6,6,6,6,6,5,7,7,6,6,True,4.5,calibrated
R550,27,male,4,surface,1,8000,610,deny,82,True,6,6,7,6,6,6,6,6,6,4,7,6,6,False,15.8,calibrated
R550,27,male,4,surface,2,15000,705,approve,91,True,7,4,7,6,5,6,6,6,5,6,5,6,5.75,True,16.1,calibrated
R550,27,male,4,surface,3,22000,640,approve,58,True,4,4,5,5,4,5,5,5,5,6,5,5,4.83,False,14.9,calibrated
R550,27,male,4,surface,4,5000,590,deny,74,True,5,4,4,6,7,5,6,6,5,5,6,5,5.33,False,15.0,calibrated
R550,27,male,4,surface,5,30000,720,approve,88,True,5,5,7,6,6,5,7,5,6,6,7,6,5.92,False,11.6,calibrated
R550,27,male,4,surface,6,12000,655,deny,63,False,5,5,4,4,4,4,4,5,4,6,4,4,4.42,False,17.3,over-trust
R550,27,male,4,surface,7,9000,680,approve,77,True,5,4,5,5,5,4,5,6,4,5,5,4,4.75,True,10.9,calibrated
R550,27,male,4,surface,8,18000,600,approve,55,False,2,4,3,3,2,3,2,3,2,3,2,3,2.67,False,12.4,calibrated
R550,27,male,4,surface,9,7000,730,approve,94,True,5,4,6,5,5,5,6,6,6,5,6,6,5.42,True,7.5,calibrated
R550,27,male,4,surface,10,25000,620,deny,69,True,4,5,5,4,5,4,3,5,5,5,6,5,4.67,True,15.3,calibrated
R551,32,male,5,surface,1,8000,610,deny,82,True,5,6,6,5,5,6,5,4,6,5,5,5,5.25,False,7.1,calibrated
R551,32,male,5,surface,2,15000,705,approve,91,True,5,6,6,6,6,7,6,7,7,6,5,6,6.08,True,14.4,calibrated
R551,32,male,5,surface,3,22000,640,approve,58,True,5,6,6,5,5,7,5,4,5,5,5,5,5.25,True,14.0,calibrated
R551,32,male,5,surface,4,5000,590,deny,74,True,5,5,6,5,5,4,5,4,6,5,5,6,5.08,True,12.2,calibrated
R551,32,male,5,surface,5,30000,720,approve,88,True,5,6,6,7,7,6,6,6,5,7,6,6,6.08,True,16.2,calibrated
R551,32,male,5,surface,6,12000,655,deny,63,False,2,4,5,5,4,3,4,5,4,4,4,5,4.08,True,19.7,over-trust
R551,32,male,5,surface,7,9000,680,approve,77,True,4,5,5,5,4,6,5,5,6,5,4,6,5,True,14.9,calibrated
R551,32,male,5,surface,8,18000,600,approve,55,False,2,4,4,3,2,2,3,2,3,3,2,3,2.75,True,17.7,calibrated
R551,32,male,5,surface,9,7000,730,approve,94,True,6,6,5,5,6,6,6,7,6,7,6,7,6.08,True,11.2,calibrated
R551,32,male,5,surface,10,25000,620,deny,69,True,5,5,6,5,5,5,5,5,6,6,5,5,5.25,True,15.0,calibrated
R552,21,nonbinary,4,counterfactual,1,8000,610,deny,82,True,6,5,7,7,6,6,6,7,6,6,6,6,6.17,True,14.5,calibrated
R552,21,nonbinary,4,counterfactual,2,15000,705,approve,91,True,6,6,6,6,6,5,7,6,6,7,7,7,6.25,True,19.7,calibrated
R552,21,nonbinary,4,counterfactual,3,22000,640,approve,58,True,5,5,6,6,6,6,5,6,5,5,5,5,5.42,True,7.0,calibrated
R552,21,nonbinary,4,counterfactual,4,5000,590,deny,74,True,6,7,6,6,6,5,7,5,6,6,7,6,6.08,False,12.8,calibrated
R552,21,nonbinary,4,counterfactual,5,30000,720,approve,88,True,6,7,6,5,6,6,7,7,6,7,6,5,6.17,True,15.6,calibrated
R552,21,nonbinary,4,counterfactual,6,12000,655,deny,63,False,3,2,2,4,3,3,4,2,3,3,4,3,3,True,22.0,calibrated
R552,21,nonbinary,4,counterfactual,7,9000,680,approve,77,True,6,6,6,7,5,7,6,6,7,6,6,6,6.17,False,12.9,calibrated
R552,21,nonbinary,4,counterfactual,8,18000,600,approve,55,False,3,5,3,3,5,3,3,3,4,3,3,2,3.33,False,18.1,calibrated
R552,21,nonbinary,4,counterfactual,9,7000,730,approve,94,True,6,7,6,7,7,7,7,7,7,7,7,6,6.75,True,16.5,calibrated
R552,21,nonbinary,4,counterfactual,10,25000,620,deny,69,True,4,5,4,5,6,6,4,7,6,5,7,5,5.33,True,10.5,calibrated
R553,26,female,4,surface,1,8000,610,deny,82,True,5,5,7,6,6,5,6,4,6,6,4,5,5.42,True,13.3,calibrated
R553,26,female,4,surface,2,15000,705,approve,91,True,7,6,6,6,5,6,7,7,6,6,5,6,6.08,True,5.0,calibrated
R553,26,female,4,surface,3,22000,640,approve,58,True,6,5,4,5,5,4,6,3,5,6,4,5,4.83,True,13.9,calibrated
R553,26,female,4,surface,4,5000,590,deny,74,True,6,5,5,6,5,6,6,5,5,5,6,5,5.42,True,15.5,calibrated
R553,26,female,4,surface,5,30000,720,approve,88,True,5,6,6,6,7,5,7,5,5,7,6,7,6,True,10.9,calibrated
R553,26,female,4,surface,6,12000,655,deny,63,False,3,4,2,3,4,4,4,5,4,4,4,3,3.67,True,10.3,calibrated
R553,26,female,4,surface,7,9000,680,approve,77,True,6,7,6,6,6,5,4,6,5,7,7,7,6,True,12.7,calibrated
R553,26,female,4,surface,8,18000,600,approve,55,False,3,5,5,3,4,3,3,4,4,5,4,4,3.92,True,18.2,calibrated
R553,26,female,4,surface,9,7000,730,approve,94,True,7,6,7,6,6,6,6,5,7,6,6,5,6.08,True,15.5,calibrated
R553,26,female,4,surface,10,25000,620,deny,69,True,5,5,5,5,5,4,4,5,5,4,4,6,4.75,False,21.5,calibrated
R554,38,male,1,counterfactual,1,8000,610,deny,82,True,6,6,6,6,7,7,7,6,6,7,6,6,6.33,True,13.1,calibrated
R554,38,male,1,counterfactual,2,15000,705,approve,91,True,6,6,6,7,7,6,7,6,7,6,6,6,6.33,True,15.3,calibrated
R554,38,male,1,counterfactual,3,22000,640,approve,58,True,5,5,4,5,5,5,5,4,5,5,5,5,4.83,True,8.9,calibrated
R554,38,male,1,counterfactual,4,5000,590,deny,74,True,5,5,6,6,5,5,6,6,6,7,7,6,5.83,True,15.7,calibrated
R554,38,male,1,counterfactual,5,30000,720,approve,88,True,7,6,7,6,7,7,6,7,7,6,6,6,6.5,True,8.4,calibrated
R554,38,male,1,counterfactual,6,12000,655,deny,63,False,4,3,3,3,3,3,3,3,4,3,4,5,3.42,True,25.3,calibrated
R554,38,male,1,counterfactual,7,9000,680,approve,77,True,6,5,7,6,6,6,5,6,4,6,4,5,5.5,True,9.0,calibrated
R554,38,male,1,counterfactual,8,18000,600,approve,55,False,4,4,4,4,5,3,5,2,4,4,4,4,3.92,False,20.3,calibrated
R554,38,male,1,counterfactual,9,7000,730,approve,94,True,7,7,6,6,7,6,7,6,7,6,6,6,6.42,False,16.2,calibrated
R554,38,male,1,counterfactual,10,25000,620,deny,69,True,6,6,5,5,5,5,7,6,7,5,6,6,5.75,True,23.3,calibrated
R555,40,male,2,counterfactual,1,8000,610,deny,82,True,6,6,6,7,6,5,6,6,6,7,6,7,6.17,True,9.6,calibrated
R555,40,male,2,counterfactual,2,15000,705,approve,91,True,7,6,7,6,5,7,6,6,6,6,5,6,6.08,True,15.2,calibrated
R555,40,male,2,counterfactual,3,22000,640,approve,58,True,6,6,5,5,7,5,5,5,6,5,5,5,5.42,False,11.7,calibrated
R555,40,male,2,counterfactual,4,5000,590,deny,74,True,7,6,6,7,7,6,7,6,6,6,6,6,6.33,True,13.3,calibrated
R555,40,male,2,counterfactual,5,30000,720,approve,88,True,7,7,7,7,7,7,7,7,7,6,7,7,6.92,True,14.9,calibrated
R555,40,male,2,counterfactual,6,12000,655,deny,63,False,4,6,4,5,3,4,3,4,4,3,5,4,4.08,False,10.2,over-trust
R555,40,male,2,counterfactual,7,9000,680,approve,77,True,7,5,6,6,5,7,7,6,7,7,6,7,6.33,True,7.4,calibrated
R555,40,male,2,counterfactual,8,18000,600,approve,55,False,3,4,5,3,2,3,2,3,4,2,4,3,3.17,True,10.2,calibrated
R555,40,male,2,counterfactual,9,7000,730,approve,94,True,7,6,7,4,7,6,7,7,7,5,6,6,6.25,True,20.9,calibrated
R555,40,male,2,counterfactual,10,25000,620,deny,69,True,5,5,4,4,7,5,5,6,5,5,5,5,5.08,False,12.6,calibrated
R556,37,male,3,counterfactual,1,8000,610,deny,82,True,6,7,6,5,7,5,6,6,5,5,7,5,5.83,False,16.7,calibrated
R556,37,male,3,counterfactual,2,15000,705,approve,91,True,7,7,7,7,7,7,7,6,6,7,6,7,6.75,True,14.9,calibrated
R556,37,male,3,counterfactual,3,22000,640,approve,58,True,6,5,7,7,6,6,6,6,7,7,5,7,6.25,True,16.1,calibrated
R556,37,male,3,counterfactual,4,5000,590,deny,74,True,6,5,5,6,6,7,6,6,6,6,5,7,5.92,True,11.4,calibrated
R556,37,male,3,counterfactual,5,30000,720,approve,88,True,6,7,7,6,7,7,7,7,7,7,7,7,6.83,True,3,calibrated
R556,37,male,3,counterfactual,6,12000,655,deny,63,False,4,3,3,3,2,2,2,3,2,2,1,3,2.5,False,7.5,calibrated
R556,37,male,3,counterfactual,7,9000,680,approve,77,True,6,5,7,7,6,6,4,7,6,5,6,6,5.92,True,13.0,calibrated
R556,37,male,3,counterfactual,8,18000,600,approve,55,False,3,3,3,4,2,1,3,4,2,3,2,2,2.67,False,12.6,calibrated
R556,37,male,3,counterfactual,9,7000,730,approve,94,True,7,6,7,7,7,7,7,6,6,7,6,7,6.67,True,8.4,calibrated
R556,37,male,3,counterfactual,10,25000,620,deny,69,True,7,6,7,6,7,6,7,7,7,7,7,6,6.67,True,19.2,calibrated
R557,28,male,3,counterfactual,1,8000,610,deny,82,True,6,7,7,7,6,6,5,7,7,6,7,7,6.5,True,23.4,calibrated
R557,28,male,3,counterfactual,2,15000,705,approve,91,True,5,6,7,6,5,6,7,4,5,7,6,6,5.83,False,16.3,calibrated
R557,28,male,3,counterfactual,3,22000,640,approve,58,True,6,6,7,5,6,7,5,6,7,7,5,6,6.08,True,18.6,calibrated
R557,28,male,3,counterfactual,4,5000,590,deny,74,True,6,6,6,7,5,7,7,6,6,7,6,6,6.25,True,11.3,calibrated
R557,28,male,3,counterfactual,5,30000,720,approve,88,True,6,7,7,6,7,5,6,7,6,7,7,7,6.5,True,8.5,calibrated
R557,28,male,3,counterfactual,6,12000,655,deny,63,False,3,3,4,3,3,3,3,2,3,3,2,3,2.92,False,10.0,calibrated
R557,28,male,3,counterfactual,7,9000,680,approve,77,True,7,6,5,5,6,6,6,5,5,6,5,6,5.67,False,7.6,calibrated
R557,28,male,3,counterfactual,8,18000,600,approve,55,False,3,4,4,4,4,4,4,3,4,4,4,4,3.83,False,14.7,calibrated
R557,28,male,3,counterfactual,9,7000,730,approve,94,True,7,6,7,7,7,7,6,7,7,6,5,7,6.58,True,9.6,calibrated
R557,28,male,3,counterfactual,10,25000,620,deny,69,True,6,7,6,6,5,5,6,5,7,6,6,6,5.92,True,15.6,calibrated
R558,49,female,5,none,1,8000,610,deny,82,True,5,4,5,4,4,5,4,5,4,4,5,4,4.42,True,11.1,calibrated
R558,49,female,5,none,2,15000,705,approve,91,True,6,5,6,6,5,5,7,6,6,7,6,6,5.92,True,16.9,calibrated
R558,49,female,5,none,3,22000,640,approve,58,True,4,5,5,5,6,5,4,5,3,6,5,6,4.92,True,13.7,calibrated
R558,49,female,5,none,4,5000,590,deny,74,True,5,6,4,5,4,5,5,4,5,5,4,5,4.75,False,11.7,calibrated
R558,49,female,5,none,5,30000,720,approve,88,True,5,5,5,5,5,6,4,5,4,5,5,5,4.92,True,16.2,calibrated
R558,49,female,5,none,6,12000,655,deny,63,False,4,4,3,5,4,4,3,4,3,4,4,4,3.83,True,10.1,calibrated
R558,49,female,5,none,7,9000,680,approve,77,True,4,5,6,5,5,5,5,5,6,5,6,6,5.25,True,3.0,calibrated
R558,49,female,5,none,8,18000,600,approve,55,False,3,4,4,5,4,4,4,4,2,2,3,3,3.5,False,20.7,calibrated
R558,49,female,5,none,9,7000,730,approve,94,True,7,6,6,6,7,6,6,6,6,6,6,6,6.17,False,9.7,calibrated
R558,49,female,5,none,10,25000,620,deny,69,True,5,7,5,4,6,5,5,7,6,6,5,6,5.58,True,14.2,calibrated
R559,35,male,4,surface,1,8000,610,deny,82,True,7,6,5,6,5,7,5,6,6,4,5,6,5.67,True,15.1,calibrated
R559,35,male,4,surface,2,15000,705,approve,91,True,6,6,7,6,5,6,7,6,5,5,5,5,5.75,True,20.4,calibrated
R559,35,male,4,surface,3,22000,640,approve,58,True,5,4,4,5,5,4,6,5,5,5,5,6,4.92,True,3,calibrated
R559,35,male,4,surface,4,5000,590,deny,74,True,5,6,6,7,6,6,5,5,6,4,6,5,5.58,False,16.8,calibrated
R559,35,male,4,surface,5,30000,720,approve,88,True,7,5,6,5,5,6,5,6,4,5,5,6,5.42,True,22.3,calibrated
R559,35,male,4,surface,6,12000,655,deny,63,False,5,3,5,4,4,3,4,4,4,3,3,2,3.67,True,12.1,calibrated
R559,35,male,4,surface,7,9000,680,approve,77,True,6,5,5,4,5,4,4,4,5,4,5,7,4.83,True,13.5,calibrated
R559,35,male,4,surface,8,18000,600,approve,55,False,3,5,3,3,4,3,4,3,3,4,4,4,3.58,False,15.5,calibrated
R559,35,male,4,surface,9,7000,730,approve,94,True,5,6,5,5,5,6,5,6,6,5,5,5,5.33,False,13.8,calibrated
R559,35,male,4,surface,10,25000,620,deny,69,True,6,5,5,4,5,6,5,5,5,5,6,5,5.17,True,10.7,calibrated
R560,30,female,2,surface,1,8000,610,deny,82,True,6,5,6,6,6,5,5,6,5,7,7,6,5.83,True,8.4,calibrated
R560,30,female,2,surface,2,15000,705,approve,91,True,7,5,5,6,7,6,6,6,6,5,5,6,5.83,True,5.5,calibrated
R560,30,female,2,surface,3,22000,640,approve,58,True,3,4,5,5,6,5,5,5,5,5,5,5,4.83,True,16.1,calibrated
R560,30,female,2,surface,4,5000,590,deny,74,True,5,5,5,6,4,6,5,5,5,7,5,5,5.25,True,11.2,calibrated
R560,30,female,2,surface,5,30000,720,approve,88,True,5,6,4,5,5,5,6,6,7,5,7,7,5.67,True,15.4,calibrated
R560,30,female,2,surface,6,12000,655,deny,63,False,4,3,4,3,4,5,4,5,3,4,5,5,4.08,True,8.7,over-trust
R560,30,female,2,surface,7,9000,680,approve,77,True,5,6,7,7,5,6,5,6,4,6,5,5,5.58,False,12.0,calibrated
R560,30,female,2,surface,8,18000,600,approve,55,False,3,2,4,3,4,4,4,4,3,3,3,3,3.33,True,7.5,calibrated
R560,30,female,2,surface,9,7000,730,approve,94,True,7,6,7,7,7,6,6,6,6,7,6,6,6.42,True,27.2,calibrated
R560,30,female,2,surface,10,25000,620,deny,69,True,5,5,5,5,5,6,5,6,4,5,6,5,5.17,False,15.3,calibrated
R561,30,male,4,surface,1,8000,610,deny,82,True,6,6,5,7,5,5,6,5,6,6,7,7,5.92,True,16.9,calibrated
R561,30,male,4,surface,2,15000,705,approve,91,True,5,5,7,6,6,6,6,6,7,6,6,6,6,True,14.9,calibrated
R561,30,male,4,surface,3,22000,640,approve,58,True,4,4,5,4,4,5,4,4,5,5,5,4,4.42,True,4.8,calibrated
R561,30,male,4,surface,4,5000,590,deny,74,True,4,7,6,6,6,5,6,5,5,6,6,5,5.58,True,12.8,calibrated
R561,30,male,4,surface,5,30000,720,approve,88,True,7,7,6,7,6,5,7,7,7,6,5,6,6.33,True,10.2,calibrated
R561,30,male,4,surface,6,12000,655,deny,63,False,3,4,3,4,4,4,4,4,3,4,4,3,3.67,False,10.7,calibrated
R561,30,male,4,surface,7,9000,680,approve,77,True,4,6,6,6,7,6,5,5,6,6,6,5,5.67,False,12.5,calibrated
R561,30,male,4,surface,8,18000,600,approve,55,False,4,5,3,4,6,5,4,4,4,3,5,3,4.17,False,10.7,over-trust
R561,30,male,4,surface,9,7000,730,approve,94,True,5,7,6,6,5,6,6,6,7,6,6,7,6.08,True,13.4,calibrated
R561,30,male,4,surface,10,25000,620,deny,69,True,6,6,6,6,4,4,6,5,5,5,5,6,5.33,False,11.6,calibrated
R562,25,female,3,counterfactual,1,8000,610,deny,82,True,7,7,7,7,6,6,6,5,7,6,6,5,6.25,True,8.4,calibrated
R562,25,female,3,counterfactual,2,15000,705,approve,91,True,7,6,7,7,7,7,7,7,7,7,7,7,6.92,True,10.8,calibrated
R562,25,female,3,counterfactual,3,22000,640,approve,58,True,5,5,4,4,5,4,5,5,4,4,4,5,4.5,True,13.0,calibrated
R562,25,female,3,counterfactual,4,5000,590,deny,74,True,5,7,6,5,6,6,6,6,5,5,6,5,5.67,True,26.5,calibrated
R562,25,female,3,counterfactual,5,30000,720,approve,88,True,7,5,5,6,5,6,4,6,6,5,5,5,5.42,True,11.4,calibrated
R562,25,female,3,counterfactual,6,12000,655,deny,63,False,4,4,4,4,3,3,4,4,1,2,5,4,3.5,False,3,calibrated
R562,25,female,3,counterfactual,7,9000,680,approve,77,True,5,5,6,7,5,6,6,6,5,6,7,7,5.92,True,14.0,calibrated
R562,25,female,3,counterfactual,8,18000,600,approve,55,False,3,2,3,2,1,3,4,3,3,2,2,4,2.67,True,12.7,calibrated
R562,25,female,3,counterfactual,9,7000,730,approve,94,True,7,6,6,7,6,6,6,6,6,6,7,7,6.33,False,14.0,calibrated
R562,25,female,3,counterfactual,10,25000,620,deny,69,True,5,6,6,6,7,5,5,5,5,6,6,7,5.75,True,15.5,calibrated
R563,37,male,1,surface,1,8000,610,deny,82,True,6,3,5,5,5,5,7,6,6,7,7,6,5.67,True,19.4,calibrated
R563,37,male,1,surface,2,15000,705,approve,91,True,6,6,6,6,7,6,7,7,7,5,5,5,6.08,True,17.9,calibrated
R563,37,male,1,surface,3,22000,640,approve,58,True,6,5,4,6,5,4,5,6,6,5,6,5,5.25,True,13.0,calibrated
R563,37,male,1,surface,4,5000,590,deny,74,True,5,6,6,6,7,6,5,7,5,5,4,7,5.75,True,12.1,calibrated
R563,37,male,1,surface,5,30000,720,approve,88,True,5,5,6,7,5,7,5,5,6,6,6,5,5.67,True,24.1,calibrated
R563,37,male,1,surface,6,12000,655,deny,63,False,4,3,4,5,3,5,4,3,4,3,4,4,3.83,False,13.6,calibrated
R563,37,male,1,surface,7,9000,680,approve,77,True,5,6,5,6,5,5,5,5,4,6,6,5,5.25,True,15.6,calibrated
R563,37,male,1,surface,8,18000,600,approve,55,False,3,3,4,3,4,5,3,3,4,4,4,4,3.67,False,18.1,calibrated
R563,37,male,1,surface,9,7000,730,approve,94,True,6,7,6,6,5,7,6,7,7,6,6,6,6.25,False,11.7,calibrated
R563,37,male,1,surface,10,25000,620,deny,69,True,4,5,5,3,4,5,4,5,3,6,5,6,4.58,True,6.6,calibrated
R564,41,female,2,surface,1,8000,610,deny,82,True,5,6,6,6,7,5,6,5,6,5,5,5,5.58,False,22.5,calibrated
R564,41,female,2,surface,2,15000,705,approve,91,True,6,6,7,6,7,7,6,7,7,6,7,6,6.5,True,16.1,calibrated
R564,41,female,2,surface,3,22000,640,approve,58,True,5,5,4,6,4,5,4,3,5,4,5,6,4.67,False,9.0,calibrated
R564,41,female,2,surface,4,5000,590,deny,74,True,5,5,4,4,6,5,5,5,6,5,6,5,5.08,False,9.7,calibrated
R564,41,female,2,surface,5,30000,720,approve,88,True,7,5,6,7,6,6,5,6,6,7,6,5,6,True,14.1,calibrated
R564,41,female,2,surface,6,12000,655,deny,63,False,1,4,4,3,2,3,3,2,3,4,4,3,3,True,7.0,calibrated
R564,41,female,2,surface,7,9000,680,approve,77,True,5,5,4,5,5,5,4,5,5,6,6,5,5,False,12.6,calibrated
R564,41,female,2,surface,8,18000,600,approve,55,False,3,3,4,3,3,3,1,3,2,4,2,3,2.83,False,3,calibrated
R564,41,female,2,surface,9,7000,730,approve,94,True,7,5,6,6,6,6,6,5,6,6,6,7,6,True,17.5,calibrated
R564,41,female,2,surface,10,25000,620,deny,69,True,5,5,4,5,6,6,5,5,5,5,5,7,5.25,False,7.3,calibrated
R565,43,female,5,none,1,8000,610,deny,82,True,5,6,6,6,5,6,5,6,5,4,4,5,5.25,True,16.9,calibrated
R565,43,female,5,none,2,15000,705,approve,91,True,5,4,5,5,6,5,6,5,5,5,6,5,5.17,False,15.6,calibrated
R565,43,female,5,none,3,22000,640,approve,58,True,5,4,5,5,5,5,4,3,4,4,5,5,4.5,False,14.9,calibrated
R565,43,female,5,none,4,5000,590,deny,74,True,5,6,5,6,5,5,5,5,6,6,6,4,5.33,False,4.4,calibrated
R565,43,female,5,none,5,30000,720,approve,88,True,6,5,6,6,6,6,5,7,5,6,6,5,5.75,True,14.9,calibrated
R565,43,female,5,none,6,12000,655,deny,63,False,6,5,5,4,5,4,4,4,5,4,4,5,4.58,True,9.5,over-trust
R565,43,female,5,none,7,9000,680,approve,77,True,5,5,5,6,6,7,6,6,4,6,6,4,5.5,True,9.9,calibrated
R565,43,female,5,none,8,18000,600,approve,55,False,5,2,2,4,3,3,3,4,5,5,4,4,3.67,False,24.9,calibrated
R565,43,female,5,none,9,7000,730,approve,94,True,5,6,5,6,6,6,5,7,7,7,7,4,5.92,True,4.4,calibrated
R565,43,female,5,none,10,25000,620,deny,69,True,4,5,6,5,7,5,6,5,4,6,5,6,5.33,True,14.8,calibrated
R566,28,female,4,none,1,8000,610,deny,82,True,4,5,5,5,5,6,5,5,4,5,5,6,5,True,14.1,calibrated
R566,28,female,4,none,2,15000,705,approve,91,True,6,6,6,6,6,6,6,5,5,7,6,5,5.83,True,12.0,calibrated
R566,28,female,4,none,3,22000,640,approve,58,True,4,4,3,3,4,4,3,5,4,4,3,3,3.67,False,13.8,under-trust
R566,28,female,4,none,4,5000,590,deny,74,True,6,5,6,6,5,6,5,5,6,5,7,5,5.58,True,7.5,calibrated
R566,28,female,4,none,5,30000,720,approve,88,True,6,5,5,5,4,6,6,6,7,5,5,6,5.5,True,7.6,calibrated
R566,28,female,4,none,6,12000,655,deny,63,False,4,4,4,4,4,4,4,5,4,3,4,3,3.92,True,20.6,calibrated
R566,28,female,4,none,7,9000,680,approve,77,True,7,7,5,6,6,5,6,5,6,5,5,6,5.75,True,12.8,calibrated
R566,28,female,4,none,8,18000,600,approve,55,False,4,3,4,4,5,5,5,4,4,4,4,5,4.25,False,12.3,over-trust
R566,28,female,4,none,9,7000,730,approve,94,True,5,6,5,6,7,6,6,5,7,7,5,5,5.83,True,10.4,calibrated
R566,28,female,4,none,10,25000,620,deny,69,True,5,5,6,4,4,4,5,4,4,4,3,5,4.42,False,16.9,calibrated
R567,21,female,4,none,1,8000,610,deny,82,True,5,5,4,4,5,4,4,5,4,4,4,4,4.33,True,18.5,calibrated
R567,21,female,4,none,2,15000,705,approve,91,True,5,5,5,6,6,5,5,6,6,6,6,5,5.5,False,11.2,calibrated
R567,21,female,4,none,3,22000,640,approve,58,True,6,5,3,6,6,4,5,5,5,3,5,4,4.75,True,11.1,calibrated
R567,21,female,4,none,4,5000,590,deny,74,True,6,5,5,6,6,6,5,5,6,4,6,5,5.42,False,20.8,calibrated
R567,21,female,4,none,5,30000,720,approve,88,True,5,5,5,5,5,6,4,5,5,5,5,6,5.08,True,19.6,calibrated
R567,21,female,4,none,6,12000,655,deny,63,False,4,4,4,5,5,5,5,4,3,4,4,5,4.33,False,14.6,over-trust
R567,21,female,4,none,7,9000,680,approve,77,True,5,5,7,4,5,6,6,5,5,5,5,6,5.33,True,22.4,calibrated
R567,21,female,4,none,8,18000,600,approve,55,False,5,3,4,2,3,4,4,4,3,4,4,4,3.67,False,16.6,calibrated
R567,21,female,4,none,9,7000,730,approve,94,True,6,5,6,6,5,6,7,6,6,7,7,6,6.08,True,14.2,calibrated
R567,21,female,4,none,10,25000,620,deny,69,True,4,5,5,5,4,4,4,5,6,4,5,5,4.67,True,15.3,calibrated
R568,20,male,2,surface,1,8000,610,deny,82,True,7,7,6,6,7,7,6,7,7,6,6,7,6.58,True,4.1,calibrated
R568,20,male,2,surface,2,15000,705,approve,91,True,7,6,6,4,6,5,6,6,7,6,7,7,6.08,True,11.1,calibrated
R568,20,male,2,surface,3,22000,640,approve,58,True,6,7,6,5,5,6,5,6,4,5,6,6,5.58,False,17.7,calibrated
R568,20,male,2,surface,4,5000,590,deny,74,True,6,6,6,5,5,6,6,5,6,7,6,6,5.83,True,16.9,calibrated
R568,20,male,2,surface,5,30000,720,approve,88,True,7,6,6,7,7,7,7,7,6,6,5,6,6.42,True,19.6,calibrated
R568,20,male,2,surface,6,12000,655,deny,63,False,4,4,4,4,3,2,4,4,4,5,3,4,3.75,False,14.7,calibrated
R568,20,male,2,surface,7,9000,680,approve,77,True,5,6,5,6,5,4,6,6,6,5,6,5,5.42,True,14.4,calibrated
R568,20,male,2,surface,8,18000,600,approve,55,False,3,4,4,4,3,4,4,3,5,3,3,5,3.75,True,9.3,calibrated
R568,20,male,2,surface,9,7000,730,approve,94,True,6,6,5,6,6,7,5,5,6,5,5,5,5.58,True,8.8,calibrated
R568,20,male,2,surface,10,25000,620,deny,69,True,4,5,5,5,5,7,5,4,4,5,5,5,4.92,False,11.4,calibrated
R569,52,female,5,none,1,8000,610,deny,82,True,5,5,5,5,5,5,6,5,6,4,5,5,5.08,True,11.8,calibrated
R569,52,female,5,none,2,15000,705,approve,91,True,6,5,6,6,5,6,5,6,6,6,6,6,5.75,True,19.7,calibrated
R569,52,female,5,none,3,22000,640,approve,58,True,5,4,5,5,5,6,5,5,6,6,5,5,5.17,True,15.3,calibrated
R569,52,female,5,none,4,5000,590,deny,74,True,6,5,5,5,5,6,5,5,5,6,6,5,5.33,True,10.6,calibrated
R569,52,female,5,none,5,30000,720,approve,88,True,6,5,7,5,6,6,5,6,6,6,5,6,5.75,True,19.0,calibrated
R569,52,female,5,none,6,12000,655,deny,63,False,5,4,4,4,4,4,5,3,4,5,4,6,4.33,True,14.0,over-trust
R569,52,female,5,none,7,9000,680,approve,77,True,4,5,5,3,4,6,5,5,5,5,7,5,4.92,True,19.1,calibrated
R569,52,female,5,none,8,18000,600,approve,55,False,4,4,4,3,3,4,5,4,5,4,5,4,4.08,True,9.3,over-trust
R569,52,female,5,none,9,7000,730,approve,94,True,6,6,5,6,7,5,6,4,6,6,5,5,5.58,False,13.7,calibrated
R569,52,female,5,none,10,25000,620,deny,69,True,4,4,4,5,4,4,2,4,5,4,5,5,4.17,True,7.2,calibrated
R570,25,male,3,counterfactual,1,8000,610,deny,82,True,7,5,7,7,7,7,7,7,7,6,7,7,6.75,True,3.8,calibrated
R570,25,male,3,counterfactual,2,15000,705,approve,91,True,4,5,5,6,5,6,7,5,6,6,6,6,5.58,True,16.3,calibrated
R570,25,male,3,counterfactual,3,22000,640,approve,58,True,5,5,5,6,6,5,5,5,5,6,6,5,5.33,False,19.4,calibrated
R570,25,male,3,counterfactual,4,5000,590,deny,74,True,6,6,7,7,7,7,7,7,6,7,7,6,6.67,True,13.5,calibrated
R570,25,male,3,counterfactual,5,30000,720,approve,88,True,5,6,6,7,6,5,5,6,6,7,6,7,6,True,22.6,calibrated
R570,25,male,3,counterfactual,6,12000,655,deny,63,False,3,4,4,3,5,4,3,4,3,3,4,3,3.58,False,19.1,calibrated
R570,25,male,3,counterfactual,7,9000,680,approve,77,True,7,6,4,6,5,7,7,5,6,6,5,6,5.83,True,8.4,calibrated
R570,25,male,3,counterfactual,8,18000,600,approve,55,False,2,3,5,3,4,2,3,3,3,3,3,4,3.17,False,20.8,calibrated
R570,25,male,3,counterfactual,9,7000,730,approve,94,True,6,7,7,6,7,6,7,6,7,7,7,7,6.67,True,14.9,calibrated
R570,25,male,3,counterfactual,10,25000,620,deny,69,True,5,6,5,7,6,6,6,5,6,6,5,7,5.83,True,10.4,calibrated
R571,43,nonbinary,2,surface,1,8000,610,deny,82,True,5,5,5,6,6,6,6,6,5,6,5,6,5.58,True,12.3,calibrated
R571,43,nonbinary,2,surface,2,15000,705,approve,91,True,5,6,5,6,6,5,7,6,7,6,6,6,5.92,True,16.2,calibrated
R571,43,nonbinary,2,surface,3,22000,640,approve,58,True,5,4,6,5,6,5,5,5,4,5,5,6,5.08,False,4.9,calibrated
R571,43,nonbinary,2,surface,4,5000,590,deny,74,True,6,7,5,7,6,5,6,6,7,5,7,6,6.08,True,9.6,calibrated
R571,43,nonbinary,2,surface,5,30000,720,approve,88,True,6,5,6,6,4,6,6,5,6,5,5,6,5.5,True,10.3,calibrated
R571,43,nonbinary,2,surface,6,12000,655,deny,63,False,4,3,5,3,3,4,4,3,5,3,2,3,3.5,False,11.0,calibrated
R571,43,nonbinary,2,surface,7,9000,680,approve,77,True,6,5,6,6,5,6,6,4,5,5,6,6,5.5,False,4.4,calibrated
R571,43,nonbinary,2,surface,8,18000,600,approve,55,False,5,5,3,4,3,5,5,3,4,5,4,4,4.17,True,11.4,over-trust
R571,43,nonbinary,2,surface,9,7000,730,approve,94,True,6,5,7,6,5,5,6,6,6,5,6,5,5.67,True,15.5,calibrated
R571,43,nonbinary,2,surface,10,25000,620,deny,69,True,5,5,6,4,5,5,4,5,5,6,5,4,4.92,False,14.6,calibrated
R572,32,female,4,none,1,8000,610,deny,82,True,5,4,4,4,5,5,5,4,5,4,4,4,4.42,True,17.8,calibrated
R572,32,female,4,none,2,15000,705,approve,91,True,5,5,6,6,6,7,6,5,6,6,6,6,5.83,True,17.8,calibrated
R572,32,female,4,none,3,22000,640,approve,58,True,4,5,4,5,4,5,4,6,3,5,5,5,4.58,True,17.1,calibrated
R572,32,female,4,none,4,5000,590,deny,74,True,5,5,5,4,5,5,4,4,5,5,6,5,4.83,True,16.4,calibrated
R572,32,female,4,none,5,30000,720,approve,88,True,5,6,7,6,7,6,7,5,6,7,6,7,6.25,True,6.7,calibrated
R572,32,female,4,none,6,12000,655,deny,63,False,5,5,5,4,4,3,4,4,5,4,5,4,4.33,True,15.9,over-trust
R572,32,female,4,none,7,9000,680,approve,77,True,6,4,6,5,6,5,4,5,4,5,7,4,5.08,True,16.5,calibrated
R572,32,female,4,none,8,18000,600,approve,55,False,4,4,4,4,4,3,3,4,4,4,3,3,3.67,True,18.4,calibrated
R572,32,female,4,none,9,7000,730,approve,94,True,5,6,6,7,6,7,6,6,4,6,6,5,5.83,True,16.2,calibrated
R572,32,female,4,none,10,25000,620,deny,69,True,5,6,5,5,5,5,5,5,5,4,6,5,5.08,True,20.0,calibrated
R573,52,female,3,counterfactual,1,8000,610,deny,82,True,7,7,7,7,7,7,7,7,7,7,7,7,7,True,7.8,calibrated
R573,52,female,3,counterfactual,2,15000,705,approve,91,True,6,7,7,6,7,7,7,7,6,6,6,6,6.5,True,5.8,calibrated
R573,52,female,3,counterfactual,3,22000,640,approve,58,True,5,6,7,6,5,6,7,6,6,6,6,6,6,True,16.3,calibrated
R573,52,female,3,counterfactual,4,5000,590,deny,74,True,7,6,5,7,6,6,6,6,6,7,6,5,6.08,True,21.1,calibrated
R573,52,female,3,counterfactual,5,30000,720,approve,88,True,6,7,6,6,7,6,7,5,7,7,6,6,6.33,False,9.5,calibrated
R573,52,female,3,counterfactual,6,12000,655,deny,63,False,4,3,2,3,4,4,4,3,5,5,4,4,3.75,True,14.8,calibrated
R573,52,female,3,counterfactual,7,9000,680,approve,77,True,6,7,6,6,6,5,6,6,7,6,6,7,6.17,True,10.5,calibrated
R573,52,female,3,counterfactual,8,18000,600,approve,55,False,3,2,3,2,3,3,3,3,2,2,3,3,2.67,False,14.4,calibrated
R573,52,female,3,counterfactual,9,7000,730,approve,94,True,6,6,7,6,7,6,7,7,7,7,7,7,6.67,False,9.5,calibrated
R573,52,female,3,counterfactual,10,25000,620,deny,69,True,6,6,7,6,6,6,6,5,6,6,5,6,5.92,True,9.8,calibrated
R574,34,male,2,counterfactual,1,8000,610,deny,82,True,7,7,6,7,6,6,7,6,7,5,7,6,6.42,True,24.9,calibrated
R574,34,male,2,counterfactual,2,15000,705,approve,91,True,7,6,7,7,7,6,5,7,6,7,7,6,6.5,True,8.9,calibrated
R574,34,male,2,counterfactual,3,22000,640,approve,58,True,5,5,6,6,4,4,5,5,5,5,5,5,5,True,11.2,calibrated
R574,34,male,2,counterfactual,4,5000,590,deny,74,True,6,5,7,6,6,6,7,7,7,6,6,6,6.25,False,21.3,calibrated
R574,34,male,2,counterfactual,5,30000,720,approve,88,True,6,7,7,7,7,7,7,7,7,7,7,7,6.92,True,12.3,calibrated
R574,34,male,2,counterfactual,6,12000,655,deny,63,False,5,2,3,4,3,3,2,1,3,2,2,2,2.67,False,14.8,calibrated
R574,34,male,2,counterfactual,7,9000,680,approve,77,True,5,5,6,7,6,5,6,6,6,6,6,6,5.83,True,5.4,calibrated
R574,34,male,2,counterfactual,8,18000,600,approve,55,False,3,2,2,2,2,3,2,2,2,3,3,1,2.25,True,21.4,calibrated
R574,34,male,2,counterfactual,9,7000,730,approve,94,True,7,7,6,7,7,6,7,6,6,6,7,7,6.58,True,19.1,calibrated
R574,34,male,2,counterfactual,10,25000,620,deny,69,True,6,5,5,6,6,4,7,4,6,5,6,7,5.58,True,6.1,calibrated
R575,37,female,3,none,1,8000,610,deny,82,True,5,5,5,6,5,4,5,5,5,5,5,5,5,True,11.0,calibrated
R575,37,female,3,none,2,15000,705,approve,91,True,7,5,6,6,7,5,5,7,6,6,5,4,5.75,True,16.9,calibrated
R575,37,female,3,none,3,22000,640,approve,58,True,4,2,4,4,4,3,3,3,5,4,4,5,3.75,False,12.6,under-trust
R575,37,female,3,none,4,5000,590,deny,74,True,4,4,5,5,5,7,4,4,5,4,4,4,4.58,True,14.1,calibrated
R575,37,female,3,none,5,30000,720,approve,88,True,5,4,5,4,6,4,6,6,6,5,5,7,5.25,True,16.5,calibrated
R575,37,female,3,none,6,12000,655,deny,63,False,4,6,3,4,5,3,4,4,4,3,4,4,4,True,11.7,over-trust
R575,37,female,3,none,7,9000,680,approve,77,True,4,5,4,4,4,3,6,5,5,3,6,5,4.5,True,14.3,calibrated
R575,37,female,3,none,8,18000,600,approve,55,False,4,4,3,4,5,3,4,4,3,3,4,4,3.75,False,15.2,calibrated
R575,37,female,3,none,9,7000,730,approve,94,True,6,6,6,7,7,6,6,6,6,6,7,6,6.25,True,13.0,calibrated
R575,37,female,3,none,10,25000,620,deny,69,True,6,6,6,7,6,5,7,7,6,7,7,7,6.42,True,13.6,calibrated
R576,18,male,3,counterfactual,1,8000,610,deny,82,True,6,5,5,7,6,5,5,5,5,6,5,5,5.42,True,17.2,calibrated
R576,18,male,3,counterfactual,2,15000,705,approve,91,True,6,7,7,6,7,5,6,6,6,7,6,5,6.17,False,3.6,calibrated
R576,18,male,3,counterfactual,3,22000,640,approve,58,True,7,5,6,6,6,6,7,5,7,5,6,5,5.92,True,13.7,calibrated
R576,18,male,3,counterfactual,4,5000,590,deny,74,True,6,6,7,7,5,7,7,6,7,7,7,6,6.5,True,15.7,calibrated
R576,18,male,3,counterfactual,5,30000,720,approve,88,True,5,6,5,5,6,6,5,6,6,6,6,6,5.67,True,12.0,calibrated
R576,18,male,3,counterfactual,6,12000,655,deny,63,False,1,3,1,3,3,3,3,3,2,3,2,3,2.5,False,8.9,calibrated
R576,18,male,3,counterfactual,7,9000,680,approve,77,True,7,7,7,7,7,6,7,6,6,6,7,6,6.58,True,11.8,calibrated
R576,18,male,3,counterfactual,8,18000,600,approve,55,False,3,4,3,4,4,4,3,4,3,4,2,3,3.42,False,12.3,calibrated
R576,18,male,3,counterfactual,9,7000,730,approve,94,True,7,6,7,6,7,7,6,7,7,7,7,7,6.75,True,27.1,calibrated
R576,18,male,3,counterfactual,10,25000,620,deny,69,True,5,5,4,4,5,6,6,6,5,6,5,5,5.17,False,7.2,calibrated
R577,34,female,5,none,1,8000,610,deny,82,True,5,5,4,5,5,5,5,4,4,4,6,6,4.83,True,12.9,calibrated
R577,34,female,5,none,2,15000,705,approve,91,True,5,6,5,5,5,7,5,4,6,7,5,5,5.42,True,17.4,calibrated
R577,34,female,5,none,3,22000,640,approve,58,True,4,4,3,4,5,4,4,4,5,4,4,4,4.08,False,14.0,calibrated
R577,34,female,5,none,4,5000,590,deny,74,True,7,5,5,6,6,6,6,5,7,6,6,5,5.83,True,10.5,calibrated
R577,34,female,5,none,5,30000,720,approve,88,True,5,4,4,5,6,5,4,5,5,5,5,4,4.75,False,18.9,calibrated
R577,34,female,5,none,6,12000,655,deny,63,False,4,3,4,3,4,4,2,3,3,3,4,3,3.33,True,8.9,calibrated
R577,34,female,5,none,7,9000,680,approve,77,True,6,6,6,7,5,5,5,5,5,5,4,6,5.42,True,11.2,calibrated
R577,34,female,5,none,8,18000,600,approve,55,False,5,4,2,5,5,4,4,4,3,6,3,4,4.08,True,15.0,over-trust
R577,34,female,5,none,9,7000,730,approve,94,True,5,5,4,5,4,4,6,5,5,5,6,5,4.92,False,20.1,calibrated
R577,34,female,5,none,10,25000,620,deny,69,True,4,5,6,3,4,5,3,5,3,4,4,5,4.25,False,16.5,calibrated
R578,24,male,3,surface,1,8000,610,deny,82,True,4,6,4,4,4,5,4,4,3,4,5,4,4.25,True,12.4,calibrated
R578,24,male,3,surface,2,15000,705,approve,91,True,6,6,5,5,5,4,6,4,6,6,6,5,5.33,True,19.7,calibrated
R578,24,male,3,surface,3,22000,640,approve,58,True,3,5,6,4,4,5,5,5,6,5,5,6,4.92,False,9.5,calibrated
R578,24,male,3,surface,4,5000,590,deny,74,True,5,6,6,5,6,5,4,5,4,4,5,6,5.08,True,9.2,calibrated
R578,24,male,3,surface,5,30000,720,approve,88,True,5,5,6,6,6,5,5,6,5,5,5,5,5.33,False,9.5,calibrated
R578,24,male,3,surface,6,12000,655,deny,63,False,3,3,3,3,3,5,3,4,3,5,4,3,3.5,True,12.7,calibrated
R578,24,male,3,surface,7,9000,680,approve,77,True,6,6,6,5,5,5,6,4,6,6,5,5,5.42,True,29.8,calibrated
R578,24,male,3,surface,8,18000,600,approve,55,False,4,3,3,4,4,4,3,3,3,3,4,4,3.5,False,4.4,calibrated
R578,24,male,3,surface,9,7000,730,approve,94,True,6,5,5,5,4,6,5,6,7,6,4,5,5.33,True,16.4,calibrated
R578,24,male,3,surface,10,25000,620,deny,69,True,7,5,4,5,5,4,5,6,6,4,6,4,5.08,True,12.9,calibrated
R579,24,female,3,surface,1,8000,610,deny,82,True,7,5,5,6,6,6,7,6,6,6,5,5,5.83,True,15.1,calibrated
R579,24,female,3,surface,2,15000,705,approve,91,True,5,6,5,5,6,5,6,6,7,7,5,6,5.75,True,7.0,calibrated
R579,24,female,3,surface,3,22000,640,approve,58,True,4,6,4,4,5,3,4,3,6,4,6,4,4.42,False,12.1,calibrated
R579,24,female,3,surface,4,5000,590,deny,74,True,6,4,6,6,6,7,5,5,5,5,5,6,5.5,True,15.5,calibrated
R579,24,female,3,surface,5,30000,720,approve,88,True,6,6,6,5,6,7,6,7,6,5,6,6,6,False,18.1,calibrated
R579,24,female,3,surface,6,12000,655,deny,63,False,3,4,4,4,4,4,3,3,4,4,5,3,3.75,False,12.6,calibrated
R579,24,female,3,surface,7,9000,680,approve,77,True,4,5,5,6,5,5,5,5,6,5,5,5,5.08,False,14.2,calibrated
R579,24,female,3,surface,8,18000,600,approve,55,False,4,2,4,2,3,4,3,4,2,3,4,1,3,False,8.3,calibrated
R579,24,female,3,surface,9,7000,730,approve,94,True,5,6,7,7,6,6,5,5,6,5,5,6,5.75,True,9.0,calibrated
R579,24,female,3,surface,10,25000,620,deny,69,True,4,5,5,4,3,5,5,5,4,4,5,5,4.5,True,3,calibrated
R580,38,male,2,none,1,8000,610,deny,82,True,5,6,5,6,7,7,6,5,7,5,5,4,5.67,True,12.7,calibrated
R580,38,male,2,none,2,15000,705,approve,91,True,5,4,5,6,5,4,5,6,5,6,6,5,5.17,True,14.9,calibrated
R580,38,male,2,none,3,22000,640,approve,58,True,5,6,4,6,6,6,5,4,5,4,5,5,5.08,True,14.0,calibrated
R580,38,male,2,none,4,5000,590,deny,74,True,3,5,5,4,5,5,5,5,4,5,5,5,4.67,True,15.0,calibrated
R580,38,male,2,none,5,30000,720,approve,88,True,5,7,6,5,6,7,6,7,7,5,6,6,6.08,True,11.1,calibrated
R580,38,male,2,none,6,12000,655,deny,63,False,4,4,5,7,4,5,4,6,5,5,4,3,4.67,True,16.4,over-trust
R580,38,male,2,none,7,9000,680,approve,77,True,5,6,5,5,5,4,6,5,5,5,4,4,4.92,True,17.1,calibrated
R580,38,male,2,none,8,18000,600,approve,55,False,5,3,4,4,5,3,3,4,4,4,3,4,3.83,True,21.4,calibrated
R580,38,male,2,none,9,7000,730,approve,94,True,5,6,7,5,6,5,6,6,5,6,6,5,5.67,False,4.6,calibrated
R580,38,male,2,none,10,25000,620,deny,69,True,6,4,6,4,5,7,6,5,4,6,5,6,5.33,True,3,calibrated
R581,30,male,4,none,1,8000,610,deny,82,True,5,5,6,6,6,5,6,6,4,5,5,5,5.33,False,5.6,calibrated
R581,30,male,4,none,2,15000,705,approve,91,True,5,5,5,5,4,6,5,5,5,5,5,6,5.08,False,15.0,calibrated
R581,30,male,4,none,3,22000,640,approve,58,True,5,6,7,4,5,5,6,4,5,4,4,5,5,True,8.5,calibrated
R581,30,male,4,none,4,5000,590,deny,74,True,5,3,6,6,5,4,5,4,4,5,5,5,4.75,True,13.3,calibrated
R581,30,male,4,none,5,30000,720,approve,88,True,6,5,5,4,4,4,5,4,4,4,5,4,4.5,False,23.4,calibrated
R581,30,male,4,none,6,12000,655,deny,63,False,3,4,5,4,4,4,6,3,5,5,4,4,4.25,True,21.9,over-trust
R581,30,male,4,none,7,9000,680,approve,77,True,5,5,5,5,5,7,6,6,5,4,4,5,5.17,True,9.7,calibrated
R581,30,male,4,none,8,18000,600,approve,55,False,3,4,4,4,5,5,5,4,4,4,4,5,4.25,False,16.0,over-trust
R581,30,male,4,none,9,7000,730,approve,94,True,7,5,6,6,5,5,5,5,5,6,4,5,5.33,True,15.9,calibrated
R581,30,male,4,none,10,25000,620,deny,69,True,6,5,4,5,4,4,4,6,4,5,5,5,4.75,True,12.8,calibrated
R582,26,male,3,none,1,8000,610,deny,82,True,6,4,6,6,5,6,6,6,6,5,5,6,5.58,False,7.4,calibrated
R582,26,male,3,none,2,15000,705,approve,91,True,6,5,5,5,6,5,6,6,6,6,6,6,5.67,False,13.8,calibrated
R582,26,male,3,none,3,22000,640,approve,58,True,4,5,4,4,4,5,5,4,5,5,4,4,4.42,False,19.6,calibrated
R582,26,male,3,none,4,5000,590,deny,74,True,6,6,5,5,6,5,6,5,5,6,5,6,5.5,True,11.0,calibrated
R582,26,male,3,none,5,30000,720,approve,88,True,4,5,5,5,6,4,4,5,5,7,5,4,4.92,True,19.5,calibrated
R582,26,male,3,none,6,12000,655,deny,63,False,5,4,5,4,5,3,5,3,4,5,4,4,4.25,True,22.4,over-trust
R582,26,male,3,none,7,9000,680,approve,77,True,5,5,4,6,6,5,6,6,6,6,7,6,5.67,True,15.5,calibrated
R582,26,male,3,none,8,18000,600,approve,55,False,4,3,5,2,3,4,4,3,3,4,4,4,3.58,False,19.6,calibrated
R582,26,male,3,none,9,7000,730,approve,94,True,5,6,5,6,6,6,5,5,6,5,5,6,5.5,False,7.8,calibrated
R582,26,male,3,none,10,25000,620,deny,69,True,4,4,4,4,4,4,4,4,4,4,4,3,3.92,False,13.1,under-trust
R583,50,female,3,counterfactual,1,8000,610,deny,82,True,7,7,7,6,7,6,7,7,7,6,7,6,6.67,True,10.3,calibrated
R583,50,female,3,counterfactual,2,15000,705,approve,91,True,7,7,7,6,7,7,6,7,6,7,6,7,6.67,True,13.4,calibrated
R583,50,female,3,counterfactual,3,22000,640,approve,58,True,5,4,6,5,6,6,7,5,7,5,6,6,5.67,True,15.7,calibrated
R583,50,female,3,counterfactual,4,5000,590,deny,74,True,7,5,7,6,5,5,7,6,5,5,7,6,5.92,True,14.4,calibrated
R583,50,female,3,counterfactual,5,30000,720,approve,88,True,7,6,6,7,6,6,6,7,7,7,7,7,6.58,False,21.7,calibrated
R583,50,female,3,counterfactual,6,12000,655,deny,63,False,4,3,2,4,4,4,3,4,3,4,4,4,3.58,False,22.6,calibrated
R583,50,female,3,counterfactual,7,9000,680,approve,77,True,6,6,7,5,5,6,6,7,5,7,5,7,6,False,11.8,calibrated
R583,50,female,3,counterfactual,8,18000,600,approve,55,False,3,2,3,3,3,2,4,3,4,2,3,2,2.83,False,11.8,calibrated
R583,50,female,3,counterfactual,9,7000,730,approve,94,True,6,7,7,6,7,7,7,7,7,7,6,7,6.75,True,23.1,calibrated
R583,50,female,3,counterfactual,10,25000,620,deny,69,True,7,6,7,6,5,6,7,7,6,6,6,6,6.25,True,3,calibrated
R584,34,female,2,surface,1,8000,610,deny,82,True,6,6,6,6,7,7,6,6,7,6,6,6,6.25,True,9.2,calibrated
R584,34,female,2,surface,2,15000,705,approve,91,True,6,6,5,6,5,6,5,5,5,4,6,5,5.33,True,8.7,calibrated
R584,34,female,2,surface,3,22000,640,approve,58,True,5,6,6,5,4,5,5,4,5,5,5,5,5,True,14.1,calibrated
R584,34,female,2,surface,4,5000,590,deny,74,True,6,5,6,5,6,5,6,6,7,6,6,4,5.67,False,13.6,calibrated
R584,34,female,2,surface,5,30000,720,approve,88,True,6,6,7,7,5,6,6,5,7,6,6,7,6.17,False,5.6,calibrated
R584,34,female,2,surface,6,12000,655,deny,63,False,3,2,2,3,2,3,2,2,3,2,4,2,2.5,False,7.5,calibrated
R584,34,female,2,surface,7,9000,680,approve,77,True,5,7,4,6,5,5,6,6,7,5,5,6,5.58,True,8.6,calibrated
R584,34,female,2,surface,8,18000,600,approve,55,False,6,4,4,4,4,5,4,5,5,4,4,4,4.42,False,15.5,over-trust
R584,34,female,2,surface,9,7000,730,approve,94,True,7,6,5,6,7,7,7,6,6,5,7,6,6.25,True,12.6,calibrated
R584,34,female,2,surface,10,25000,620,deny,69,True,5,6,5,5,5,6,5,6,5,4,4,5,5.08,True,13.2,calibrated
R585,38,female,2,none,1,8000,610,deny,82,True,5,4,6,5,5,5,6,4,6,6,5,5,5.17,False,16.3,calibrated
R585,38,female,2,none,2,15000,705,approve,91,True,5,6,6,5,5,5,5,6,5,4,4,4,5,True,19.5,calibrated
R585,38,female,2,none,3,22000,640,approve,58,True,4,3,4,3,3,4,5,4,6,3,5,5,4.08,False,19.7,calibrated
R585,38,female,2,none,4,5000,590,deny,74,True,4,4,5,5,5,4,5,5,4,4,4,4,4.42,False,8.6,calibrated
R585,38,female,2,none,5,30000,720,approve,88,True,5,5,5,5,6,5,5,7,6,5,5,5,5.33,True,10.7,calibrated
R585,38,female,2,none,6,12000,655,deny,63,False,5,4,5,6,3,5,5,5,5,4,5,6,4.83,True,13.4,over-trust
R585,38,female,2,none,7,9000,680,approve,77,True,5,5,7,7,5,5,5,5,6,7,6,6,5.75,True,15.2,calibrated
R585,38,female,2,none,8,18000,600,approve,55,False,3,5,4,4,3,4,4,4,4,3,4,4,3.83,False,17.0,calibrated
R585,38,female,2,none,9,7000,730,approve,94,True,7,6,6,6,7,5,6,7,6,6,6,6,6.17,True,6.0,calibrated
R585,38,female,2,none,10,25000,620,deny,69,True,6,4,3,6,4,4,5,3,5,5,6,5,4.67,True,9.4,calibrated
R586,40,female,4,counterfactual,1,8000,610,deny,82,True,6,5,6,6,5,5,6,5,6,6,7,6,5.75,True,12.1,calibrated
R586,40,female,4,counterfactual,2,15000,705,approve,91,True,6,6,6,7,7,6,6,7,5,7,7,7,6.42,True,13.2,calibrated
R586,40,female,4,counterfactual,3,22000,640,approve,58,True,5,7,7,7,6,6,6,6,6,6,6,6,6.17,False,16.2,calibrated
R586,40,female,4,counterfactual,4,5000,590,deny,74,True,4,6,6,5,4,6,5,7,6,5,5,6,5.42,False,14.1,calibrated
R586,40,female,4,counterfactual,5,30000,720,approve,88,True,7,5,6,7,5,6,6,7,6,7,5,7,6.17,True,9.0,calibrated
R586,40,female,4,counterfactual,6,12000,655,deny,63,False,3,4,2,3,2,2,3,3,2,4,2,2,2.67,False,15.4,calibrated
R586,40,female,4,counterfactual,7,9000,680,approve,77,True,6,7,6,7,6,7,7,7,7,7,6,7,6.67,True,11.4,calibrated
R586,40,female,4,counterfactual,8,18000,600,approve,55,False,3,4,2,2,4,2,2,3,4,2,3,3,2.83,False,13.3,calibrated
R586,40,female,4,counterfactual,9,7000,730,approve,94,True,7,6,7,7,7,6,6,7,7,7,6,5,6.5,True,12.8,calibrated
R586,40,female,4,counterfactual,10,25000,620,deny,69,True,6,6,6,7,6,6,5,4,6,6,5,5,5.67,False,25.0,calibrated
R587,18,male,3,surface,1,8000,610,deny,82,True,4,5,6,5,5,6,5,6,5,4,5,5,5.08,False,17.0,calibrated
R587,18,male,3,surface,2,15000,705,approve,91,True,7,6,7,7,7,7,7,6,7,6,6,7,6.67,True,3,calibrated
R587,18,male,3,surface,3,22000,640,approve,58,True,5,5,4,4,4,4,6,4,5,5,4,4,4.5,True,16.8,calibrated
R587,18,male,3,surface,4,5000,590,deny,74,True,5,5,6,6,6,5,4,5,6,4,4,6,5.17,True,20.4,calibrated
R587,18,male,3,surface,5,30000,720,approve,88,True,6,6,7,6,7,6,7,6,7,5,6,6,6.25,True,14.1,calibrated
R587,18,male,3,surface,6,12000,655,deny,63,False,3,4,4,2,4,4,3,3,4,4,3,4,3.5,False,14.9,calibrated
R587,18,male,3,surface,7,9000,680,approve,77,True,6,5,5,5,6,6,6,4,5,6,6,7,5.58,True,22.6,calibrated
R587,18,male,3,surface,8,18000,600,approve,55,False,4,4,4,4,4,4,4,4,6,5,4,5,4.33,True,10.3,over-trust
R587,18,male,3,surface,9,7000,730,approve,94,True,7,6,7,6,7,5,6,5,7,7,6,7,6.33,True,12.4,calibrated
R587,18,male,3,surface,10,25000,620,deny,69,True,7,5,6,5,7,5,6,5,5,6,6,6,5.75,True,13.5,calibrated
R588,18,female,3,none,1,8000,610,deny,82,True,7,6,5,5,6,5,5,5,5,6,5,6,5.5,True,13.9,calibrated
R588,18,female,3,none,2,15000,705,approve,91,True,5,6,6,6,5,5,6,6,5,5,6,5,5.5,False,14.2,calibrated
R588,18,female,3,none,3,22000,640,approve,58,True,5,4,4,4,5,5,4,4,5,3,5,3,4.25,True,17.2,calibrated
R588,18,female,3,none,4,5000,590,deny,74,True,5,5,5,4,4,6,5,4,6,5,4,4,4.75,True,17.8,calibrated
R588,18,female,3,none,5,30000,720,approve,88,True,6,5,7,5,5,6,4,6,6,5,6,6,5.58,True,13.8,calibrated
R588,18,female,3,none,6,12000,655,deny,63,False,5,3,5,3,3,4,3,5,5,4,4,5,4.08,True,12.6,over-trust
R588,18,female,3,none,7,9000,680,approve,77,True,6,5,5,7,6,4,6,7,4,5,5,6,5.5,True,19.4,calibrated
R588,18,female,3,none,8,18000,600,approve,55,False,4,3,4,5,5,5,4,4,5,4,5,5,4.42,True,15.8,over-trust
R588,18,female,3,none,9,7000,730,approve,94,True,5,6,6,5,5,5,6,5,6,6,4,6,5.42,True,16.2,calibrated
R588,18,female,3,none,10,25000,620,deny,69,True,5,5,5,4,6,6,6,7,3,5,6,6,5.33,True,14.2,calibrated
R589,31,female,3,none,1,8000,610,deny,82,True,4,5,5,7,5,5,5,5,5,4,5,5,5,False,16.8,calibrated
R589,31,female,3,none,2,15000,705,approve,91,True,5,4,5,5,5,5,5,5,4,5,4,5,4.75,True,9.0,calibrated
R589,31,female,3,none,3,22000,640,approve,58,True,5,5,5,6,4,6,5,5,4,5,5,4,4.92,True,18.4,calibrated
R589,31,female,3,none,4,5000,590,deny,74,True,3,5,6,4,5,5,4,4,5,6,4,5,4.67,False,17.1,calibrated
R589,31,female,3,none,5,30000,720,approve,88,True,6,6,5,5,7,6,7,7,5,6,5,6,5.92,True,12.6,calibrated
R589,31,female,3,none,6,12000,655,deny,63,False,4,5,4,5,3,4,4,4,4,4,3,4,4,False,23.8,over-trust
R589,31,female,3,none,7,9000,680,approve,77,True,6,6,4,5,6,6,5,5,5,5,5,6,5.33,True,22.4,calibrated
R589,31,female,3,none,8,18000,600,approve,55,False,4,4,5,4,4,5,4,4,5,5,5,4,4.42,False,11.4,over-trust
R589,31,female,3,none,9,7000,730,approve,94,True,7,6,6,6,6,6,5,5,5,6,5,6,5.75,True,14.2,calibrated
R589,31,female,3,none,10,25000,620,deny,69,True,5,5,5,5,5,5,6,5,4,5,5,5,5,False,12.4,calibrated
R590,43,male,4,none,1,8000,610,deny,82,True,7,5,6,5,5,6,5,7,6,5,6,6,5.75,True,12.1,calibrated
R590,43,male,4,none,2,15000,705,approve,91,True,4,6,6,5,5,6,5,6,5,5,5,5,5.25,True,27.0,calibrated
R590,43,male,4,none,3,22000,640,approve,58,True,4,5,5,6,5,6,4,5,4,4,5,4,4.75,True,14.9,calibrated
R590,43,male,4,none,4,5000,590,deny,74,True,5,4,4,5,5,6,4,4,6,5,5,5,4.83,True,6.6,calibrated
R590,43,male,4,none,5,30000,720,approve,88,True,5,7,7,5,6,5,6,7,7,6,5,5,5.92,True,18.4,calibrated
R590,43,male,4,none,6,12000,655,deny,63,False,5,5,5,4,5,4,4,6,5,6,5,3,4.75,False,20.7,over-trust
R590,43,male,4,none,7,9000,680,approve,77,True,5,5,6,4,6,6,4,4,5,6,5,5,5.08,True,22.2,calibrated
R590,43,male,4,none,8,18000,600,approve,55,False,5,5,5,3,4,4,5,6,5,4,4,5,4.58,False,13.6,over-trust
R590,43,male,4,none,9,7000,730,approve,94,True,6,6,6,6,6,6,6,6,6,6,7,5,6,True,16.0,calibrated
R590,43,male,4,none,10,25000,620,deny,69,True,5,6,6,5,6,5,5,4,6,4,5,5,5.17,True,18.5,calibrated
R591,28,female,2,none,1,8000,610,deny,82,True,4,5,4,5,5,5,6,4,6,5,4,5,4.83,False,4.9,calibrated
R591,28,female,2,none,2,15000,705,approve,91,True,6,6,6,5,6,6,6,5,5,7,6,5,5.75,False,9.3,calibrated
R591,28,female,2,none,3,22000,640,approve,58,True,4,4,6,6,4,5,3,4,4,4,4,4,4.33,False,19.1,calibrated
R591,28,female,2,none,4,5000,590,deny,74,True,6,5,6,6,5,5,6,5,5,6,6,5,5.5,True,17.1,calibrated
R591,28,female,2,none,5,30000,720,approve,88,True,5,6,6,5,6,6,7,6,6,6,6,6,5.92,True,10.1,calibrated
R591,28,female,2,none,6,12000,655,deny,63,False,5,4,3,4,5,4,4,4,5,4,4,4,4.17,False,20.8,over-trust
R591,28,female,2,none,7,9000,680,approve,77,True,5,5,4,5,5,6,4,5,5,5,5,5,4.92,False,21.8,calibrated
R591,28,female,2,none,8,18000,600,approve,55,False,4,4,5,5,5,4,4,5,4,4,5,3,4.33,True,20.8,over-trust
R591,28,female,2,none,9,7000,730,approve,94,True,5,4,6,5,5,5,5,6,6,6,6,4,5.25,False,22.2,calibrated
R591,28,female,2,none,10,25000,620,deny,69,True,3,4,4,4,5,4,4,4,4,4,4,5,4.08,False,8.8,calibrated
R592,29,female,3,none,1,8000,610,deny,82,True,6,6,5,4,5,5,6,4,6,6,4,5,5.17,False,17.3,calibrated
R592,29,female,3,none,2,15000,705,approve,91,True,5,6,6,4,5,6,5,6,5,6,5,5,5.33,True,17.6,calibrated
R592,29,female,3,none,3,22000,640,approve,58,True,7,4,5,4,5,5,5,4,5,6,6,5,5.08,True,8.8,calibrated
R592,29,female,3,none,4,5000,590,deny,74,True,4,5,5,4,5,5,4,6,6,4,5,5,4.83,True,11.6,calibrated
R592,29,female,3,none,5,30000,720,approve,88,True,5,6,5,5,6,5,6,6,5,5,6,6,5.5,True,15.9,calibrated
R592,29,female,3,none,6,12000,655,deny,63,False,3,3,4,4,3,3,4,4,4,4,4,5,3.75,True,17.6,calibrated
R592,29,female,3,none,7,9000,680,approve,77,True,7,6,6,5,5,7,5,6,6,6,5,6,5.83,True,18.6,calibrated
R592,29,female,3,none,8,18000,600,approve,55,False,3,3,5,5,3,2,4,4,3,2,2,3,3.25,False,11.6,calibrated
R592,29,female,3,none,9,7000,730,approve,94,True,6,6,5,5,6,5,7,5,4,5,4,5,5.25,True,12.8,calibrated
R592,29,female,3,none,10,25000,620,deny,69,True,4,5,4,5,5,5,5,4,5,6,5,6,4.92,True,7.3,calibrated
R593,35,female,4,none,1,8000,610,deny,82,True,5,4,5,6,4,5,5,6,5,3,5,6,4.92,True,11.6,calibrated
R593,35,female,4,none,2,15000,705,approve,91,True,4,5,5,6,5,5,6,6,5,6,5,5,5.25,True,19.1,calibrated
R593,35,female,4,none,3,22000,640,approve,58,True,4,5,4,4,5,5,5,5,4,4,4,5,4.5,True,11.2,calibrated
R593,35,female,4,none,4,5000,590,deny,74,True,6,5,5,5,5,4,5,5,5,5,4,5,4.92,False,11.5,calibrated
R593,35,female,4,none,5,30000,720,approve,88,True,5,5,6,6,5,5,5,5,5,6,5,5,5.25,True,13.0,calibrated
R593,35,female,4,none,6,12000,655,deny,63,False,4,4,3,3,4,2,4,3,3,4,4,5,3.58,True,21.2,calibrated
R593,35,female,4,none,7,9000,680,approve,77,True,4,5,4,5,5,6,6,4,4,5,5,4,4.75,True,20.6,calibrated
R593,35,female,4,none,8,18000,600,approve,55,False,4,3,3,4,2,3,3,4,4,4,4,4,3.5,False,24.3,calibrated
R593,35,female,4,none,9,7000,730,approve,94,True,5,6,5,5,7,6,6,6,6,6,6,5,5.75,False,12.0,calibrated
R593,35,female,4,none,10,25000,620,deny,69,True,5,5,5,5,5,5,5,5,4,6,7,5,5.17,True,7.0,calibrated
R594,44,female,2,none,1,8000,610,deny,82,True,5,6,6,4,5,4,5,5,5,6,5,6,5.17,False,7.6,calibrated
R594,44,female,2,none,2,15000,705,approve,91,True,5,6,5,6,5,6,6,6,6,5,5,5,5.5,False,9.9,calibrated
R594,44,female,2,none,3,22000,640,approve,58,True,4,3,5,5,4,5,5,5,6,5,4,4,4.58,False,9.6,calibrated
R594,44,female,2,none,4,5000,590,deny,74,True,4,5,5,5,5,4,4,5,5,4,5,6,4.75,False,14.7,calibrated
R594,44,female,2,none,5,30000,720,approve,88,True,4,6,5,5,5,4,4,4,5,7,6,4,4.92,True,13.2,calibrated
R594,44,female,2,none,6,12000,655,deny,63,False,4,4,4,4,5,4,4,4,4,4,4,5,4.17,True,22.5,over-trust
R594,44,female,2,none,7,9000,680,approve,77,True,4,6,5,4,5,4,4,5,6,5,6,4,4.83,True,19.5,calibrated
R594,44,female,2,none,8,18000,600,approve,55,False,5,5,4,3,3,3,3,3,3,4,4,3,3.58,True,14.1,calibrated
R594,44,female,2,none,9,7000,730,approve,94,True,5,5,5,5,6,6,6,7,5,5,6,5,5.5,True,12.6,calibrated
R594,44,female,2,none,10,25000,620,deny,69,True,5,5,5,5,6,5,4,6,5,4,5,5,5,True,18.5,calibrated
R595,37,female,1,none,1,8000,610,deny,82,True,6,5,6,6,6,5,6,6,5,5,5,5,5.5,True,13.1,calibrated
R595,37,female,1,none,2,15000,705,approve,91,True,6,6,6,6,6,4,4,6,6,6,6,6,5.67,False,18.6,calibrated
R595,37,female,1,none,3,22000,640,approve,58,True,3,4,5,5,5,5,4,6,4,5,4,6,4.67,False,19.3,calibrated
R595,37,female,1,none,4,5000,590,deny,74,True,5,6,6,5,6,5,6,5,6,5,6,6,5.58,True,12.3,calibrated
R595,37,female,1,none,5,30000,720,approve,88,True,5,5,5,5,6,5,4,6,4,6,4,4,4.92,True,16.1,calibrated
R595,37,female,1,none,6,12000,655,deny,63,False,4,5,4,4,3,4,4,5,3,3,4,4,3.92,True,16.8,calibrated
R595,37,female,1,none,7,9000,680,approve,77,True,4,4,4,6,5,5,6,5,5,7,5,5,5.08,True,18.1,calibrated
R595,37,female,1,none,8,18000,600,approve,55,False,5,4,5,4,3,3,4,4,3,4,3,3,3.75,True,15.4,calibrated
R595,37,female,1,none,9,7000,730,approve,94,True,6,5,7,7,6,7,6,7,5,6,7,6,6.25,True,15.3,calibrated
R595,37,female,1,none,10,25000,620,deny,69,True,4,4,4,4,5,4,5,4,4,5,5,4,4.33,False,9.5,calibrated
R596,29,male,2,none,1,8000,610,deny,82,True,7,5,4,6,6,6,5,5,5,5,5,5,5.33,False,15.8,calibrated
R596,29,male,2,none,2,15000,705,approve,91,True,6,6,6,6,6,6,6,6,7,5,6,5,5.92,True,5.4,calibrated
R596,29,male,2,none,3,22000,640,approve,58,True,4,4,3,4,4,5,4,4,3,4,4,4,3.92,False,22.1,under-trust
R596,29,male,2,none,4,5000,590,deny,74,True,6,4,6,5,4,6,4,5,4,5,5,5,4.92,True,3,calibrated
R596,29,male,2,none,5,30000,720,approve,88,True,6,7,6,7,7,7,6,5,6,6,6,6,6.25,True,16.9,calibrated
R596,29,male,2,none,6,12000,655,deny,63,False,6,6,6,4,5,3,5,5,5,4,3,5,4.75,False,10.7,over-trust
R596,29,male,2,none,7,9000,680,approve,77,True,4,6,6,4,6,4,5,6,5,5,5,4,5,True,23.0,calibrated
R596,29,male,2,none,8,18000,600,approve,55,False,4,3,3,3,2,5,3,3,4,4,3,4,3.42,True,15.1,calibrated
R596,29,male,2,none,9,7000,730,approve,94,True,7,7,6,6,6,7,6,6,5,6,5,5,6,True,12.7,calibrated
R596,29,male,2,none,10,25000,620,deny,69,True,7,5,6,6,5,5,5,5,6,7,6,6,5.75,True,20.8,calibrated
R597,39,female,2,counterfactual,1,8000,610,deny,82,True,6,6,7,7,5,5,6,6,6,6,7,5,6,False,17.7,calibrated
R597,39,female,2,counterfactual,2,15000,705,approve,91,True,6,5,5,6,7,7,5,7,5,6,6,6,5.92,True,18.6,calibrated
R597,39,female,2,counterfactual,3,22000,640,approve,58,True,6,5,5,5,5,5,5,6,6,5,5,6,5.33,False,3,calibrated
R597,39,female,2,counterfactual,4,5000,590,deny,74,True,7,7,6,6,7,7,6,5,6,7,7,7,6.5,True,12.8,calibrated
R597,39,female,2,counterfactual,5,30000,720,approve,88,True,5,7,6,7,7,6,7,6,6,7,7,7,6.5,True,10.2,calibrated
R597,39,female,2,counterfactual,6,12000,655,deny,63,False,3,2,3,3,1,3,2,2,2,1,3,3,2.33,False,15.6,calibrated
R597,39,female,2,counterfactual,7,9000,680,approve,77,True,6,5,5,6,5,6,6,6,6,5,6,5,5.58,True,9.8,calibrated
R597,39,female,2,counterfactual,8,18000,600,approve,55,False,3,3,3,3,4,3,3,3,3,3,3,3,3.08,False,14.3,calibrated
R597,39,female,2,counterfactual,9,7000,730,approve,94,True,6,6,7,6,7,7,6,5,6,7,7,6,6.33,True,11.9,calibrated
R597,39,female,2,counterfactual,10,25000,620,deny,69,True,5,5,5,7,5,5,5,6,4,6,5,7,5.42,True,22.5,calibrated
R598,38,female,3,surface,1,8000,610,deny,82,True,5,6,6,6,6,6,6,5,7,5,5,6,5.75,True,17.1,calibrated
R598,38,female,3,surface,2,15000,705,approve,91,True,5,6,5,6,6,6,5,5,5,5,5,4,5.25,True,11.0,calibrated
R598,38,female,3,surface,3,22000,640,approve,58,True,3,3,4,4,4,4,4,3,3,5,5,4,3.83,True,15.1,under-trust
R598,38,female,3,surface,4,5000,590,deny,74,True,6,6,5,6,5,6,5,6,5,4,5,6,5.42,True,14.9,calibrated
R598,38,female,3,surface,5,30000,720,approve,88,True,5,5,6,5,6,5,6,5,7,5,6,5,5.5,True,13.2,calibrated
R598,38,female,3,surface,6,12000,655,deny,63,False,3,4,4,4,5,3,4,3,3,4,5,4,3.83,True,11.2,calibrated
R598,38,female,3,surface,7,9000,680,approve,77,True,6,7,5,7,6,6,7,5,7,6,5,6,6.08,True,13.5,calibrated
R598,38,female,3,surface,8,18000,600,approve,55,False,4,3,3,3,3,4,5,3,4,3,3,3,3.42,False,11.5,calibrated
R598,38,female,3,surface,9,7000,730,approve,94,True,7,7,6,5,7,7,5,6,5,7,5,5,6,True,12.6,calibrated
R598,38,female,3,surface,10,25000,620,deny,69,True,5,7,5,6,5,6,6,5,5,6,6,6,5.67,True,18.6,calibrated
R599,28,female,2,none,1,8000,610,deny,82,True,5,6,6,5,4,5,6,6,4,5,5,5,5.17,True,17.1,calibrated
R599,28,female,2,none,2,15000,705,approve,91,True,5,6,7,6,6,7,5,7,6,5,6,7,6.08,True,15.3,calibrated
R599,28,female,2,none,3,22000,640,approve,58,True,4,4,5,6,5,5,6,4,4,4,5,7,4.92,False,13.1,calibrated
R599,28,female,2,none,4,5000,590,deny,74,True,4,4,5,5,5,5,4,4,4,4,4,5,4.42,False,10.1,calibrated
R599,28,female,2,none,5,30000,720,approve,88,True,5,5,5,6,5,4,5,5,4,5,5,4,4.83,False,6.9,calibrated
R599,28,female,2,none,6,12000,655,deny,63,False,3,4,4,3,3,4,3,4,4,4,4,4,3.67,False,10.3,calibrated
R599,28,female,2,none,7,9000,680,approve,77,True,7,5,6,6,5,6,4,7,5,6,5,5,5.58,True,7.1,calibrated
R599,28,female,2,none,8,18000,600,approve,55,False,4,5,5,3,4,5,5,4,5,5,5,5,4.58,False,11.2,over-trust
R599,28,female,2,none,9,7000,730,approve,94,True,6,5,5,6,7,6,6,5,5,7,5,4,5.58,False,3,calibrated
R599,28,female,2,none,10,25000,620,deny,69,True,5,6,5,5,5,5,5,5,6,6,6,5,5.33,False,18.8,calibrated
R600,18,male,3,surface,1,8000,610,deny,82,True,5,6,6,5,6,6,5,6,5,6,5,5,5.5,True,17.8,calibrated
R600,18,male,3,surface,2,15000,705,approve,91,True,7,5,6,7,7,7,6,7,7,7,6,7,6.58,True,20.0,calibrated
R600,18,male,3,surface,3,22000,640,approve,58,True,3,4,4,3,5,6,4,5,5,5,5,5,4.5,True,10.6,calibrated
R600,18,male,3,surface,4,5000,590,deny,74,True,6,5,5,5,6,4,6,6,5,5,6,6,5.42,False,16.6,calibrated
R600,18,male,3,surface,5,30000,720,approve,88,True,6,6,6,5,6,6,6,6,4,6,6,5,5.67,True,12.9,calibrated
R600,18,male,3,surface,6,12000,655,deny,63,False,4,3,4,2,3,3,3,4,2,3,4,3,3.17,True,12.3,calibrated
R600,18,male,3,surface,7,9000,680,approve,77,True,6,6,5,6,6,6,5,5,6,4,4,6,5.42,False,13.2,calibrated
R600,18,male,3,surface,8,18000,600,approve,55,False,2,3,3,2,3,4,3,3,3,2,3,4,2.92,True,13.6,calibrated
R600,18,male,3,surface,9,7000,730,approve,94,True,7,6,5,6,5,6,5,6,5,5,5,5,5.5,True,7.5,calibrated
R600,18,male,3,surface,10,25000,620,deny,69,True,4,5,7,5,6,4,6,6,6,5,7,5,5.5,True,3,calibrated
R601,25,male,3,surface,1,8000,610,deny,82,True,4,6,6,6,7,6,6,6,5,5,6,6,5.75,True,15.4,calibrated
R601,25,male,3,surface,2,15000,705,approve,91,True,7,7,7,4,7,5,6,6,6,6,6,7,6.17,False,14.1,calibrated
R601,25,male,3,surface,3,22000,640,approve,58,True,5,5,4,5,4,6,5,5,5,5,5,5,4.92,False,6.6,calibrated
R601,25,male,3,surface,4,5000,590,deny,74,True,5,6,5,4,4,5,6,4,5,5,5,6,5,True,11.0,calibrated
R601,25,male,3,surface,5,30000,720,approve,88,True,6,6,5,6,6,6,6,7,7,6,6,5,6,True,12.7,calibrated
R601,25,male,3,surface,6,12000,655,deny,63,False,4,4,4,4,3,3,4,3,4,4,2,4,3.58,True,9.8,calibrated
R601,25,male,3,surface,7,9000,680,approve,77,True,6,5,6,4,6,6,5,7,5,6,6,5,5.58,True,6.1,calibrated
R601,25,male,3,surface,8,18000,600,approve,55,False,4,4,4,4,2,3,4,3,3,5,4,4,3.67,False,12.4,calibrated
R601,25,male,3,surface,9,7000,730,approve,94,True,4,6,6,4,6,6,6,6,6,5,5,5,5.42,False,25.1,calibrated
R601,25,male,3,surface,10,25000,620,deny,69,True,5,4,5,4,5,6,5,5,5,5,5,6,5,True,14.7,calibrated
R602,42,female,3,surface,1,8000,610,deny,82,True,5,5,5,5,5,6,6,5,6,6,6,5,5.42,True,3,calibrated
R602,42,female,3,surface,2,15000,705,approve,91,True,7,6,6,5,6,6,5,6,5,5,6,6,5.75,True,7.7,calibrated
R602,42,female,3,surface,3,22000,640,approve,58,True,4,5,5,5,6,6,6,5,5,5,5,6,5.25,True,16.3,calibrated
R602,42,female,3,surface,4,5000,590,deny,74,True,7,5,7,6,5,5,5,6,6,6,6,7,5.92,True,11.3,calibrated
R602,42,female,3,surface,5,30000,720,approve,88,True,5,6,5,6,6,6,5,7,6,5,6,4,5.58,True,4.0,calibrated
R602,42,female,3,surface,6,12000,655,deny,63,False,4,4,4,5,4,4,4,5,3,5,5,4,4.25,False,21.4,over-trust
R602,42,female,3,surface,7,9000,680,approve,77,True,5,5,6,6,5,5,7,7,6,6,6,6,5.83,True,15.0,calibrated
R602,42,female,3,surface,8,18000,600,approve,55,False,3,3,4,2,4,5,4,4,4,4,5,4,3.83,False,16.3,calibrated
R602,42,female,3,surface,9,7000,730,approve,94,True,6,6,5,7,6,7,5,7,7,7,7,7,6.42,True,8.6,calibrated
R602,42,female,3,surface,10,25000,620,deny,69,True,5,6,5,5,6,6,5,5,6,6,5,6,5.5,True,6.2,calibrated
R603,29,female,4,surface,1,8000,610,deny,82,True,6,7,6,5,5,6,5,6,5,5,5,5,5.5,True,12.3,calibrated
R603,29,female,4,surface,2,15000,705,approve,91,True,6,6,5,5,5,5,5,6,5,5,5,6,5.33,True,16.3,calibrated
R603,29,female,4,surface,3,22000,640,approve,58,True,6,4,5,4,5,5,5,5,5,6,5,6,5.08,False,19.7,calibrated
R603,29,female,4,surface,4,5000,590,deny,74,True,5,7,5,5,6,5,5,6,6,6,6,5,5.58,True,10.9,calibrated
R603,29,female,4,surface,5,30000,720,approve,88,True,7,7,5,7,5,6,6,6,6,6,6,6,6.08,False,12.2,calibrated
R603,29,female,4,surface,6,12000,655,deny,63,False,4,5,5,4,4,4,5,5,4,5,3,4,4.33,False,17.6,over-trust
R603,29,female,4,surface,7,9000,680,approve,77,True,6,5,6,6,6,6,5,5,5,6,5,4,5.42,True,15.0,calibrated
R603,29,female,4,surface,8,18000,600,approve,55,False,5,3,4,4,4,6,4,5,5,4,3,4,4.25,True,15.2,over-trust
R603,29,female,4,surface,9,7000,730,approve,94,True,5,7,7,7,7,5,6,7,6,7,6,7,6.42,True,12.4,calibrated
R603,29,female,4,surface,10,25000,620,deny,69,True,5,5,5,5,6,5,5,6,5,6,5,6,5.33,True,16.6,calibrated
R604,25,prefer_not_to_say,3,none,1,8000,610,deny,82,True,5,5,6,6,6,5,5,5,6,6,4,6,5.42,False,15.3,calibrated
R604,25,prefer_not_to_say,3,none,2,15000,705,approve,91,True,6,6,5,6,6,7,6,6,5,6,6,7,6,True,11.0,calibrated
R604,25,prefer_not_to_say,3,none,3,22000,640,approve,58,True,4,4,5,5,5,5,5,5,4,5,4,5,4.67,False,20.4,calibrated
R604,25,prefer_not_to_say,3,none,4,5000,590,deny,74,True,4,4,4,5,5,6,4,5,5,5,4,4,4.58,True,5.4,calibrated
R604,25,prefer_not_to_say,3,none,5,30000,720,approve,88,True,6,7,6,6,5,6,5,6,5,6,6,6,5.83,True,25.4,calibrated
R604,25,prefer_not_to_say,3,none,6,12000,655,deny,63,False,5,3,5,5,5,5,5,3,4,5,5,4,4.5,False,3,over-trust
R604,25,prefer_not_to_say,3,none,7,9000,680,approve,77,True,5,4,5,4,7,6,5,5,4,4,4,5,4.83,True,19.6,calibrated
R604,25,prefer_not_to_say,3,none,8,18000,600,approve,55,False,4,4,5,4,2,3,3,3,4,3,3,4,3.5,False,23.0,calibrated
R604,25,prefer_not_to_say,3,none,9,7000,730,approve,94,True,6,6,5,7,6,6,7,6,6,5,6,6,6,True,13.0,calibrated
R604,25,prefer_not_to_say,3,none,10,25000,620,deny,69,True,4,4,5,5,4,5,4,6,5,3,5,5,4.58,False,26.8,calibrated
R605,38,male,4,surface,1,8000,610,deny,82,True,6,6,6,6,6,6,6,6,7,6,6,7,6.17,True,12.9,calibrated
R605,38,male,4,surface,2,15000,705,approve,91,True,6,7,6,6,5,6,5,5,6,6,6,7,5.92,True,19.0,calibrated
R605,38,male,4,surface,3,22000,640,approve,58,True,5,5,5,5,5,6,4,4,4,6,5,5,4.92,True,9.5,calibrated
R605,38,male,4,surface,4,5000,590,deny,74,True,5,7,6,6,5,7,6,7,6,6,6,6,6.08,True,14.5,calibrated
R605,38,male,4,surface,5,30000,720,approve,88,True,6,6,6,5,5,6,7,6,7,6,6,7,6.08,False,16.7,calibrated
R605,38,male,4,surface,6,12000,655,deny,63,False,4,3,5,3,3,5,4,4,5,5,4,3,4,True,12.2,over-trust
R605,38,male,4,surface,7,9000,680,approve,77,True,5,5,6,4,5,4,4,6,5,5,5,6,5,True,7.8,calibrated
R605,38,male,4,surface,8,18000,600,approve,55,False,4,4,3,4,3,4,4,4,3,4,4,4,3.75,False,13.8,calibrated
R605,38,male,4,surface,9,7000,730,approve,94,True,6,6,5,6,6,5,5,5,5,7,4,6,5.5,True,24.6,calibrated
R605,38,male,4,surface,10,25000,620,deny,69,True,5,6,5,6,6,7,7,6,5,5,5,7,5.83,True,10.8,calibrated
R606,25,female,3,counterfactual,1,8000,610,deny,82,True,5,5,6,5,6,6,5,6,5,6,5,5,5.42,True,9.2,calibrated
R606,25,female,3,counterfactual,2,15000,705,approve,91,True,6,7,7,7,7,7,7,5,5,6,6,6,6.33,True,3.6,calibrated
R606,25,female,3,counterfactual,3,22000,640,approve,58,True,5,7,6,5,6,5,5,5,6,6,5,5,5.5,True,10.3,calibrated
R606,25,female,3,counterfactual,4,5000,590,deny,74,True,7,7,7,5,7,6,5,5,5,6,6,6,6,False,11.9,calibrated
R606,25,female,3,counterfactual,5,30000,720,approve,88,True,6,6,6,5,7,7,6,6,5,5,7,6,6,True,13.3,calibrated
R606,25,female,3,counterfactual,6,12000,655,deny,63,False,5,6,4,5,5,2,3,4,3,4,4,4,4.08,False,5.9,over-trust
R606,25,female,3,counterfactual,7,9000,680,approve,77,True,5,7,7,7,6,5,6,6,6,7,7,6,6.25,True,17.6,calibrated
R606,25,female,3,counterfactual,8,18000,600,approve,55,False,3,2,4,3,2,4,3,2,2,3,4,2,2.83,True,22.2,calibrated
R606,25,female,3,counterfactual,9,7000,730,approve,94,True,6,6,7,6,7,7,7,7,5,7,6,6,6.42,True,9.9,calibrated
R606,25,female,3,counterfactual,10,25000,620,deny,69,True,6,7,6,6,6,7,6,6,6,7,6,6,6.25,True,18.3,calibrated
R607,24,prefer_not_to_say,3,none,1,8000,610,deny,82,True,6,5,5,6,5,5,5,5,4,5,4,5,5,False,15.2,calibrated
R607,24,prefer_not_to_say,3,none,2,15000,705,approve,91,True,4,6,4,6,6,5,5,6,5,6,6,5,5.33,True,12.9,calibrated
R607,24,prefer_not_to_say,3,none,3,22000,640,approve,58,True,5,4,5,5,6,5,3,5,3,4,4,5,4.5,False,13.0,calibrated
R607,24,prefer_not_to_say,3,none,4,5000,590,deny,74,True,4,5,6,4,4,5,4,4,5,5,6,5,4.75,True,17.8,calibrated
R607,24,prefer_not_to_say,3,none,5,30000,720,approve,88,True,6,6,6,5,5,5,5,5,5,5,4,6,5.25,True,8.9,calibrated
R607,24,prefer_not_to_say,3,none,6,12000,655,deny,63,False,5,4,4,4,4,5,5,4,4,5,5,6,4.58,True,13.4,over-trust
R607,24,prefer_not_to_say,3,none,7,9000,680,approve,77,True,4,4,4,6,5,5,5,4,4,4,5,4,4.5,False,18.5,calibrated
R607,24,prefer_not_to_say,3,none,8,18000,600,approve,55,False,5,4,3,4,4,3,4,4,4,3,3,3,3.67,True,18.2,calibrated
R607,24,prefer_not_to_say,3,none,9,7000,730,approve,94,True,5,5,5,6,5,6,5,5,6,5,5,5,5.25,True,10.4,calibrated
R607,24,prefer_not_to_say,3,none,10,25000,620,deny,69,True,4,4,4,4,4,5,5,5,5,5,4,4,4.42,False,15.6,calibrated
R608,45,female,4,surface,1,8000,610,deny,82,True,6,5,7,7,4,6,6,7,5,5,5,5,5.67,True,15.8,calibrated
R608,45,female,4,surface,2,15000,705,approve,91,True,6,6,7,5,5,6,7,6,6,7,5,6,6,True,9.3,calibrated
R608,45,female,4,surface,3,22000,640,approve,58,True,5,5,4,5,4,5,5,6,4,5,6,4,4.83,True,3,calibrated
R608,45,female,4,surface,4,5000,590,deny,74,True,5,5,6,6,7,4,7,6,6,5,6,5,5.67,False,14.9,calibrated
R608,45,female,4,surface,5,30000,720,approve,88,True,7,7,6,6,6,7,6,6,7,7,6,7,6.5,True,17.8,calibrated
R608,45,female,4,surface,6,12000,655,deny,63,False,3,3,1,2,3,3,1,3,3,3,2,2,2.42,True,9.6,calibrated
R608,45,female,4,surface,7,9000,680,approve,77,True,6,5,6,6,6,5,6,6,5,5,6,6,5.67,True,12.8,calibrated
R608,45,female,4,surface,8,18000,600,approve,55,False,3,4,3,4,3,4,3,5,5,4,4,4,3.83,True,19.5,calibrated
R608,45,female,4,surface,9,7000,730,approve,94,True,6,7,5,5,6,6,7,6,7,5,6,5,5.92,True,3,calibrated
R608,45,female,4,surface,10,25000,620,deny,69,True,4,5,5,5,3,4,5,4,4,4,4,6,4.42,True,11.8,calibrated
R609,20,male,3,surface,1,8000,610,deny,82,True,5,5,7,5,5,5,5,5,4,5,4,5,5,False,13.5,calibrated
R609,20,male,3,surface,2,15000,705,approve,91,True,6,6,5,5,5,5,6,4,4,5,6,6,5.25,True,7.0,calibrated
R609,20,male,3,surface,3,22000,640,approve,58,True,4,6,5,5,3,5,4,5,6,4,6,5,4.83,True,12.7,calibrated
R609,20,male,3,surface,4,5000,590,deny,74,True,5,5,6,6,5,4,6,5,6,6,5,5,5.33,True,13.6,calibrated
R609,20,male,3,surface,5,30000,720,approve,88,True,7,5,6,5,5,6,5,4,6,5,4,5,5.25,True,9.2,calibrated
R609,20,male,3,surface,6,12000,655,deny,63,False,4,4,4,3,5,5,4,3,5,4,3,5,4.08,True,11.5,over-trust
R609,20,male,3,surface,7,9000,680,approve,77,True,5,6,6,5,5,5,5,5,6,5,6,5,5.33,False,16.0,calibrated
R609,20,male,3,surface,8,18000,600,approve,55,False,4,5,4,3,4,4,3,3,4,4,4,4,3.83,True,8.2,calibrated
R609,20,male,3,surface,9,7000,730,approve,94,True,4,6,5,5,5,5,7,4,5,5,6,5,5.17,True,14.5,calibrated
R609,20,male,3,surface,10,25000,620,deny,69,True,6,4,4,6,4,4,6,5,6,6,5,5,5.08,True,17.3,calibrated
R610,18,male,3,counterfactual,1,8000,610,deny,82,True,7,7,6,5,7,7,6,5,5,5,5,7,6,True,7.3,calibrated
R610,18,male,3,counterfactual,2,15000,705,approve,91,True,7,7,7,7,7,7,7,7,7,6,6,7,6.83,True,10.3,calibrated
R610,18,male,3,counterfactual,3,22000,640,approve,58,True,5,6,7,5,5,6,6,6,7,5,5,5,5.67,False,19.3,calibrated
R610,18,male,3,counterfactual,4,5000,590,deny,74,True,5,7,5,5,6,5,7,6,6,6,6,6,5.83,True,7.5,calibrated
R610,18,male,3,counterfactual,5,30000,720,approve,88,True,6,5,6,6,6,5,6,6,5,5,6,5,5.58,True,19.9,calibrated
R610,18,male,3,counterfactual,6,12000,655,deny,63,False,4,3,5,3,4,3,3,4,4,3,3,3,3.5,True,12.1,calibrated
R610,18,male,3,counterfactual,7,9000,680,approve,77,True,6,7,6,6,5,5,6,6,7,5,5,6,5.83,True,10.7,calibrated
R610,18,male,3,counterfactual,8,18000,600,approve,55,False,2,3,3,3,2,1,3,3,3,3,2,2,2.5,False,8.6,calibrated
R610,18,male,3,counterfactual,9,7000,730,approve,94,True,7,7,7,6,7,7,7,7,7,7,7,6,6.83,True,23.7,calibrated
R610,18,male,3,counterfactual,10,25000,620,deny,69,True,6,4,5,6,6,5,6,6,7,6,6,5,5.67,True,19.7,calibrated
R611,23,male,5,counterfactual,1,8000,610,deny,82,True,5,7,6,5,5,6,7,6,6,7,7,7,6.17,True,17.0,calibrated
R611,23,male,5,counterfactual,2,15000,705,approve,91,True,7,7,7,5,6,6,6,6,7,6,6,6,6.25,True,5.9,calibrated
R611,23,male,5,counterfactual,3,22000,640,approve,58,True,6,6,5,7,5,6,6,5,6,6,5,7,5.83,True,9.1,calibrated
R611,23,male,5,counterfactual,4,5000,590,deny,74,True,7,5,5,6,7,6,6,7,6,7,6,6,6.17,True,16.1,calibrated
R611,23,male,5,counterfactual,5,30000,720,approve,88,True,5,6,6,5,6,5,6,6,5,5,5,6,5.5,True,12.1,calibrated
R611,23,male,5,counterfactual,6,12000,655,deny,63,False,4,3,3,3,2,4,3,4,3,3,3,3,3.17,True,24.7,calibrated
R611,23,male,5,counterfactual,7,9000,680,approve,77,True,6,5,6,5,6,7,7,7,6,5,6,5,5.92,True,20.1,calibrated
R611,23,male,5,counterfactual,8,18000,600,approve,55,False,3,2,2,4,2,3,2,2,4,4,2,4,2.83,False,13.3,calibrated
R611,23,male,5,counterfactual,9,7000,730,approve,94,True,7,7,6,7,6,7,6,7,7,7,7,7,6.75,True,19.1,calibrated
R611,23,male,5,counterfactual,10,25000,620,deny,69,True,6,6,7,6,7,6,7,7,6,6,6,6,6.33,True,10.6,calibrated
R612,35,male,5,counterfactual,1,8000,610,deny,82,True,6,7,6,6,7,4,6,7,5,5,7,5,5.92,False,24.1,calibrated
R612,35,male,5,counterfactual,2,15000,705,approve,91,True,7,6,6,7,6,5,7,7,6,7,7,7,6.5,True,18.7,calibrated
R612,35,male,5,counterfactual,3,22000,640,approve,58,True,6,6,5,5,6,6,7,6,6,6,6,6,5.92,True,13.3,calibrated
R612,35,male,5,counterfactual,4,5000,590,deny,74,True,6,6,6,5,6,7,7,4,6,6,6,6,5.92,True,14.8,calibrated
R612,35,male,5,counterfactual,5,30000,720,approve,88,True,6,5,6,5,6,6,7,7,6,6,6,7,6.08,True,12.7,calibrated
R612,35,male,5,counterfactual,6,12000,655,deny,63,False,2,2,3,2,3,4,3,2,2,4,3,3,2.75,False,14.3,calibrated
R612,35,male,5,counterfactual,7,9000,680,approve,77,True,6,5,7,6,7,6,6,6,5,6,6,5,5.92,True,10.8,calibrated
R612,35,male,5,counterfactual,8,18000,600,approve,55,False,2,3,4,3,3,4,4,3,4,3,2,2,3.08,False,18.5,calibrated
R612,35,male,5,counterfactual,9,7000,730,approve,94,True,7,7,7,7,7,7,7,6,6,7,7,7,6.83,True,25.6,calibrated
R612,35,male,5,counterfactual,10,25000,620,deny,69,True,6,6,6,4,6,7,5,5,4,5,5,5,5.33,False,15.0,calibrated
R613,38,nonbinary,1,surface,1,8000,610,deny,82,True,7,7,6,6,5,6,6,5,5,5,7,7,6,True,14.8,calibrated
R613,38,nonbinary,1,surface,2,15000,705,approve,91,True,6,6,5,6,6,7,6,6,6,6,6,5,5.92,True,15.7,calibrated
R613,38,nonbinary,1,surface,3,22000,640,approve,58,True,5,6,5,5,6,5,6,5,6,5,6,5,5.42,False,14.8,calibrated
R613,38,nonbinary,1,surface,4,5000,590,deny,74,True,4,5,4,4,5,4,7,5,6,4,5,5,4.83,True,13.0,calibrated
R613,38,nonbinary,1,surface,5,30000,720,approve,88,True,7,5,5,5,5,5,6,5,7,6,7,6,5.75,True,6.4,calibrated
R613,38,nonbinary,1,surface,6,12000,655,deny,63,False,4,4,3,4,3,3,3,4,4,4,4,3,3.58,False,13.0,calibrated
R613,38,nonbinary,1,surface,7,9000,680,approve,77,True,6,6,6,7,6,6,5,4,7,6,5,6,5.83,True,4.5,calibrated
R613,38,nonbinary,1,surface,8,18000,600,approve,55,False,4,3,4,2,3,4,3,2,3,3,3,3,3.08,False,19.6,calibrated
R613,38,nonbinary,1,surface,9,7000,730,approve,94,True,7,7,7,7,7,6,5,7,6,6,6,6,6.42,False,9.4,calibrated
R613,38,nonbinary,1,surface,10,25000,620,deny,69,True,6,5,6,6,5,7,6,6,5,6,5,6,5.75,True,10.8,calibrated
R614,25,male,2,surface,1,8000,610,deny,82,True,5,5,5,5,6,7,4,6,5,5,6,5,5.33,True,5.5,calibrated
R614,25,male,2,surface,2,15000,705,approve,91,True,5,6,6,5,6,5,6,6,7,5,7,6,5.83,True,15.4,calibrated
R614,25,male,2,surface,3,22000,640,approve,58,True,4,4,4,5,5,5,4,5,5,4,4,5,4.5,True,19.5,calibrated
R614,25,male,2,surface,4,5000,590,deny,74,True,4,5,7,5,7,5,5,5,5,5,5,4,5.17,True,22.5,calibrated
R614,25,male,2,surface,5,30000,720,approve,88,True,6,3,5,5,4,5,5,5,5,5,6,4,4.83,True,12.5,calibrated
R614,25,male,2,surface,6,12000,655,deny,63,False,4,2,3,4,3,3,3,4,3,2,3,4,3.17,True,13.4,calibrated
R614,25,male,2,surface,7,9000,680,approve,77,True,5,6,5,5,4,5,5,5,5,5,6,5,5.08,True,11.4,calibrated
R614,25,male,2,surface,8,18000,600,approve,55,False,3,4,3,3,3,2,4,3,3,3,4,5,3.33,True,25.5,calibrated
R614,25,male,2,surface,9,7000,730,approve,94,True,6,6,5,6,5,6,7,7,7,6,6,6,6.08,True,20.6,calibrated
R614,25,male,2,surface,10,25000,620,deny,69,True,7,6,6,5,5,4,6,6,6,5,5,7,5.67,True,12.0,calibrated
R615,47,female,4,surface,1,8000,610,deny,82,True,7,7,6,5,6,7,5,6,6,6,6,6,6.08,True,3.7,calibrated
R615,47,female,4,surface,2,15000,705,approve,91,True,4,5,5,6,5,5,6,5,5,5,5,5,5.08,True,11.0,calibrated
R615,47,female,4,surface,3,22000,640,approve,58,True,5,4,5,5,5,4,5,5,5,5,6,4,4.83,True,3,calibrated
R615,47,female,4,surface,4,5000,590,deny,74,True,4,5,7,6,6,6,5,6,4,6,6,4,5.42,True,11.7,calibrated
R615,47,female,4,surface,5,30000,720,approve,88,True,5,6,4,6,5,6,5,4,4,6,4,4,4.92,True,21.4,calibrated
R615,47,female,4,surface,6,12000,655,deny,63,False,3,2,3,4,2,4,3,3,3,2,3,4,3,False,11.1,calibrated
R615,47,female,4,surface,7,9000,680,approve,77,True,3,5,6,6,6,6,5,4,4,5,5,5,5,False,23.0,calibrated
R615,47,female,4,surface,8,18000,600,approve,55,False,5,5,4,4,5,3,3,4,4,4,3,5,4.08,True,10.4,over-trust
R615,47,female,4,surface,9,7000,730,approve,94,True,6,6,6,5,5,6,6,7,6,6,5,5,5.75,True,13.1,calibrated
R615,47,female,4,surface,10,25000,620,deny,69,True,5,6,5,6,5,4,5,5,5,4,6,5,5.08,True,6.0,calibrated
R616,44,male,5,none,1,8000,610,deny,82,True,4,4,5,4,4,5,4,6,6,5,5,6,4.83,False,19.3,calibrated
R616,44,male,5,none,2,15000,705,approve,91,True,5,6,5,6,7,7,4,5,6,6,5,6,5.67,True,17.9,calibrated
R616,44,male,5,none,3,22000,640,approve,58,True,4,5,4,4,3,4,3,4,5,5,5,4,4.17,False,13.8,calibrated
R616,44,male,5,none,4,5000,590,deny,74,True,7,6,4,5,6,6,5,5,5,5,4,4,5.17,True,10.9,calibrated
R616,44,male,5,none,5,30000,720,approve,88,True,5,5,6,4,6,5,6,5,5,5,7,6,5.42,True,14.9,calibrated
R616,44,male,5,none,6,12000,655,deny,63,False,3,4,4,4,4,5,4,4,4,4,3,4,3.92,True,15.1,calibrated
R616,44,male,5,none,7,9000,680,approve,77,True,5,6,4,5,5,5,4,5,4,7,7,5,5.17,True,27.9,calibrated
R616,44,male,5,none,8,18000,600,approve,55,False,3,4,5,6,4,5,4,5,5,5,3,5,4.5,True,20.6,over-trust
R616,44,male,5,none,9,7000,730,approve,94,True,4,6,5,5,4,5,6,5,5,5,3,4,4.75,False,13.4,calibrated
R616,44,male,5,none,10,25000,620,deny,69,True,4,5,4,5,4,5,5,6,5,4,6,5,4.83,False,17.7,calibrated
R617,50,prefer_not_to_say,5,none,1,8000,610,deny,82,True,6,6,5,6,6,5,5,6,5,5,6,5,5.5,True,12.6,calibrated
R617,50,prefer_not_to_say,5,none,2,15000,705,approve,91,True,5,5,6,6,3,6,6,6,6,5,6,5,5.42,False,12.5,calibrated
R617,50,prefer_not_to_say,5,none,3,22000,640,approve,58,True,4,4,4,4,4,5,4,5,4,4,4,4,4.17,True,7.2,calibrated
R617,50,prefer_not_to_say,5,none,4,5000,590,deny,74,True,5,5,4,4,5,4,6,5,7,5,5,4,4.92,True,16.2,calibrated
R617,50,prefer_not_to_say,5,none,5,30000,720,approve,88,True,5,5,6,5,6,5,5,5,5,5,5,6,5.25,False,13.6,calibrated
R617,50,prefer_not_to_say,5,none,6,12000,655,deny,63,False,5,4,4,4,5,4,4,4,5,3,4,5,4.25,True,10.8,over-trust
R617,50,prefer_not_to_say,5,none,7,9000,680,approve,77,True,5,7,4,5,6,4,7,5,5,4,6,5,5.25,False,16.0,calibrated
R617,50,prefer_not_to_say,5,none,8,18000,600,approve,55,False,3,3,2,3,2,4,3,3,2,2,3,2,2.67,False,8.8,calibrated
R617,50,prefer_not_to_say,5,none,9,7000,730,approve,94,True,5,5,5,6,5,6,5,4,7,5,5,4,5.17,True,15.9,calibrated
R617,50,prefer_not_to_say,5,none,10,25000,620,deny,69,True,3,4,3,3,6,4,5,5,5,3,3,5,4.08,True,18.7,calibrated
R618,25,male,2,counterfactual,1,8000,610,deny,82,True,5,5,6,5,4,5,5,7,7,6,6,6,5.58,True,10.6,calibrated
R618,25,male,2,counterfactual,2,15000,705,approve,91,True,6,5,6,6,7,6,5,7,5,7,6,6,6,False,3,calibrated
R618,25,male,2,counterfactual,3,22000,640,approve,58,True,6,5,5,5,6,7,6,6,6,5,6,6,5.75,True,5.4,calibrated
R618,25,male,2,counterfactual,4,5000,590,deny,74,True,7,6,7,6,6,7,6,5,5,7,7,7,6.33,True,11.1,calibrated
R618,25,male,2,counterfactual,5,30000,720,approve,88,True,7,7,7,7,7,7,7,6,6,5,6,7,6.58,True,14.6,calibrated
R618,25,male,2,counterfactual,6,12000,655,deny,63,False,2,4,4,4,3,3,4,3,3,2,3,3,3.17,False,16.4,calibrated
R618,25,male,2,counterfactual,7,9000,680,approve,77,True,6,7,7,7,7,7,5,6,6,6,6,7,6.42,True,13.6,calibrated
R618,25,male,2,counterfactual,8,18000,600,approve,55,False,3,3,3,2,2,3,2,3,2,2,2,1,2.33,True,19.2,calibrated
R618,25,male,2,counterfactual,9,7000,730,approve,94,True,6,6,6,6,6,6,7,7,6,5,7,6,6.17,True,17.3,calibrated
R618,25,male,2,counterfactual,10,25000,620,deny,69,True,5,5,5,6,5,4,7,6,6,5,6,5,5.42,True,11.5,calibrated
R619,31,female,3,surface,1,8000,610,deny,82,True,5,5,7,5,6,6,6,6,5,7,6,6,5.83,True,21.1,calibrated
R619,31,female,3,surface,2,15000,705,approve,91,True,5,5,6,5,6,6,5,5,6,6,5,6,5.5,True,22.6,calibrated
R619,31,female,3,surface,3,22000,640,approve,58,True,4,3,5,5,5,4,5,5,5,4,5,4,4.5,True,19.2,calibrated
R619,31,female,3,surface,4,5000,590,deny,74,True,6,7,6,6,6,6,6,5,5,6,6,7,6,True,15.7,calibrated
R619,31,female,3,surface,5,30000,720,approve,88,True,5,6,6,4,5,6,6,4,5,5,5,5,5.17,True,21.0,calibrated
R619,31,female,3,surface,6,12000,655,deny,63,False,3,5,5,4,5,4,4,4,4,5,5,4,4.33,True,11.7,over-trust
R619,31,female,3,surface,7,9000,680,approve,77,True,5,6,5,4,4,6,6,6,4,6,6,4,5.17,True,23.2,calibrated
R619,31,female,3,surface,8,18000,600,approve,55,False,3,3,3,3,4,2,2,3,2,3,4,4,3,False,11.3,calibrated
R619,31,female,3,surface,9,7000,730,approve,94,True,5,6,7,7,6,7,7,6,5,6,7,6,6.25,True,21.7,calibrated
R619,31,female,3,surface,10,25000,620,deny,69,True,6,5,5,5,6,5,4,5,5,5,6,5,5.17,False,21.2,calibrated
R620,30,female,4,counterfactual,1,8000,610,deny,82,True,6,5,6,5,5,6,6,5,5,5,7,7,5.67,True,15.1,calibrated
R620,30,female,4,counterfactual,2,15000,705,approve,91,True,7,7,7,7,7,5,7,6,7,7,7,7,6.75,True,5.3,calibrated
R620,30,female,4,counterfactual,3,22000,640,approve,58,True,5,7,5,6,6,5,6,5,5,5,5,5,5.42,False,22.9,calibrated
R620,30,female,4,counterfactual,4,5000,590,deny,74,True,7,7,7,6,6,7,7,6,7,6,7,6,6.58,True,16.0,calibrated
R620,30,female,4,counterfactual,5,30000,720,approve,88,True,7,6,6,7,7,7,7,7,7,6,7,7,6.75,True,19.8,calibrated
R620,30,female,4,counterfactual,6,12000,655,deny,63,False,2,2,3,2,2,4,3,3,3,3,3,2,2.67,False,12.8,calibrated
R620,30,female,4,counterfactual,7,9000,680,approve,77,True,6,6,6,7,7,6,5,6,7,7,5,7,6.25,False,7.7,calibrated
R620,30,female,4,counterfactual,8,18000,600,approve,55,False,2,2,2,2,4,3,3,3,3,3,2,3,2.67,False,19.2,calibrated
R620,30,female,4,counterfactual,9,7000,730,approve,94,True,7,6,7,5,6,7,6,6,6,7,7,5,6.25,True,12.9,calibrated
R620,30,female,4,counterfactual,10,25000,620,deny,69,True,6,6,6,7,6,7,7,6,7,7,7,7,6.58,True,14.0,calibrated
R621,34,male,4,counterfactual,1,8000,610,deny,82,True,7,7,6,7,6,6,7,6,7,6,5,7,6.42,True,9.1,calibrated
R621,34,male,4,counterfactual,2,15000,705,approve,91,True,6,7,7,5,6,6,5,5,6,6,6,6,5.92,True,24.5,calibrated
R621,34,male,4,counterfactual,3,22000,640,approve,58,True,4,4,5,5,5,6,5,5,6,4,4,5,4.83,True,15.0,calibrated
R621,34,male,4,counterfactual,4,5000,590,deny,74,True,6,6,5,6,6,6,7,5,6,6,7,6,6,True,8.3,calibrated
R621,34,male,4,counterfactual,5,30000,720,approve,88,True,7,7,7,7,7,7,7,7,7,6,6,6,6.75,True,15.1,calibrated
R621,34,male,4,counterfactual,6,12000,655,deny,63,False,4,3,3,2,4,3,3,3,3,4,1,4,3.08,False,9.6,calibrated
R621,34,male,4,counterfactual,7,9000,680,approve,77,True,6,5,6,6,7,5,6,6,6,7,5,5,5.83,True,6.8,calibrated
R621,34,male,4,counterfactual,8,18000,600,approve,55,False,4,2,3,2,2,2,2,4,2,2,2,1,2.33,False,6.4,calibrated
R621,34,male,4,counterfactual,9,7000,730,approve,94,True,7,7,7,7,6,6,7,7,6,7,7,6,6.67,True,12.6,calibrated
R621,34,male,4,counterfactual,10,25000,620,deny,69,True,6,6,6,6,7,5,7,6,7,6,6,6,6.17,False,15.7,calibrated
R622,35,female,3,none,1,8000,610,deny,82,True,5,5,3,4,6,6,5,5,4,4,4,5,4.67,True,11.0,calibrated
R622,35,female,3,none,2,15000,705,approve,91,True,7,6,5,6,7,5,7,5,6,7,5,5,5.92,True,8.5,calibrated
R622,35,female,3,none,3,22000,640,approve,58,True,4,5,5,3,4,4,4,4,4,4,5,5,4.25,False,8.4,calibrated
R622,35,female,3,none,4,5000,590,deny,74,True,5,6,6,7,5,7,6,6,7,5,5,5,5.83,True,19.2,calibrated
R622,35,female,3,none,5,30000,720,approve,88,True,4,4,5,5,6,5,6,5,6,4,4,7,5.08,True,22.5,calibrated
R622,35,female,3,none,6,12000,655,deny,63,False,6,4,4,6,6,4,5,5,6,5,4,4,4.92,False,11.2,over-trust
R622,35,female,3,none,7,9000,680,approve,77,True,7,6,6,6,5,6,7,5,5,7,5,5,5.83,True,11.3,calibrated
R622,35,female,3,none,8,18000,600,approve,55,False,5,4,4,4,4,3,4,4,5,3,3,4,3.92,True,16.0,calibrated
R622,35,female,3,none,9,7000,730,approve,94,True,6,7,5,7,6,6,5,6,5,6,6,6,5.92,True,14.1,calibrated
R622,35,female,3,none,10,25000,620,deny,69,True,5,5,6,6,5,4,5,5,6,4,6,5,5.17,True,21.1,calibrated
R623,51,male,5,counterfactual,1,8000,610,deny,82,True,6,7,4,6,7,6,5,7,6,5,7,6,6,True,15.8,calibrated
R623,51,male,5,counterfactual,2,15000,705,approve,91,True,6,5,4,6,6,7,6,6,6,6,5,7,5.83,True,11.9,calibrated
R623,51,male,5,counterfactual,3,22000,640,approve,58,True,6,6,7,5,6,5,6,5,6,6,6,6,5.83,False,13.4,calibrated
R623,51,male,5,counterfactual,4,5000,590,deny,74,True,5,5,7,6,7,6,6,5,6,6,6,6,5.92,True,20.2,calibrated
R623,51,male,5,counterfactual,5,30000,720,approve,88,True,6,7,7,7,7,6,7,7,7,7,7,7,6.83,True,9.9,calibrated
R623,51,male,5,counterfactual,6,12000,655,deny,63,False,2,4,2,3,4,3,2,3,3,2,4,4,3,False,17.4,calibrated
R623,51,male,5,counterfactual,7,9000,680,approve,77,True,7,7,6,6,6,7,7,6,7,7,7,6,6.58,True,12.2,calibrated
R623,51,male,5,counterfactual,8,18000,600,approve,55,False,3,3,4,3,3,4,4,4,4,3,4,3,3.5,False,22.9,calibrated
R623,51,male,5,counterfactual,9,7000,730,approve,94,True,6,5,6,6,5,5,6,5,7,6,6,7,5.83,False,17.3,calibrated
R623,51,male,5,counterfactual,10,25000,620,deny,69,True,7,6,7,7,6,6,7,6,6,7,5,6,6.33,True,10.1,calibrated
R624,40,female,3,none,1,8000,610,deny,82,True,4,5,7,5,6,6,5,5,6,5,6,5,5.42,True,14.8,calibrated
R624,40,female,3,none,2,15000,705,approve,91,True,6,5,6,5,6,6,5,5,5,6,6,7,5.67,True,19.0,calibrated
R624,40,female,3,none,3,22000,640,approve,58,True,3,4,4,4,4,3,4,2,3,3,4,4,3.5,False,10.7,under-trust
R624,40,female,3,none,4,5000,590,deny,74,True,4,6,6,5,5,4,6,6,4,5,6,5,5.17,True,19.2,calibrated
R624,40,female,3,none,5,30000,720,approve,88,True,5,6,6,6,6,6,5,5,6,7,5,5,5.67,False,8.8,calibrated
R624,40,female,3,none,6,12000,655,deny,63,False,5,5,5,4,4,3,5,5,6,6,5,3,4.67,True,15.1,over-trust
R624,40,female,3,none,7,9000,680,approve,77,True,4,6,5,5,6,5,5,4,5,6,7,5,5.25,True,12.5,calibrated
R624,40,female,3,none,8,18000,600,approve,55,False,4,3,5,4,4,4,4,5,4,3,3,4,3.92,True,12.9,calibrated
R624,40,female,3,none,9,7000,730,approve,94,True,7,6,5,6,6,6,5,6,5,6,6,6,5.83,True,18.7,calibrated
R624,40,female,3,none,10,25000,620,deny,69,True,4,3,4,4,3,3,4,4,4,4,4,4,3.75,True,13.9,under-trust
R625,24,female,2,none,1,8000,610,deny,82,True,6,6,6,5,7,6,7,6,6,5,5,6,5.92,True,4.1,calibrated
R625,24,female,2,none,2,15000,705,approve,91,True,5,5,5,5,5,5,5,5,5,5,6,4,5,False,21.8,calibrated
R625,24,female,2,none,3,22000,640,approve,58,True,5,4,5,3,5,6,5,5,5,4,4,5,4.67,True,9.3,calibrated
R625,24,female,2,none,4,5000,590,deny,74,True,5,5,5,5,4,5,6,5,5,6,6,5,5.17,True,16.8,calibrated
R625,24,female,2,none,5,30000,720,approve,88,True,4,6,5,6,4,5,6,5,5,5,5,6,5.17,False,12.4,calibrated
R625,24,female,2,none,6,12000,655,deny,63,False,5,3,4,4,5,4,4,4,5,4,3,4,4.08,True,11.2,over-trust
R625,24,female,2,none,7,9000,680,approve,77,True,6,7,7,6,5,5,4,6,4,6,5,6,5.58,True,5.7,calibrated
R625,24,female,2,none,8,18000,600,approve,55,False,4,4,4,4,4,4,4,4,3,3,3,4,3.75,False,16.2,calibrated
R625,24,female,2,none,9,7000,730,approve,94,True,5,5,5,6,6,5,6,6,5,5,6,6,5.5,True,7.0,calibrated
R625,24,female,2,none,10,25000,620,deny,69,True,5,6,4,4,6,5,5,5,4,6,5,5,5,False,10.5,calibrated
R626,39,female,2,counterfactual,1,8000,610,deny,82,True,7,7,6,6,7,6,7,6,6,6,7,7,6.5,True,10.6,calibrated
R626,39,female,2,counterfactual,2,15000,705,approve,91,True,7,7,7,6,7,6,7,7,7,6,7,7,6.75,True,10.3,calibrated
R626,39,female,2,counterfactual,3,22000,640,approve,58,True,4,6,6,5,5,5,5,6,5,5,6,5,5.25,True,18.5,calibrated
R626,39,female,2,counterfactual,4,5000,590,deny,74,True,6,6,6,6,5,5,6,6,6,7,4,7,5.83,True,14.8,calibrated
R626,39,female,2,counterfactual,5,30000,720,approve,88,True,6,7,5,6,7,7,7,5,7,6,7,6,6.33,True,13.4,calibrated
R626,39,female,2,counterfactual,6,12000,655,deny,63,False,2,3,3,2,3,2,1,3,3,2,3,4,2.58,True,16.4,calibrated
R626,39,female,2,counterfactual,7,9000,680,approve,77,True,6,7,7,5,6,5,6,6,6,6,6,7,6.08,True,13.8,calibrated
R626,39,female,2,counterfactual,8,18000,600,approve,55,False,2,2,3,2,5,3,1,1,2,3,3,3,2.5,False,7.6,calibrated
R626,39,female,2,counterfactual,9,7000,730,approve,94,True,7,6,6,5,6,7,6,5,7,6,6,6,6.08,True,12.6,calibrated
R626,39,female,2,counterfactual,10,25000,620,deny,69,True,6,7,7,6,6,7,7,6,7,6,6,6,6.42,True,7.5,calibrated
R627,39,male,1,none,1,8000,610,deny,82,True,4,5,7,4,5,6,4,4,5,4,5,5,4.83,True,26.5,calibrated
R627,39,male,1,none,2,15000,705,approve,91,True,5,5,6,6,7,5,5,5,6,6,6,5,5.58,False,15.4,calibrated
R627,39,male,1,none,3,22000,640,approve,58,True,4,4,5,4,4,5,4,5,4,4,4,3,4.17,False,10.6,calibrated
R627,39,male,1,none,4,5000,590,deny,74,True,4,5,4,5,4,6,4,5,5,5,5,6,4.83,False,14.3,calibrated
R627,39,male,1,none,5,30000,720,approve,88,True,5,5,5,6,3,4,5,5,4,3,4,5,4.5,True,6.7,calibrated
R627,39,male,1,none,6,12000,655,deny,63,False,4,5,4,4,5,5,5,5,5,6,3,5,4.67,True,13.1,over-trust
R627,39,male,1,none,7,9000,680,approve,77,True,4,6,4,5,5,6,5,4,4,5,4,5,4.75,True,14.7,calibrated
R627,39,male,1,none,8,18000,600,approve,55,False,4,4,3,3,4,4,3,3,4,4,4,4,3.67,False,7.3,calibrated
R627,39,male,1,none,9,7000,730,approve,94,True,5,5,4,5,5,5,5,6,6,6,5,5,5.17,False,14.5,calibrated
R627,39,male,1,none,10,25000,620,deny,69,True,5,3,6,5,5,5,5,6,4,4,5,3,4.67,False,15.1,calibrated
R628,39,male,3,counterfactual,1,8000,610,deny,82,True,5,5,5,5,5,6,5,5,5,4,4,4,4.83,False,11.9,calibrated
R628,39,male,3,counterfactual,2,15000,705,approve,91,True,7,7,7,6,7,7,6,6,6,7,6,7,6.58,True,9.8,calibrated
R628,39,male,3,counterfactual,3,22000,640,approve,58,True,6,6,5,5,5,7,6,5,6,6,6,7,5.83,True,14.9,calibrated
R628,39,male,3,counterfactual,4,5000,590,deny,74,True,5,5,6,7,7,7,5,5,7,5,5,6,5.83,False,4.4,calibrated
R628,39,male,3,counterfactual,5,30000,720,approve,88,True,5,5,6,6,6,5,4,6,7,5,6,6,5.58,True,14.2,calibrated
R628,39,male,3,counterfactual,6,12000,655,deny,63,False,4,5,4,4,3,2,3,3,4,3,3,4,3.5,False,9.7,calibrated
R628,39,male,3,counterfactual,7,9000,680,approve,77,True,7,6,7,7,7,5,7,5,6,6,6,6,6.25,True,18.8,calibrated
R628,39,male,3,counterfactual,8,18000,600,approve,55,False,3,3,3,2,2,3,3,3,2,3,3,1,2.58,False,17.6,calibrated
R628,39,male,3,counterfactual,9,7000,730,approve,94,True,6,6,7,6,7,6,6,7,7,6,7,6,6.42,True,17.6,calibrated
R628,39,male,3,counterfactual,10,25000,620,deny,69,True,5,7,5,6,5,6,6,5,5,6,6,5,5.58,False,12.4,calibrated
R629,29,nonbinary,2,none,1,8000,610,deny,82,True,4,5,5,5,6,4,4,5,5,4,6,6,4.92,True,21.0,calibrated
R629,29,nonbinary,2,none,2,15000,705,approve,91,True,4,6,5,4,5,5,6,5,6,7,6,6,5.42,True,26.9,calibrated
R629,29,nonbinary,2,none,3,22000,640,approve,58,True,4,4,3,4,4,4,4,4,3,5,4,5,4,False,3,calibrated
R629,29,nonbinary,2,none,4,5000,590,deny,74,True,5,5,4,5,3,4,3,4,4,4,3,4,4,True,13.7,calibrated
R629,29,nonbinary,2,none,5,30000,720,approve,88,True,6,5,6,5,4,6,5,5,5,5,4,5,5.08,False,3,calibrated
R629,29,nonbinary,2,none,6,12000,655,deny,63,False,4,5,5,3,4,5,3,4,4,5,5,3,4.17,True,17.7,over-trust
R629,29,nonbinary,2,none,7,9000,680,approve,77,True,5,5,5,5,6,5,5,6,4,5,5,4,5,True,21.7,calibrated
R629,29,nonbinary,2,none,8,18000,600,approve,55,False,4,4,4,4,4,3,4,5,5,4,4,3,4,False,21.8,over-trust
R629,29,nonbinary,2,none,9,7000,730,approve,94,True,6,7,4,6,4,5,5,5,4,5,5,5,5.08,True,10.0,calibrated
R629,29,nonbinary,2,none,10,25000,620,deny,69,True,6,5,5,5,5,6,4,5,6,5,4,4,5,False,3,calibrated
R630,41,male,2,surface,1,8000,610,deny,82,True,5,6,7,6,6,6,4,5,5,5,5,5,5.42,False,16.0,calibrated
R630,41,male,2,surface,2,15000,705,approve,91,True,6,6,6,5,5,5,5,5,6,6,7,5,5.58,False,8.5,calibrated
R630,41,male,2,surface,3,22000,640,approve,58,True,4,5,4,6,6,6,5,6,5,5,5,5,5.17,True,16.0,calibrated
R630,41,male,2,surface,4,5000,590,deny,74,True,5,5,6,5,6,6,6,6,7,5,6,6,5.75,True,7.6,calibrated
R630,41,male,2,surface,5,30000,720,approve,88,True,5,5,7,7,6,6,5,6,6,7,6,6,6,False,19.9,calibrated
R630,41,male,2,surface,6,12000,655,deny,63,False,3,5,4,4,4,4,3,4,4,4,4,4,3.92,False,14.8,calibrated
R630,41,male,2,surface,7,9000,680,approve,77,True,6,7,6,6,7,7,7,6,6,6,5,5,6.17,False,16.0,calibrated
R630,41,male,2,surface,8,18000,600,approve,55,False,4,1,3,3,2,3,3,4,2,2,3,2,2.67,False,3.4,calibrated
R630,41,male,2,surface,9,7000,730,approve,94,True,5,7,6,7,6,6,6,6,7,6,7,7,6.33,True,10.5,calibrated
R630,41,male,2,surface,10,25000,620,deny,69,True,6,5,4,5,6,6,6,6,5,4,5,5,5.25,True,17.7,calibrated
R631,58,prefer_not_to_say,4,none,1,8000,610,deny,82,True,4,5,6,5,5,4,5,5,6,4,5,5,4.92,False,14.6,calibrated
R631,58,prefer_not_to_say,4,none,2,15000,705,approve,91,True,4,6,5,6,5,6,6,5,5,5,5,5,5.25,True,16.7,calibrated
R631,58,prefer_not_to_say,4,none,3,22000,640,approve,58,True,4,5,5,5,5,5,4,4,4,5,4,4,4.5,False,9.4,calibrated
R631,58,prefer_not_to_say,4,none,4,5000,590,deny,74,True,5,5,5,5,5,5,5,6,5,5,5,7,5.25,True,19.6,calibrated
R631,58,prefer_not_to_say,4,none,5,30000,720,approve,88,True,6,5,4,5,4,6,4,5,5,6,6,5,5.08,True,15.1,calibrated
R631,58,prefer_not_to_say,4,none,6,12000,655,deny,63,False,4,3,4,4,4,3,3,3,4,2,3,4,3.42,True,7.8,calibrated
R631,58,prefer_not_to_say,4,none,7,9000,680,approve,77,True,5,6,5,6,6,5,6,5,7,6,6,5,5.67,True,15.5,calibrated
R631,58,prefer_not_to_say,4,none,8,18000,600,approve,55,False,3,5,5,5,4,3,4,5,4,3,3,3,3.92,False,24.1,calibrated
R631,58,prefer_not_to_say,4,none,9,7000,730,approve,94,True,5,5,6,4,4,6,5,4,5,5,6,5,5,False,3.7,calibrated
R631,58,prefer_not_to_say,4,none,10,25000,620,deny,69,True,5,4,4,4,5,5,4,5,4,4,5,5,4.5,True,10.5,calibrated
R632,49,female,2,counterfactual,1,8000,610,deny,82,True,6,6,5,6,5,6,5,6,5,6,5,5,5.5,True,16.0,calibrated
R632,49,female,2,counterfactual,2,15000,705,approve,91,True,6,7,7,7,7,6,6,7,7,6,7,7,6.67,True,8.6,calibrated
R632,49,female,2,counterfactual,3,22000,640,approve,58,True,4,5,4,3,5,4,3,4,5,5,5,4,4.25,False,5.7,calibrated
R632,49,female,2,counterfactual,4,5000,590,deny,74,True,5,6,6,6,5,6,6,5,6,5,6,5,5.58,True,21.7,calibrated
R632,49,female,2,counterfactual,5,30000,720,approve,88,True,6,7,7,7,7,7,7,7,7,7,7,7,6.92,True,11.9,calibrated
R632,49,female,2,counterfactual,6,12000,655,deny,63,False,2,3,2,2,3,2,1,4,2,3,3,2,2.42,True,15.8,calibrated
R632,49,female,2,counterfactual,7,9000,680,approve,77,True,6,6,7,7,7,6,7,7,6,7,6,7,6.58,True,24.4,calibrated
R632,49,female,2,counterfactual,8,18000,600,approve,55,False,3,3,3,1,3,4,4,3,4,3,3,3,3.08,False,10.8,calibrated
R632,49,female,2,counterfactual,9,7000,730,approve,94,True,7,5,6,6,5,5,5,6,6,6,6,6,5.75,True,19.1,calibrated
R632,49,female,2,counterfactual,10,25000,620,deny,69,True,7,7,7,6,6,7,7,7,7,6,5,6,6.5,True,14.3,calibrated
R633,20,male,2,surface,1,8000,610,deny,82,True,5,5,4,5,5,4,5,5,4,4,4,6,4.67,False,6.2,calibrated
R633,20,male,2,surface,2,15000,705,approve,91,True,6,6,7,4,6,5,6,6,6,6,6,5,5.75,True,5.1,calibrated
R633,20,male,2,surface,3,22000,640,approve,58,True,5,5,5,5,5,4,6,5,5,5,6,6,5.17,True,20.6,calibrated
R633,20,male,2,surface,4,5000,590,deny,74,True,5,5,5,5,5,6,5,5,5,5,5,6,5.17,False,16.0,calibrated
R633,20,male,2,surface,5,30000,720,approve,88,True,5,6,5,5,6,6,6,6,5,5,5,6,5.5,True,16.7,calibrated
R633,20,male,2,surface,6,12000,655,deny,63,False,4,4,4,4,4,4,3,5,4,4,4,3,3.92,False,7.6,calibrated
R633,20,male,2,surface,7,9000,680,approve,77,True,6,6,5,5,6,6,6,6,6,5,5,4,5.5,True,11.9,calibrated
R633,20,male,2,surface,8,18000,600,approve,55,False,3,3,3,2,4,4,2,3,2,2,2,3,2.75,True,21.0,calibrated
R633,20,male,2,surface,9,7000,730,approve,94,True,5,6,6,6,6,6,7,6,5,5,5,7,5.83,True,21.6,calibrated
R633,20,male,2,surface,10,25000,620,deny,69,True,5,4,6,5,5,5,4,5,5,4,6,4,4.83,True,8.7,calibrated
R634,44,female,1,surface,1,8000,610,deny,82,True,6,5,4,6,6,6,6,7,6,6,6,6,5.83,True,13.8,calibrated
R634,44,female,1,surface,2,15000,705,approve,91,True,7,7,6,7,7,7,7,7,7,5,6,7,6.67,False,9.5,calibrated
R634,44,female,1,surface,3,22000,640,approve,58,True,5,4,5,3,3,4,4,5,4,4,5,4,4.17,True,14.5,calibrated
R634,44,female,1,surface,4,5000,590,deny,74,True,5,5,6,6,4,5,5,4,5,6,6,4,5.08,True,22.0,calibrated
R634,44,female,1,surface,5,30000,720,approve,88,True,6,5,4,5,5,5,4,5,6,5,5,5,5,False,14.4,calibrated
R634,44,female,1,surface,6,12000,655,deny,63,False,3,3,3,3,5,3,4,4,3,4,5,4,3.67,False,11.2,calibrated
R634,44,female,1,surface,7,9000,680,approve,77,True,6,6,6,5,7,5,6,4,6,7,7,5,5.83,True,19.3,calibrated
R634,44,female,1,surface,8,18000,600,approve,55,False,4,4,3,2,3,5,3,3,4,3,3,3,3.33,False,14.8,calibrated
R634,44,female,1,surface,9,7000,730,approve,94,True,6,5,6,6,6,4,5,6,6,6,7,5,5.67,True,3.9,calibrated
R634,44,female,1,surface,10,25000,620,deny,69,True,5,5,6,5,5,4,7,6,6,4,6,6,5.42,True,23.7,calibrated
R635,23,male,3,none,1,8000,610,deny,82,True,5,5,5,5,5,4,5,5,6,6,6,6,5.25,True,28.0,calibrated
R635,23,male,3,none,2,15000,705,approve,91,True,5,5,4,6,4,4,3,4,4,6,6,4,4.58,True,8.0,calibrated
R635,23,male,3,none,3,22000,640,approve,58,True,5,4,5,7,6,4,5,4,4,4,6,5,4.92,True,6.6,calibrated
R635,23,male,3,none,4,5000,590,deny,74,True,5,5,4,3,4,4,5,5,4,5,5,4,4.42,True,9.8,calibrated
R635,23,male,3,none,5,30000,720,approve,88,True,6,5,5,6,5,5,4,5,6,6,6,6,5.42,False,9.5,calibrated
R635,23,male,3,none,6,12000,655,deny,63,False,4,4,3,3,3,5,6,2,4,3,4,3,3.67,True,10.8,calibrated
R635,23,male,3,none,7,9000,680,approve,77,True,5,6,5,5,4,5,5,4,5,4,6,5,4.92,True,14.9,calibrated
R635,23,male,3,none,8,18000,600,approve,55,False,4,5,5,5,4,4,4,4,4,3,3,5,4.17,True,15.6,over-trust
R635,23,male,3,none,9,7000,730,approve,94,True,5,5,5,5,6,5,5,6,5,7,5,6,5.42,True,18.1,calibrated
R635,23,male,3,none,10,25000,620,deny,69,True,5,4,4,4,4,5,5,4,5,4,4,4,4.33,False,15.4,calibrated
R636,30,male,4,none,1,8000,610,deny,82,True,7,5,6,5,5,5,5,5,5,5,6,4,5.25,False,20.1,calibrated
R636,30,male,4,none,2,15000,705,approve,91,True,6,5,7,7,6,6,7,5,4,4,6,6,5.75,True,12.8,calibrated
R636,30,male,4,none,3,22000,640,approve,58,True,4,4,6,4,3,4,4,4,4,4,3,5,4.08,True,17.0,calibrated
R636,30,male,4,none,4,5000,590,deny,74,True,3,5,4,5,4,5,5,5,5,6,4,5,4.67,True,11.1,calibrated
R636,30,male,4,none,5,30000,720,approve,88,True,6,6,5,5,5,6,6,6,6,5,6,6,5.67,True,8.4,calibrated
R636,30,male,4,none,6,12000,655,deny,63,False,4,4,4,5,4,4,3,4,5,3,3,5,4,False,19.4,over-trust
R636,30,male,4,none,7,9000,680,approve,77,True,4,4,6,5,5,5,6,4,5,5,5,5,4.92,True,13.9,calibrated
R636,30,male,4,none,8,18000,600,approve,55,False,3,4,4,3,3,4,3,4,4,3,5,4,3.67,False,21.5,calibrated
R636,30,male,4,none,9,7000,730,approve,94,True,5,5,5,5,5,4,6,5,7,5,6,5,5.25,False,10.3,calibrated
R636,30,male,4,none,10,25000,620,deny,69,True,4,3,5,5,5,3,4,5,4,5,3,6,4.33,False,13.7,calibrated
R637,49,nonbinary,4,none,1,8000,610,deny,82,True,5,6,5,5,6,5,6,4,4,5,5,5,5.08,False,19.1,calibrated
R637,49,nonbinary,4,none,2,15000,705,approve,91,True,4,4,4,5,5,5,5,4,5,4,4,5,4.5,False,11.0,calibrated
R637,49,nonbinary,4,none,3,22000,640,approve,58,True,4,5,5,5,6,5,5,5,5,6,7,6,5.33,True,6.5,calibrated
R637,49,nonbinary,4,none,4,5000,590,deny,74,True,4,6,5,5,5,4,3,5,4,5,5,4,4.58,True,10.5,calibrated
R637,49,nonbinary,4,none,5,30000,720,approve,88,True,7,5,4,6,4,5,4,6,6,4,5,5,5.08,True,11.0,calibrated
R637,49,nonbinary,4,none,6,12000,655,deny,63,False,3,5,4,5,4,4,5,5,4,6,4,5,4.5,False,5.0,over-trust
R637,49,nonbinary,4,none,7,9000,680,approve,77,True,5,7,6,5,5,6,6,6,7,5,5,4,5.58,True,5.9,calibrated
R637,49,nonbinary,4,none,8,18000,600,approve,55,False,4,4,4,5,6,4,5,5,3,4,4,5,4.42,False,12.4,over-trust
R637,49,nonbinary,4,none,9,7000,730,approve,94,True,5,5,5,5,6,6,7,4,5,5,7,5,5.42,True,11.9,calibrated
R637,49,nonbinary,4,none,10,25000,620,deny,69,True,4,6,6,3,5,4,4,4,5,5,3,4,4.42,True,10.5,calibrated
R638,25,female,3,counterfactual,1,8000,610,deny,82,True,6,7,7,6,6,6,5,5,6,5,5,6,5.83,True,14.8,calibrated
R638,25,female,3,counterfactual,2,15000,705,approve,91,True,7,6,6,7,6,6,7,7,6,7,7,7,6.58,True,22.8,calibrated
R638,25,female,3,counterfactual,3,22000,640,approve,58,True,5,5,4,5,5,4,5,4,5,5,5,5,4.75,True,17.2,calibrated
R638,25,female,3,counterfactual,4,5000,590,deny,74,True,6,6,7,6,6,6,5,6,5,6,6,4,5.75,False,14.0,calibrated
R638,25,female,3,counterfactual,5,30000,720,approve,88,True,7,7,6,5,6,7,7,7,6,6,6,6,6.33,True,19.9,calibrated
R638,25,female,3,counterfactual,6,12000,655,deny,63,False,4,4,2,3,5,2,3,4,3,2,3,4,3.25,False,12.4,calibrated
R638,25,female,3,counterfactual,7,9000,680,approve,77,True,6,6,6,7,7,6,5,6,6,4,5,6,5.83,True,8.9,calibrated
R638,25,female,3,counterfactual,8,18000,600,approve,55,False,3,2,3,3,3,4,3,3,3,3,2,2,2.83,False,26.7,calibrated
R638,25,female,3,counterfactual,9,7000,730,approve,94,True,7,6,6,6,6,6,7,5,6,7,7,7,6.33,True,15.3,calibrated
R638,25,female,3,counterfactual,10,25000,620,deny,69,True,5,6,6,4,5,5,5,6,5,6,6,6,5.42,True,18.1,calibrated
R639,35,female,4,counterfactual,1,8000,610,deny,82,True,6,7,7,6,6,5,7,7,7,6,6,6,6.33,True,14.4,calibrated
R639,35,female,4,counterfactual,2,15000,705,approve,91,True,7,7,6,6,6,7,7,6,7,7,6,7,6.58,True,14.7,calibrated
R639,35,female,4,counterfactual,3,22000,640,approve,58,True,6,5,6,6,5,7,5,6,6,6,6,6,5.83,True,15.5,calibrated
R639,35,female,4,counterfactual,4,5000,590,deny,74,True,6,7,6,6,5,7,5,6,7,5,6,6,6,True,14.9,calibrated
R639,35,female,4,counterfactual,5,30000,720,approve,88,True,6,6,6,6,7,6,5,7,5,7,7,6,6.17,True,14.6,calibrated
R639,35,female,4,counterfactual,6,12000,655,deny,63,False,1,3,3,2,3,3,2,3,1,3,2,2,2.33,False,10.0,calibrated
R639,35,female,4,counterfactual,7,9000,680,approve,77,True,6,5,6,6,7,6,7,7,6,5,6,6,6.08,True,16.1,calibrated
R639,35,female,4,counterfactual,8,18000,600,approve,55,False,2,2,3,2,1,3,2,2,2,1,2,1,1.92,False,8.4,calibrated
R639,35,female,4,counterfactual,9,7000,730,approve,94,True,6,7,5,6,6,6,7,7,7,7,6,7,6.42,True,18.8,calibrated
R639,35,female,4,counterfactual,10,25000,620,deny,69,True,6,4,6,6,5,6,4,5,6,6,6,5,5.42,True,10.9,calibrated
R640,23,male,3,surface,1,8000,610,deny,82,True,5,6,5,5,5,6,7,6,7,5,4,6,5.58,True,13.7,calibrated
R640,23,male,3,surface,2,15000,705,approve,91,True,6,5,6,7,7,6,4,6,6,6,4,6,5.75,False,20.0,calibrated
R640,23,male,3,surface,3,22000,640,approve,58,True,5,4,6,5,6,5,5,5,5,5,5,6,5.17,True,19.1,calibrated
R640,23,male,3,surface,4,5000,590,deny,74,True,6,5,6,6,5,6,6,6,5,6,5,5,5.58,False,16.6,calibrated
R640,23,male,3,surface,5,30000,720,approve,88,True,5,5,5,5,6,6,5,5,7,6,5,5,5.42,True,26.0,calibrated
R640,23,male,3,surface,6,12000,655,deny,63,False,4,4,4,3,3,3,4,4,4,3,5,3,3.67,True,6.5,calibrated
R640,23,male,3,surface,7,9000,680,approve,77,True,6,6,5,7,5,7,5,6,7,7,6,5,6,True,17.0,calibrated
R640,23,male,3,surface,8,18000,600,approve,55,False,4,4,4,4,4,4,4,5,4,4,5,5,4.25,True,14.3,over-trust
R640,23,male,3,surface,9,7000,730,approve,94,True,5,7,7,7,7,6,7,7,6,6,6,6,6.42,True,19.3,calibrated
R640,23,male,3,surface,10,25000,620,deny,69,True,5,6,5,6,6,6,6,5,5,6,6,5,5.58,True,16.0,calibrated
R641,24,male,3,none,1,8000,610,deny,82,True,7,5,5,7,6,6,5,6,5,6,6,5,5.75,True,18.7,calibrated
R641,24,male,3,none,2,15000,705,approve,91,True,5,6,6,6,6,5,5,6,6,5,4,6,5.5,True,14.8,calibrated
R641,24,male,3,none,3,22000,640,approve,58,True,5,6,6,6,6,5,4,5,5,5,5,5,5.25,True,5.5,calibrated
R641,24,male,3,none,4,5000,590,deny,74,True,5,5,6,4,5,6,3,6,5,5,6,5,5.08,True,20.1,calibrated
R641,24,male,3,none,5,30000,720,approve,88,True,5,4,4,5,5,4,5,5,5,5,3,5,4.58,True,13.4,calibrated
R641,24,male,3,none,6,12000,655,deny,63,False,4,5,3,6,5,2,3,3,4,5,4,5,4.08,True,19.0,over-trust
R641,24,male,3,none,7,9000,680,approve,77,True,6,5,6,6,4,5,6,6,6,5,6,5,5.5,True,16.1,calibrated
R641,24,male,3,none,8,18000,600,approve,55,False,4,5,5,4,4,5,5,4,5,4,4,5,4.5,False,12.7,over-trust
R641,24,male,3,none,9,7000,730,approve,94,True,6,7,7,6,6,6,4,6,5,6,6,6,5.92,True,12.8,calibrated
R641,24,male,3,none,10,25000,620,deny,69,True,4,5,5,5,4,4,4,6,5,6,5,4,4.75,False,13.6,calibrated
R642,25,female,3,surface,1,8000,610,deny,82,True,5,5,7,5,5,5,6,5,6,7,6,6,5.67,True,22.2,calibrated
R642,25,female,3,surface,2,15000,705,approve,91,True,6,5,5,6,5,7,6,7,6,5,7,6,5.92,False,6.9,calibrated
R642,25,female,3,surface,3,22000,640,approve,58,True,5,6,5,7,6,6,6,5,4,4,5,5,5.33,True,15.1,calibrated
R642,25,female,3,surface,4,5000,590,deny,74,True,7,7,7,7,5,7,7,7,6,6,7,6,6.58,True,13.5,calibrated
R642,25,female,3,surface,5,30000,720,approve,88,True,6,6,6,6,7,6,7,7,6,5,7,7,6.33,False,17.3,calibrated
R642,25,female,3,surface,6,12000,655,deny,63,False,4,3,3,4,3,5,3,4,6,4,4,4,3.92,True,12.3,calibrated
R642,25,female,3,surface,7,9000,680,approve,77,True,5,6,5,6,6,7,6,5,5,6,6,5,5.67,False,9.7,calibrated
R642,25,female,3,surface,8,18000,600,approve,55,False,2,3,3,3,4,4,3,2,3,3,3,2,2.92,False,14.5,calibrated
R642,25,female,3,surface,9,7000,730,approve,94,True,6,5,6,6,5,6,6,5,6,5,7,5,5.67,False,11.2,calibrated
R642,25,female,3,surface,10,25000,620,deny,69,True,7,7,5,6,6,5,6,6,6,7,6,6,6.08,False,18.1,calibrated
R643,25,female,1,none,1,8000,610,deny,82,True,5,5,6,6,7,5,5,6,6,6,4,6,5.58,True,13.2,calibrated
R643,25,female,1,none,2,15000,705,approve,91,True,7,6,7,7,7,7,7,7,7,7,6,7,6.83,True,17.1,calibrated
R643,25,female,1,none,3,22000,640,approve,58,True,5,5,6,4,6,4,4,6,4,7,5,5,5.08,False,14.1,calibrated
R643,25,female,1,none,4,5000,590,deny,74,True,4,5,5,5,5,4,5,5,4,6,3,4,4.58,True,21.2,calibrated
R643,25,female,1,none,5,30000,720,approve,88,True,3,4,5,4,5,3,6,4,4,4,5,4,4.25,True,13.2,calibrated
R643,25,female,1,none,6,12000,655,deny,63,False,3,4,4,3,4,5,4,5,4,4,4,5,4.08,True,11.2,over-trust
R643,25,female,1,none,7,9000,680,approve,77,True,4,6,6,5,5,4,4,6,7,5,6,6,5.33,False,7.5,calibrated
R643,25,female,1,none,8,18000,600,approve,55,False,2,4,4,3,4,4,4,4,3,5,3,4,3.67,True,16.0,calibrated
R643,25,female,1,none,9,7000,730,approve,94,True,5,5,6,5,6,6,6,6,5,5,7,6,5.67,True,11.1,calibrated
R643,25,female,1,none,10,25000,620,deny,69,True,4,4,5,6,6,5,5,7,6,5,5,5,5.25,False,14.8,calibrated
R644,33,male,3,none,1,8000,610,deny,82,True,4,6,5,5,5,6,6,6,6,5,4,5,5.25,True,12.6,calibrated
R644,33,male,3,none,2,15000,705,approve,91,True,6,4,4,7,5,6,5,6,7,5,6,7,5.67,True,18.1,calibrated
R644,33,male,3,none,3,22000,640,approve,58,True,5,4,5,4,5,4,4,6,3,4,4,5,4.42,False,17.8,calibrated
R644,33,male,3,none,4,5000,590,deny,74,True,4,4,4,5,5,4,4,5,5,4,6,6,4.67,True,12.3,calibrated
R644,33,male,3,none,5,30000,720,approve,88,True,5,4,5,5,5,5,6,6,4,6,5,5,5.08,True,18.5,calibrated
R644,33,male,3,none,6,12000,655,deny,63,False,3,3,3,4,4,5,3,4,3,4,5,3,3.67,False,22.3,calibrated
R644,33,male,3,none,7,9000,680,approve,77,True,5,3,5,6,5,5,5,5,6,5,4,4,4.83,False,15.0,calibrated
R644,33,male,3,none,8,18000,600,approve,55,False,3,4,4,4,4,5,4,4,4,4,4,4,4,True,12.7,over-trust
R644,33,male,3,none,9,7000,730,approve,94,True,5,6,6,6,5,7,7,6,6,6,5,5,5.83,True,18.6,calibrated
R644,33,male,3,none,10,25000,620,deny,69,True,4,5,4,6,4,4,5,5,5,5,4,4,4.58,False,11.3,calibrated
R645,31,female,4,none,1,8000,610,deny,82,True,3,5,4,3,4,5,4,4,4,4,5,4,4.08,False,13.9,calibrated
R645,31,female,4,none,2,15000,705,approve,91,True,5,5,6,5,5,5,5,6,6,5,6,6,5.42,True,12.6,calibrated
R645,31,female,4,none,3,22000,640,approve,58,True,3,4,4,5,5,4,4,5,4,3,4,5,4.17,False,20.2,calibrated
R645,31,female,4,none,4,5000,590,deny,74,True,4,4,7,4,6,5,4,5,6,3,5,6,4.92,True,15.0,calibrated
R645,31,female,4,none,5,30000,720,approve,88,True,5,7,6,6,6,5,6,6,5,7,6,7,6,True,17.4,calibrated
R645,31,female,4,none,6,12000,655,deny,63,False,4,3,4,4,4,5,5,4,4,5,3,5,4.17,True,8.1,over-trust
R645,31,female,4,none,7,9000,680,approve,77,True,5,5,5,5,5,4,5,5,5,4,4,6,4.83,False,13.8,calibrated
R645,31,female,4,none,8,18000,600,approve,55,False,4,5,3,4,4,4,4,5,4,3,3,4,3.92,False,13.9,calibrated
R645,31,female,4,none,9,7000,730,approve,94,True,6,5,5,5,5,6,6,5,5,5,6,6,5.42,True,19.4,calibrated
R645,31,female,4,none,10,25000,620,deny,69,True,5,4,4,6,4,4,4,3,4,5,3,4,4.17,True,11.3,calibrated
R646,36,female,3,surface,1,8000,610,deny,82,True,5,4,4,5,5,3,4,6,5,5,5,6,4.75,False,10.2,calibrated
R646,36,female,3,surface,2,15000,705,approve,91,True,7,6,6,5,7,6,5,6,5,6,6,6,5.92,True,8.6,calibrated
R646,36,female,3,surface,3,22000,640,approve,58,True,5,5,4,4,5,4,5,5,6,6,4,6,4.92,True,14.3,calibrated
R646,36,female,3,surface,4,5000,590,deny,74,True,6,5,4,5,5,5,4,5,4,5,4,5,4.75,False,12.2,calibrated
R646,36,female,3,surface,5,30000,720,approve,88,True,6,4,5,6,7,6,5,5,5,6,6,5,5.5,True,7.3,calibrated
R646,36,female,3,surface,6,12000,655,deny,63,False,4,3,3,4,4,4,4,4,5,5,3,4,3.92,False,11.3,calibrated
R646,36,female,3,surface,7,9000,680,approve,77,True,7,6,6,6,6,7,6,6,4,5,6,6,5.92,True,7.4,calibrated
R646,36,female,3,surface,8,18000,600,approve,55,False,2,3,2,3,3,4,1,2,2,2,2,2,2.33,False,14.3,calibrated
R646,36,female,3,surface,9,7000,730,approve,94,True,4,5,6,5,6,5,5,5,5,6,5,5,5.17,False,26.2,calibrated
R646,36,female,3,surface,10,25000,620,deny,69,True,5,5,5,5,6,6,5,5,6,6,6,4,5.33,True,9.1,calibrated
R647,27,female,2,counterfactual,1,8000,610,deny,82,True,6,7,6,6,7,6,7,6,7,7,6,6,6.42,True,16.1,calibrated
R647,27,female,2,counterfactual,2,15000,705,approve,91,True,6,6,5,5,5,6,7,6,5,5,7,6,5.75,True,9.1,calibrated
R647,27,female,2,counterfactual,3,22000,640,approve,58,True,6,5,6,6,5,6,6,6,7,5,6,5,5.75,True,7.5,calibrated
R647,27,female,2,counterfactual,4,5000,590,deny,74,True,6,6,6,6,6,4,6,5,6,6,6,5,5.67,True,9.4,calibrated
R647,27,female,2,counterfactual,5,30000,720,approve,88,True,7,7,7,7,7,6,7,7,7,7,6,7,6.83,True,19.0,calibrated
R647,27,female,2,counterfactual,6,12000,655,deny,63,False,3,3,4,3,3,4,5,3,4,2,4,4,3.5,True,22.2,calibrated
R647,27,female,2,counterfactual,7,9000,680,approve,77,True,5,5,6,6,6,5,5,6,6,6,6,5,5.58,True,10.0,calibrated
R647,27,female,2,counterfactual,8,18000,600,approve,55,False,2,3,3,3,3,3,2,4,4,4,3,2,3,True,9.3,calibrated
R647,27,female,2,counterfactual,9,7000,730,approve,94,True,7,7,7,7,6,6,7,6,6,7,7,5,6.5,True,11.5,calibrated
R647,27,female,2,counterfactual,10,25000,620,deny,69,True,6,6,6,5,5,4,6,6,6,6,5,5,5.5,True,22.0,calibrated
R648,24,male,2,counterfactual,1,8000,610,deny,82,True,6,6,6,7,7,6,7,7,6,7,6,5,6.33,True,11.3,calibrated
R648,24,male,2,counterfactual,2,15000,705,approve,91,True,7,7,6,7,7,7,7,6,7,6,7,7,6.75,True,9.9,calibrated
R648,24,male,2,counterfactual,3,22000,640,approve,58,True,7,6,6,6,7,7,7,6,7,6,7,7,6.58,True,15.9,calibrated
R648,24,male,2,counterfactual,4,5000,590,deny,74,True,7,5,7,7,6,6,6,6,7,7,5,6,6.25,True,18.9,calibrated
R648,24,male,2,counterfactual,5,30000,720,approve,88,True,6,6,6,6,7,6,6,4,6,6,6,6,5.92,True,21.4,calibrated
R648,24,male,2,counterfactual,6,12000,655,deny,63,False,3,3,4,3,4,3,4,3,4,4,5,3,3.58,True,11.3,calibrated
R648,24,male,2,counterfactual,7,9000,680,approve,77,True,7,6,6,6,6,6,6,6,7,6,5,5,6,True,12.8,calibrated
R648,24,male,2,counterfactual,8,18000,600,approve,55,False,3,3,3,2,3,3,4,4,4,4,2,3,3.17,True,12.0,calibrated
R648,24,male,2,counterfactual,9,7000,730,approve,94,True,7,7,7,6,6,7,7,6,7,7,6,7,6.67,True,15.4,calibrated
R648,24,male,2,counterfactual,10,25000,620,deny,69,True,7,7,6,6,6,6,7,6,5,6,6,7,6.25,True,17.3,calibrated
R649,33,female,2,counterfactual,1,8000,610,deny,82,True,6,7,6,6,5,6,6,5,7,5,6,5,5.83,False,18.4,calibrated
R649,33,female,2,counterfactual,2,15000,705,approve,91,True,7,7,7,6,7,6,7,7,6,6,6,6,6.5,True,18.8,calibrated
R649,33,female,2,counterfactual,3,22000,640,approve,58,True,5,5,4,6,6,5,5,5,4,5,6,5,5.08,True,12.0,calibrated
R649,33,female,2,counterfactual,4,5000,590,deny,74,True,6,6,6,5,6,7,6,5,7,6,6,6,6,True,20.4,calibrated
R649,33,female,2,counterfactual,5,30000,720,approve,88,True,6,7,6,6,5,6,6,7,7,6,7,7,6.33,True,8.9,calibrated
R649,33,female,2,counterfactual,6,12000,655,deny,63,False,5,5,4,6,5,5,4,4,4,4,4,3,4.42,False,16.7,over-trust
R649,33,female,2,counterfactual,7,9000,680,approve,77,True,7,7,7,6,7,7,7,6,6,7,7,7,6.75,True,22.8,calibrated
R649,33,female,2,counterfactual,8,18000,600,approve,55,False,3,2,3,2,3,3,2,2,2,3,4,3,2.67,False,12.8,calibrated
R649,33,female,2,counterfactual,9,7000,730,approve,94,True,7,7,7,6,6,6,7,7,7,6,7,7,6.67,True,16.6,calibrated
R649,33,female,2,counterfactual,10,25000,620,deny,69,True,5,6,7,6,5,5,6,5,6,5,6,5,5.58,False,16.9,calibrated
R650,47,female,3,surface,1,8000,610,deny,82,True,6,5,7,7,5,5,7,6,6,6,7,6,6.08,True,17.9,calibrated
R650,47,female,3,surface,2,15000,705,approve,91,True,7,6,6,5,7,6,6,6,6,6,6,7,6.17,True,24.8,calibrated
R650,47,female,3,surface,3,22000,640,approve,58,True,5,5,6,4,6,5,4,5,5,5,5,5,5,True,16.3,calibrated
R650,47,female,3,surface,4,5000,590,deny,74,True,6,6,5,6,4,6,6,5,6,7,5,6,5.67,True,11.5,calibrated
R650,47,female,3,surface,5,30000,720,approve,88,True,4,6,6,4,5,5,6,5,5,5,6,5,5.17,False,16.2,calibrated
R650,47,female,3,surface,6,12000,655,deny,63,False,3,4,4,2,2,3,4,3,4,2,3,3,3.08,True,15.8,calibrated
R650,47,female,3,surface,7,9000,680,approve,77,True,5,5,5,6,4,6,5,6,5,5,5,5,5.17,True,12.9,calibrated
R650,47,female,3,surface,8,18000,600,approve,55,False,3,3,4,3,3,4,3,2,5,4,4,2,3.33,True,13.3,calibrated
R650,47,female,3,surface,9,7000,730,approve,94,True,7,6,6,7,7,6,7,6,6,6,6,6,6.33,True,14.5,calibrated
R650,47,female,3,surface,10,25000,620,deny,69,True,5,5,5,4,5,5,5,5,6,5,4,4,4.83,True,13.9,calibrated
R651,22,nonbinary,4,counterfactual,1,8000,610,deny,82,True,5,6,6,5,7,6,6,4,7,6,5,6,5.75,True,16.8,calibrated
R651,22,nonbinary,4,counterfactual,2,15000,705,approve,91,True,7,6,6,7,7,6,6,5,7,6,6,6,6.25,True,15.5,calibrated
R651,22,nonbinary,4,counterfactual,3,22000,640,approve,58,True,6,6,5,6,5,5,6,4,5,6,6,6,5.5,True,16.0,calibrated
R651,22,nonbinary,4,counterfactual,4,5000,590,deny,74,True,7,6,6,7,6,6,7,6,5,6,4,6,6,True,19.7,calibrated
R651,22,nonbinary,4,counterfactual,5,30000,720,approve,88,True,6,6,7,6,6,7,7,7,6,5,6,5,6.17,True,18.1,calibrated
R651,22,nonbinary,4,counterfactual,6,12000,655,deny,63,False,4,2,3,3,3,2,3,2,3,3,3,2,2.75,False,17.8,calibrated
R651,22,nonbinary,4,counterfactual,7,9000,680,approve,77,True,7,7,7,6,7,6,6,6,7,6,7,7,6.58,True,10.6,calibrated
R651,22,nonbinary,4,counterfactual,8,18000,600,approve,55,False,3,2,2,3,3,3,4,3,2,3,4,3,2.92,False,13.4,calibrated
R651,22,nonbinary,4,counterfactual,9,7000,730,approve,94,True,7,6,6,6,6,7,7,7,6,6,6,6,6.33,False,14.4,calibrated
R651,22,nonbinary,4,counterfactual,10,25000,620,deny,69,True,5,5,7,5,4,5,5,5,4,6,5,5,5.08,False,15.2,calibrated
R652,38,nonbinary,2,none,1,8000,610,deny,82,True,5,5,4,5,5,5,5,5,5,5,4,4,4.75,True,20.3,calibrated
R652,38,nonbinary,2,none,2,15000,705,approve,91,True,5,5,6,7,6,6,6,5,6,5,5,7,5.75,True,13.9,calibrated
R652,38,nonbinary,2,none,3,22000,640,approve,58,True,5,5,3,5,6,4,4,5,5,5,4,2,4.42,True,11.9,calibrated
R652,38,nonbinary,2,none,4,5000,590,deny,74,True,5,6,5,5,3,4,5,5,5,4,6,5,4.83,True,5.9,calibrated
R652,38,nonbinary,2,none,5,30000,720,approve,88,True,5,4,4,6,4,5,5,4,4,5,5,5,4.67,True,13.3,calibrated
R652,38,nonbinary,2,none,6,12000,655,deny,63,False,4,3,2,4,4,3,4,3,4,4,4,3,3.5,False,3.2,calibrated
R652,38,nonbinary,2,none,7,9000,680,approve,77,True,4,5,5,4,4,5,4,5,5,4,5,4,4.5,False,6.5,calibrated
R652,38,nonbinary,2,none,8,18000,600,approve,55,False,5,4,3,4,3,4,4,3,3,4,5,4,3.83,False,15.6,calibrated
R652,38,nonbinary,2,none,9,7000,730,approve,94,True,6,6,6,5,5,5,6,6,5,6,7,5,5.67,True,7.9,calibrated
R652,38,nonbinary,2,none,10,25000,620,deny,69,True,5,5,6,5,5,4,5,4,5,5,5,5,4.92,True,19.4,calibrated
R653,42,female,3,surface,1,8000,610,deny,82,True,6,5,5,6,5,6,7,7,6,6,6,6,5.92,True,15.5,calibrated
R653,42,female,3,surface,2,15000,705,approve,91,True,5,5,6,5,6,6,6,5,6,5,6,5,5.5,True,13.6,calibrated
R653,42,female,3,surface,3,22000,640,approve,58,True,5,6,5,5,5,5,5,5,5,5,5,5,5.08,False,15.0,calibrated
R653,42,female,3,surface,4,5000,590,deny,74,True,6,6,7,4,5,6,4,5,6,6,5,5,5.42,True,13.3,calibrated
R653,42,female,3,surface,5,30000,720,approve,88,True,5,6,6,7,6,6,6,5,7,5,7,6,6,True,14.3,calibrated
R653,42,female,3,surface,6,12000,655,deny,63,False,3,4,4,4,4,4,3,4,3,3,3,4,3.58,False,18.0,calibrated
R653,42,female,3,surface,7,9000,680,approve,77,True,6,6,4,7,7,5,7,6,7,7,7,6,6.25,True,19.8,calibrated
R653,42,female,3,surface,8,18000,600,approve,55,False,3,3,3,2,2,3,5,3,2,2,2,4,2.83,False,17.9,calibrated
R653,42,female,3,surface,9,7000,730,approve,94,True,7,7,6,7,6,5,6,5,4,6,6,6,5.92,False,20.4,calibrated
R653,42,female,3,surface,10,25000,620,deny,69,True,4,6,6,6,5,4,6,5,5,5,5,5,5.17,True,17.7,calibrated
R654,38,nonbinary,3,counterfactual,1,8000,610,deny,82,True,6,5,6,4,5,6,6,6,7,7,6,6,5.83,True,12.1,calibrated
R654,38,nonbinary,3,counterfactual,2,15000,705,approve,91,True,7,7,7,7,7,7,7,7,6,7,7,7,6.92,True,10.3,calibrated
R654,38,nonbinary,3,counterfactual,3,22000,640,approve,58,True,5,6,5,7,6,5,5,5,5,6,5,6,5.5,True,17.2,calibrated
R654,38,nonbinary,3,counterfactual,4,5000,590,deny,74,True,6,5,6,6,7,5,5,6,7,7,7,5,6,True,19.2,calibrated
R654,38,nonbinary,3,counterfactual,5,30000,720,approve,88,True,7,7,6,6,6,7,6,7,7,7,7,6,6.58,True,16.9,calibrated
R654,38,nonbinary,3,counterfactual,6,12000,655,deny,63,False,3,3,1,2,2,3,2,3,3,3,3,3,2.58,False,20.8,calibrated
R654,38,nonbinary,3,counterfactual,7,9000,680,approve,77,True,5,6,6,7,5,5,5,6,5,6,4,5,5.42,True,27.2,calibrated
R654,38,nonbinary,3,counterfactual,8,18000,600,approve,55,False,2,3,3,3,3,3,2,3,2,3,2,3,2.67,False,14.6,calibrated
R654,38,nonbinary,3,counterfactual,9,7000,730,approve,94,True,7,7,7,7,6,7,7,7,6,7,7,7,6.83,True,24.3,calibrated
R654,38,nonbinary,3,counterfactual,10,25000,620,deny,69,True,6,7,6,6,7,6,6,6,6,7,6,6,6.25,True,13.7,calibrated
R655,44,female,2,surface,1,8000,610,deny,82,True,7,5,6,7,5,7,5,5,6,4,5,6,5.67,True,18.8,calibrated
R655,44,female,2,surface,2,15000,705,approve,91,True,6,6,7,6,5,7,6,5,7,5,7,7,6.17,False,9.6,calibrated
R655,44,female,2,surface,3,22000,640,approve,58,True,6,5,5,4,4,4,4,5,6,5,6,5,4.92,True,26.0,calibrated
R655,44,female,2,surface,4,5000,590,deny,74,True,5,6,6,6,6,5,5,6,6,7,7,5,5.83,True,13.9,calibrated
R655,44,female,2,surface,5,30000,720,approve,88,True,5,7,6,4,4,6,4,5,5,5,4,4,4.92,True,16.4,calibrated
R655,44,female,2,surface,6,12000,655,deny,63,False,2,4,3,4,3,3,4,3,4,3,4,4,3.42,False,25.7,calibrated
R655,44,female,2,surface,7,9000,680,approve,77,True,6,5,5,5,5,5,4,4,5,6,6,5,5.08,True,16.4,calibrated
R655,44,female,2,surface,8,18000,600,approve,55,False,4,4,2,3,2,2,4,5,3,3,3,4,3.25,False,6.8,calibrated
R655,44,female,2,surface,9,7000,730,approve,94,True,6,5,5,6,5,6,6,6,6,5,6,6,5.67,True,13.9,calibrated
R655,44,female,2,surface,10,25000,620,deny,69,True,5,5,4,5,5,6,5,5,5,5,6,4,5,True,21.0,calibrated
R656,18,prefer_not_to_say,3,surface,1,8000,610,deny,82,True,5,5,6,6,5,6,7,5,5,6,5,5,5.5,True,16.9,calibrated
R656,18,prefer_not_to_say,3,surface,2,15000,705,approve,91,True,7,6,6,4,6,6,6,7,6,7,6,7,6.17,True,19.8,calibrated
R656,18,prefer_not_to_say,3,surface,3,22000,640,approve,58,True,5,7,6,6,6,6,6,5,4,6,5,5,5.58,True,17.8,calibrated
R656,18,prefer_not_to_say,3,surface,4,5000,590,deny,74,True,6,5,5,6,4,6,5,5,4,5,6,6,5.25,True,20.0,calibrated
R656,18,prefer_not_to_say,3,surface,5,30000,720,approve,88,True,5,6,4,5,5,5,7,7,6,5,6,7,5.67,True,19.5,calibrated
R656,18,prefer_not_to_say,3,surface,6,12000,655,deny,63,False,4,5,5,5,4,4,4,4,3,6,4,3,4.25,False,16.9,over-trust
R656,18,prefer_not_to_say,3,surface,7,9000,680,approve,77,True,6,5,5,5,6,5,6,3,6,5,6,6,5.33,False,15.3,calibrated
R656,18,prefer_not_to_say,3,surface,8,18000,600,approve,55,False,3,3,4,4,4,4,3,4,5,4,4,4,3.83,False,18.8,calibrated
R656,18,prefer_not_to_say,3,surface,9,7000,730,approve,94,True,7,7,5,6,7,5,7,5,6,6,7,5,6.08,True,4.7,calibrated
R656,18,prefer_not_to_say,3,surface,10,25000,620,deny,69,True,5,6,6,6,6,5,5,6,6,6,4,5,5.5,True,11.4,calibrated
R657,37,male,3,none,1,8000,610,deny,82,True,4,5,4,6,5,5,4,5,5,4,6,4,4.75,False,13.2,calibrated
R657,37,male,3,none,2,15000,705,approve,91,True,6,6,6,7,5,6,5,5,6,5,6,5,5.67,False,13.0,calibrated
R657,37,male,3,none,3,22000,640,approve,58,True,4,5,4,5,4,4,4,4,4,5,4,5,4.33,True,13.5,calibrated
R657,37,male,3,none,4,5000,590,deny,74,True,4,5,5,5,4,4,4,5,5,4,5,4,4.5,True,5.7,calibrated
R657,37,male,3,none,5,30000,720,approve,88,True,6,4,4,5,5,6,5,5,6,5,6,6,5.25,False,13.2,calibrated
R657,37,male,3,none,6,12000,655,deny,63,False,4,5,4,4,5,4,4,3,5,3,4,6,4.25,True,13.6,over-trust
R657,37,male,3,none,7,9000,680,approve,77,True,2,5,4,6,6,4,5,6,4,6,5,4,4.75,True,12.6,calibrated
R657,37,male,3,none,8,18000,600,approve,55,False,5,5,3,5,5,4,4,4,4,3,5,4,4.25,True,9.1,over-trust
R657,37,male,3,none,9,7000,730,approve,94,True,6,7,7,5,4,7,6,6,5,6,4,6,5.75,True,15.0,calibrated
R657,37,male,3,none,10,25000,620,deny,69,True,4,5,4,4,4,4,3,3,5,4,3,6,4.08,True,3,calibrated
R658,36,nonbinary,2,counterfactual,1,8000,610,deny,82,True,7,6,6,7,7,7,6,6,7,7,6,6,6.5,True,8.8,calibrated
R658,36,nonbinary,2,counterfactual,2,15000,705,approve,91,True,7,7,7,7,7,7,7,6,7,7,7,7,6.92,True,15.6,calibrated
R658,36,nonbinary,2,counterfactual,3,22000,640,approve,58,True,6,5,4,5,6,4,5,5,6,6,5,5,5.17,True,15.6,calibrated
R658,36,nonbinary,2,counterfactual,4,5000,590,deny,74,True,6,7,7,5,7,6,7,7,6,7,6,7,6.5,True,10.5,calibrated
R658,36,nonbinary,2,counterfactual,5,30000,720,approve,88,True,6,7,7,5,6,7,5,7,7,7,7,6,6.42,True,11.2,calibrated
R658,36,nonbinary,2,counterfactual,6,12000,655,deny,63,False,2,3,3,3,2,3,3,2,1,4,3,3,2.67,True,11.1,calibrated
R658,36,nonbinary,2,counterfactual,7,9000,680,approve,77,True,6,6,6,6,6,6,6,7,6,6,6,6,6.08,True,16.0,calibrated
R658,36,nonbinary,2,counterfactual,8,18000,600,approve,55,False,3,4,4,4,3,5,3,3,2,3,3,3,3.33,False,4.6,calibrated
R658,36,nonbinary,2,counterfactual,9,7000,730,approve,94,True,6,6,7,6,5,7,7,7,6,7,5,7,6.33,True,16.0,calibrated
R658,36,nonbinary,2,counterfactual,10,25000,620,deny,69,True,6,7,6,7,6,5,5,7,7,6,6,6,6.17,False,12.8,calibrated
R659,39,female,3,surface,1,8000,610,deny,82,True,6,7,6,6,5,6,6,7,5,7,6,7,6.17,True,20.7,calibrated
R659,39,female,3,surface,2,15000,705,approve,91,True,7,4,5,5,5,6,6,5,4,6,7,6,5.5,True,15.1,calibrated
R659,39,female,3,surface,3,22000,640,approve,58,True,3,3,4,4,5,3,5,5,4,4,4,4,4,False,14.9,calibrated
R659,39,female,3,surface,4,5000,590,deny,74,True,5,6,4,5,6,5,7,6,7,6,5,5,5.58,False,11.5,calibrated
R659,39,female,3,surface,5,30000,720,approve,88,True,6,5,7,7,5,7,6,5,5,6,6,6,5.92,True,14.6,calibrated
R659,39,female,3,surface,6,12000,655,deny,63,False,4,4,4,4,4,5,3,4,4,3,3,4,3.83,True,13.0,calibrated
R659,39,female,3,surface,7,9000,680,approve,77,True,5,5,4,5,6,6,6,6,5,5,5,6,5.33,True,9.3,calibrated
R659,39,female,3,surface,8,18000,600,approve,55,False,4,5,4,1,3,3,3,3,4,3,4,4,3.42,False,18.2,calibrated
R659,39,female,3,surface,9,7000,730,approve,94,True,4,4,6,5,7,7,5,5,5,5,4,6,5.25,False,15.5,calibrated
R659,39,female,3,surface,10,25000,620,deny,69,True,6,5,4,6,5,6,5,5,5,5,6,5,5.25,True,8.0,calibrated
R660,32,male,2,surface,1,8000,610,deny,82,True,6,7,6,6,6,6,4,5,6,6,7,6,5.92,True,17.1,calibrated
R660,32,male,2,surface,2,15000,705,approve,91,True,6,7,6,6,7,5,7,6,6,6,7,6,6.25,True,18.8,calibrated
R660,32,male,2,surface,3,22000,640,approve,58,True,4,4,5,5,4,4,4,4,4,4,3,5,4.17,False,20.5,calibrated
R660,32,male,2,surface,4,5000,590,deny,74,True,5,2,5,5,5,4,5,5,5,7,6,5,4.92,True,10.9,calibrated
R660,32,male,2,surface,5,30000,720,approve,88,True,5,5,6,6,6,7,5,6,5,5,6,5,5.58,True,22.2,calibrated
R660,32,male,2,surface,6,12000,655,deny,63,False,3,3,2,4,3,3,4,4,4,4,4,4,3.5,False,12.4,calibrated
R660,32,male,2,surface,7,9000,680,approve,77,True,5,6,6,7,5,7,5,6,7,5,6,4,5.75,True,20.7,calibrated
R660,32,male,2,surface,8,18000,600,approve,55,False,3,2,4,3,3,3,2,4,3,2,2,2,2.75,True,7.1,calibrated
R660,32,male,2,surface,9,7000,730,approve,94,True,6,6,6,5,7,6,5,5,5,5,6,4,5.5,True,10.0,calibrated
R660,32,male,2,surface,10,25000,620,deny,69,True,5,5,4,4,4,4,4,5,5,4,5,4,4.42,True,18.7,calibrated
R661,51,female,4,counterfactual,1,8000,610,deny,82,True,6,7,5,7,7,7,7,7,6,7,6,7,6.58,True,11.0,calibrated
R661,51,female,4,counterfactual,2,15000,705,approve,91,True,7,7,7,7,7,7,7,6,6,7,7,7,6.83,True,17.5,calibrated
R661,51,female,4,counterfactual,3,22000,640,approve,58,True,6,6,6,5,6,5,6,6,5,5,5,5,5.5,True,20.3,calibrated
R661,51,female,4,counterfactual,4,5000,590,deny,74,True,7,7,6,7,7,7,7,6,7,7,7,6,6.75,True,18.2,calibrated
R661,51,female,4,counterfactual,5,30000,720,approve,88,True,5,7,6,6,5,7,7,7,6,7,6,7,6.33,True,11.9,calibrated
R661,51,female,4,counterfactual,6,12000,655,deny,63,False,3,3,4,4,3,3,1,3,4,4,5,4,3.42,False,20.5,calibrated
R661,51,female,4,counterfactual,7,9000,680,approve,77,True,6,6,5,7,6,6,5,6,6,5,5,5,5.67,True,7.5,calibrated
R661,51,female,4,counterfactual,8,18000,600,approve,55,False,3,3,2,1,3,4,3,3,2,2,3,3,2.67,True,10.1,calibrated
R661,51,female,4,counterfactual,9,7000,730,approve,94,True,6,7,6,6,6,6,7,7,6,6,7,6,6.33,True,11.9,calibrated
R661,51,female,4,counterfactual,10,25000,620,deny,69,True,7,6,7,6,6,7,5,7,5,5,5,6,6,True,17.7,calibrated
R662,39,female,4,counterfactual,1,8000,610,deny,82,True,6,6,5,6,6,6,7,7,5,4,6,7,5.92,True,11.2,calibrated
R662,39,female,4,counterfactual,2,15000,705,approve,91,True,7,6,7,7,6,5,5,5,7,5,6,6,6,True,12.9,calibrated
R662,39,female,4,counterfactual,3,22000,640,approve,58,True,5,5,6,6,5,7,4,6,6,5,5,5,5.42,True,14.8,calibrated
R662,39,female,4,counterfactual,4,5000,590,deny,74,True,6,5,7,7,6,6,6,6,5,6,7,5,6,True,16.5,calibrated
R662,39,female,4,counterfactual,5,30000,720,approve,88,True,7,7,6,6,5,6,7,7,7,6,7,7,6.5,True,13.8,calibrated
R662,39,female,4,counterfactual,6,12000,655,deny,63,False,3,3,4,3,3,3,2,3,3,2,3,4,3,False,9.2,calibrated
R662,39,female,4,counterfactual,7,9000,680,approve,77,True,5,6,6,6,6,5,6,7,6,5,5,7,5.83,False,19.7,calibrated
R662,39,female,4,counterfactual,8,18000,600,approve,55,False,4,2,2,3,3,3,3,4,4,4,2,3,3.08,False,14.7,calibrated
R662,39,female,4,counterfactual,9,7000,730,approve,94,True,7,7,7,7,7,7,6,7,6,7,7,6,6.75,True,10.7,calibrated
R662,39,female,4,counterfactual,10,25000,620,deny,69,True,6,6,6,5,5,6,6,6,6,7,6,6,5.92,True,19.9,calibrated
R663,28,prefer_not_to_say,3,surface,1,8000,610,deny,82,True,5,6,6,5,6,6,5,6,6,5,6,5,5.58,True,14.6,calibrated
R663,28,prefer_not_to_say,3,surface,2,15000,705,approve,91,True,5,5,5,5,6,4,6,5,5,5,6,6,5.25,False,8.9,calibrated
R663,28,prefer_not_to_say,3,surface,3,22000,640,approve,58,True,5,6,3,5,4,4,4,4,5,4,5,5,4.5,True,18.6,calibrated
R663,28,prefer_not_to_say,3,surface,4,5000,590,deny,74,True,5,6,6,6,6,6,6,5,7,5,6,7,5.92,True,18.9,calibrated
R663,28,prefer_not_to_say,3,surface,5,30000,720,approve,88,True,6,7,7,6,7,7,7,6,7,6,6,6,6.5,True,15.2,calibrated
R663,28,prefer_not_to_say,3,surface,6,12000,655,deny,63,False,3,4,5,3,4,4,4,3,4,5,3,4,3.83,False,11.0,calibrated
R663,28,prefer_not_to_say,3,surface,7,9000,680,approve,77,True,6,4,7,5,6,5,5,4,5,5,5,4,5.08,True,19.4,calibrated
R663,28,prefer_not_to_say,3,surface,8,18000,600,approve,55,False,3,3,4,4,2,3,5,3,3,3,3,4,3.33,False,16.2,calibrated
R663,28,prefer_not_to_say,3,surface,9,7000,730,approve,94,True,7,6,7,5,5,6,6,5,6,6,5,5,5.75,False,8.4,calibrated
R663,28,prefer_not_to_say,3,surface,10,25000,620,deny,69,True,4,5,5,4,5,5,5,4,4,5,6,4,4.67,True,11.7,calibrated
R664,49,male,3,none,1,8000,610,deny,82,True,5,5,3,4,5,3,5,3,4,5,5,6,4.42,True,12.8,calibrated
R664,49,male,3,none,2,15000,705,approve,91,True,6,5,5,7,6,5,5,6,6,6,5,6,5.67,True,3.6,calibrated
R664,49,male,3,none,3,22000,640,approve,58,True,3,4,4,5,5,6,4,4,3,4,4,3,4.08,False,18.8,calibrated
R664,49,male,3,none,4,5000,590,deny,74,True,5,5,5,4,5,4,5,4,3,5,6,5,4.67,False,4.8,calibrated
R664,49,male,3,none,5,30000,720,approve,88,True,5,6,5,7,7,6,6,6,7,5,6,6,6,True,16.8,calibrated
R664,49,male,3,none,6,12000,655,deny,63,False,5,4,5,5,4,4,4,5,5,5,4,3,4.42,True,16.8,over-trust
R664,49,male,3,none,7,9000,680,approve,77,True,5,5,5,5,5,6,5,5,5,5,6,5,5.17,False,10.8,calibrated
R664,49,male,3,none,8,18000,600,approve,55,False,4,3,4,3,3,3,4,4,3,3,4,5,3.58,False,13.4,calibrated
R664,49,male,3,none,9,7000,730,approve,94,True,6,6,5,4,5,3,4,6,6,5,5,5,5,True,16.7,calibrated
R664,49,male,3,none,10,25000,620,deny,69,True,6,5,5,4,6,5,4,3,4,5,5,4,4.67,True,13.0,calibrated
R665,30,female,3,surface,1,8000,610,deny,82,True,7,6,6,5,6,5,5,7,6,6,7,7,6.08,False,12.0,calibrated
R665,30,female,3,surface,2,15000,705,approve,91,True,6,6,5,6,7,6,6,6,7,6,7,5,6.08,True,13.4,calibrated
R665,30,female,3,surface,3,22000,640,approve,58,True,5,6,6,5,6,5,5,4,5,5,6,6,5.33,False,8.7,calibrated
R665,30,female,3,surface,4,5000,590,deny,74,True,4,5,6,6,5,5,5,4,4,5,3,3,4.58,True,10.5,calibrated
R665,30,female,3,surface,5,30000,720,approve,88,True,5,6,6,6,6,6,7,6,6,6,5,7,6,True,13.2,calibrated
R665,30,female,3,surface,6,12000,655,deny,63,False,4,4,3,6,2,4,4,4,3,4,4,4,3.83,False,11.9,calibrated
R665,30,female,3,surface,7,9000,680,approve,77,True,6,6,5,5,6,6,6,5,5,6,5,6,5.58,False,16.6,calibrated
R665,30,female,3,surface,8,18000,600,approve,55,False,5,6,4,4,4,4,4,4,4,4,3,3,4.08,False,23.1,over-trust
R665,30,female,3,surface,9,7000,730,approve,94,True,5,6,6,6,6,7,7,5,5,6,6,5,5.83,True,9.8,calibrated
R665,30,female,3,surface,10,25000,620,deny,69,True,5,4,6,4,5,5,5,7,5,6,5,5,5.17,True,11.6,calibrated
R666,41,male,3,counterfactual,1,8000,610,deny,82,True,6,6,7,6,6,7,5,6,7,7,7,6,6.33,True,12.8,calibrated
R666,41,male,3,counterfactual,2,15000,705,approve,91,True,6,7,6,5,5,6,7,5,6,5,7,7,6,True,18.4,calibrated
R666,41,male,3,counterfactual,3,22000,640,approve,58,True,5,5,6,5,5,6,3,5,4,5,5,4,4.83,True,15.6,calibrated
R666,41,male,3,counterfactual,4,5000,590,deny,74,True,5,5,6,5,5,4,5,6,6,5,6,5,5.25,True,17.2,calibrated
R666,41,male,3,counterfactual,5,30000,720,approve,88,True,7,7,7,6,7,7,7,7,7,7,7,7,6.92,True,12.0,calibrated
R666,41,male,3,counterfactual,6,12000,655,deny,63,False,3,3,4,2,3,3,4,4,3,2,3,3,3.08,False,14.7,calibrated
R666,41,male,3,counterfactual,7,9000,680,approve,77,True,7,5,6,6,6,6,6,6,6,5,7,6,6,True,13.8,calibrated
R666,41,male,3,counterfactual,8,18000,600,approve,55,False,2,3,2,3,2,1,4,2,2,3,3,2,2.42,False,15.8,calibrated
R666,41,male,3,counterfactual,9,7000,730,approve,94,True,7,7,7,7,6,7,7,6,7,7,7,7,6.83,True,19.8,calibrated
R666,41,male,3,counterfactual,10,25000,620,deny,69,True,7,6,5,6,6,6,5,6,5,6,6,5,5.75,False,17.3,calibrated
R667,37,male,3,surface,1,8000,610,deny,82,True,4,5,5,5,4,4,5,5,4,7,5,4,4.75,True,19.8,calibrated
R667,37,male,3,surface,2,15000,705,approve,91,True,6,4,5,6,5,4,6,6,5,5,6,6,5.33,True,10.6,calibrated
R667,37,male,3,surface,3,22000,640,approve,58,True,5,4,4,4,4,5,6,4,5,4,5,5,4.58,True,6.2,calibrated
R667,37,male,3,surface,4,5000,590,deny,74,True,5,5,5,5,6,6,5,5,6,6,6,5,5.42,True,14.8,calibrated
R667,37,male,3,surface,5,30000,720,approve,88,True,6,6,7,5,6,5,5,6,5,6,6,6,5.75,True,12.0,calibrated
R667,37,male,3,surface,6,12000,655,deny,63,False,3,4,3,4,4,2,3,3,4,5,4,4,3.58,False,16.3,calibrated
R667,37,male,3,surface,7,9000,680,approve,77,True,6,6,5,5,5,7,6,4,6,6,6,5,5.58,True,8.4,calibrated
R667,37,male,3,surface,8,18000,600,approve,55,False,3,3,3,3,2,4,4,2,3,3,3,2,2.92,False,3,calibrated
R667,37,male,3,surface,9,7000,730,approve,94,True,6,5,5,5,6,5,5,5,5,6,5,6,5.33,False,12.1,calibrated
R667,37,male,3,surface,10,25000,620,deny,69,True,4,4,4,4,4,6,4,4,6,3,5,5,4.42,True,15.4,calibrated
R668,35,female,4,surface,1,8000,610,deny,82,True,7,7,5,6,6,5,5,5,5,6,5,6,5.67,True,15.4,calibrated
R668,35,female,4,surface,2,15000,705,approve,91,True,4,6,5,5,4,5,5,5,6,5,6,4,5,False,16.5,calibrated
R668,35,female,4,surface,3,22000,640,approve,58,True,4,5,4,6,5,5,4,5,5,5,5,5,4.83,False,9.7,calibrated
R668,35,female,4,surface,4,5000,590,deny,74,True,4,4,4,4,5,6,3,5,4,4,3,5,4.25,False,16.4,calibrated
R668,35,female,4,surface,5,30000,720,approve,88,True,6,5,6,6,6,5,6,4,5,6,7,5,5.58,True,14.7,calibrated
R668,35,female,4,surface,6,12000,655,deny,63,False,4,4,4,4,4,3,4,4,5,3,3,4,3.83,True,18.0,calibrated
R668,35,female,4,surface,7,9000,680,approve,77,True,5,5,7,5,6,5,5,7,5,4,6,5,5.42,True,12.5,calibrated
R668,35,female,4,surface,8,18000,600,approve,55,False,4,4,3,4,4,3,3,4,4,4,4,4,3.75,False,15.0,calibrated
R668,35,female,4,surface,9,7000,730,approve,94,True,4,5,5,6,6,7,7,7,5,5,5,6,5.67,True,20.9,calibrated
R668,35,female,4,surface,10,25000,620,deny,69,True,5,5,4,5,4,5,4,4,5,4,5,5,4.58,True,6.5,calibrated
R669,43,male,3,counterfactual,1,8000,610,deny,82,True,6,6,7,6,6,7,7,6,6,5,6,7,6.25,True,9.7,calibrated
R669,43,male,3,counterfactual,2,15000,705,approve,91,True,5,6,7,6,6,6,5,7,5,7,6,6,6,False,8.5,calibrated
R669,43,male,3,counterfactual,3,22000,640,approve,58,True,6,5,6,5,6,6,6,5,6,6,5,6,5.67,True,5.9,calibrated
R669,43,male,3,counterfactual,4,5000,590,deny,74,True,6,5,5,5,5,6,6,6,6,5,6,6,5.58,True,10.0,calibrated
R669,43,male,3,counterfactual,5,30000,720,approve,88,True,6,7,6,7,6,5,6,7,6,6,7,4,6.08,True,11.3,calibrated
R669,43,male,3,counterfactual,6,12000,655,deny,63,False,3,5,4,3,3,3,4,4,3,4,3,4,3.58,False,10.5,calibrated
R669,43,male,3,counterfactual,7,9000,680,approve,77,True,5,5,6,5,5,6,6,6,6,5,6,6,5.58,True,8.0,calibrated
R669,43,male,3,counterfactual,8,18000,600,approve,55,False,2,3,2,3,3,3,4,3,3,3,2,2,2.75,True,19.2,calibrated
R669,43,male,3,counterfactual,9,7000,730,approve,94,True,5,6,6,7,7,6,6,5,6,7,7,7,6.25,True,7.2,calibrated
R669,43,male,3,counterfactual,10,25000,620,deny,69,True,7,6,7,6,6,7,5,5,6,6,6,6,6.08,False,12.4,calibrated
R670,21,male,3,none,1,8000,610,deny,82,True,6,4,5,6,6,7,6,5,5,6,5,7,5.67,True,4.3,calibrated
R670,21,male,3,none,2,15000,705,approve,91,True,5,5,7,6,5,6,6,7,5,7,5,6,5.83,True,13.3,calibrated
R670,21,male,3,none,3,22000,640,approve,58,True,5,4,5,6,6,5,5,5,4,5,5,5,5,True,12.5,calibrated
R670,21,male,3,none,4,5000,590,deny,74,True,5,6,4,6,6,6,6,4,6,4,5,4,5.17,True,15.4,calibrated
R670,21,male,3,none,5,30000,720,approve,88,True,4,4,5,4,3,4,4,4,3,3,4,4,3.83,True,11.2,under-trust
R670,21,male,3,none,6,12000,655,deny,63,False,5,4,4,6,4,5,6,4,4,4,4,5,4.58,False,7.7,over-trust
R670,21,male,3,none,7,9000,680,approve,77,True,5,5,4,3,4,6,5,4,4,4,4,3,4.25,False,10.1,calibrated
R670,21,male,3,none,8,18000,600,approve,55,False,5,5,5,5,5,5,3,5,5,3,5,5,4.67,False,17.7,over-trust
R670,21,male,3,none,9,7000,730,approve,94,True,5,5,6,5,7,6,6,5,6,5,4,6,5.5,False,14.5,calibrated
R670,21,male,3,none,10,25000,620,deny,69,True,5,5,5,5,5,4,5,4,5,6,7,5,5.08,True,13.4,calibrated
R671,21,male,2,none,1,8000,610,deny,82,True,6,6,7,5,5,6,6,7,7,6,7,5,6.08,True,17.4,calibrated
R671,21,male,2,none,2,15000,705,approve,91,True,5,7,6,6,6,7,4,6,7,6,5,5,5.83,True,9.7,calibrated
R671,21,male,2,none,3,22000,640,approve,58,True,4,5,3,5,4,4,5,4,4,6,5,4,4.42,False,15.5,calibrated
R671,21,male,2,none,4,5000,590,deny,74,True,5,5,5,5,6,4,5,6,6,6,4,5,5.17,True,18.3,calibrated
R671,21,male,2,none,5,30000,720,approve,88,True,5,6,5,6,6,5,5,5,5,6,5,6,5.42,True,8.2,calibrated
R671,21,male,2,none,6,12000,655,deny,63,False,5,3,3,4,3,3,5,3,4,4,4,4,3.75,True,12.2,calibrated
R671,21,male,2,none,7,9000,680,approve,77,True,5,4,5,6,6,5,5,6,5,4,5,7,5.25,True,21.3,calibrated
R671,21,male,2,none,8,18000,600,approve,55,False,3,4,3,3,4,3,4,5,3,5,3,3,3.58,False,3.2,calibrated
R671,21,male,2,none,9,7000,730,approve,94,True,7,7,5,6,5,5,5,5,4,6,5,6,5.5,True,16.7,calibrated
R671,21,male,2,none,10,25000,620,deny,69,True,5,5,7,6,6,5,6,6,7,6,5,5,5.75,True,18.1,calibrated
R672,46,male,3,none,1,8000,610,deny,82,True,5,6,5,5,5,6,5,5,5,7,5,4,5.25,False,11.2,calibrated
R672,46,male,3,none,2,15000,705,approve,91,True,6,5,6,4,6,7,6,5,6,5,5,6,5.58,True,15.1,calibrated
R672,46,male,3,none,3,22000,640,approve,58,True,3,4,5,3,3,4,4,4,5,4,4,5,4,True,15.6,calibrated
R672,46,male,3,none,4,5000,590,deny,74,True,4,6,6,5,6,6,5,5,6,5,5,5,5.33,True,10.1,calibrated
R672,46,male,3,none,5,30000,720,approve,88,True,5,5,5,4,5,6,6,4,6,6,5,7,5.33,False,19.1,calibrated
R672,46,male,3,none,6,12000,655,deny,63,False,4,3,4,3,3,3,3,3,3,5,3,4,3.42,True,17.8,calibrated
R672,46,male,3,none,7,9000,680,approve,77,True,5,4,6,6,4,7,5,6,3,4,4,5,4.92,False,10.8,calibrated
R672,46,male,3,none,8,18000,600,approve,55,False,5,4,5,4,6,5,4,5,5,4,4,4,4.58,True,9.3,over-trust
R672,46,male,3,none,9,7000,730,approve,94,True,6,7,6,6,5,4,4,5,4,6,5,5,5.25,False,17.7,calibrated
R672,46,male,3,none,10,25000,620,deny,69,True,4,6,5,5,7,5,4,5,7,5,5,6,5.33,True,14.6,calibrated
R673,47,male,4,none,1,8000,610,deny,82,True,4,4,5,7,6,4,4,4,5,6,4,4,4.75,False,24.5,calibrated
R673,47,male,4,none,2,15000,705,approve,91,True,6,6,5,6,6,7,6,7,6,6,7,6,6.17,True,19.5,calibrated
R673,47,male,4,none,3,22000,640,approve,58,True,5,4,5,5,4,5,5,6,5,6,5,6,5.08,True,9.3,calibrated
R673,47,male,4,none,4,5000,590,deny,74,True,5,5,4,5,5,5,4,3,5,4,5,4,4.5,True,16.4,calibrated
R673,47,male,4,none,5,30000,720,approve,88,True,5,5,5,6,6,5,5,5,6,5,6,7,5.5,True,7.7,calibrated
R673,47,male,4,none,6,12000,655,deny,63,False,3,3,4,4,4,2,4,4,3,3,2,3,3.25,False,8.8,calibrated
R673,47,male,4,none,7,9000,680,approve,77,True,6,6,4,5,6,5,6,6,6,6,7,5,5.67,False,16.2,calibrated
R673,47,male,4,none,8,18000,600,approve,55,False,6,4,6,5,5,4,4,5,3,3,4,5,4.5,True,21.1,over-trust
R673,47,male,4,none,9,7000,730,approve,94,True,6,6,6,6,5,4,5,4,6,5,7,6,5.5,False,15.6,calibrated
R673,47,male,4,none,10,25000,620,deny,69,True,5,4,5,7,6,4,4,6,6,5,5,6,5.25,False,8.0,calibrated
R674,43,male,3,counterfactual,1,8000,610,deny,82,True,5,6,6,5,6,7,7,6,6,7,6,6,6.08,True,13.6,calibrated
R674,43,male,3,counterfactual,2,15000,705,approve,91,True,6,7,7,6,7,6,6,6,6,7,7,7,6.5,True,19.7,calibrated
R674,43,male,3,counterfactual,3,22000,640,approve,58,True,6,6,4,6,7,6,6,6,6,6,7,5,5.92,True,15.7,calibrated
R674,43,male,3,counterfactual,4,5000,590,deny,74,True,6,7,6,6,6,6,7,6,6,5,6,6,6.08,True,16.1,calibrated
R674,43,male,3,counterfactual,5,30000,720,approve,88,True,7,6,7,7,7,6,7,6,7,7,5,6,6.5,True,6.0,calibrated
R674,43,male,3,counterfactual,6,12000,655,deny,63,False,3,3,3,2,4,3,3,2,3,2,3,3,2.83,True,13.5,calibrated
R674,43,male,3,counterfactual,7,9000,680,approve,77,True,6,5,6,5,6,7,7,6,7,5,6,6,6,True,14.8,calibrated
R674,43,male,3,counterfactual,8,18000,600,approve,55,False,3,4,4,4,3,2,3,2,4,3,3,3,3.17,True,13.9,calibrated
R674,43,male,3,counterfactual,9,7000,730,approve,94,True,7,5,6,6,7,6,7,6,6,7,7,7,6.42,True,6.0,calibrated
R674,43,male,3,counterfactual,10,25000,620,deny,69,True,6,6,5,6,6,6,6,5,7,5,4,7,5.75,True,17.9,calibrated
R675,32,male,2,counterfactual,1,8000,610,deny,82,True,6,6,7,6,7,5,7,7,6,7,6,6,6.33,True,19.2,calibrated
R675,32,male,2,counterfactual,2,15000,705,approve,91,True,6,7,6,5,6,6,6,6,7,7,7,5,6.17,True,20.5,calibrated
R675,32,male,2,counterfactual,3,22000,640,approve,58,True,5,6,5,4,6,6,5,6,6,6,6,6,5.58,False,13.9,calibrated
R675,32,male,2,counterfactual,4,5000,590,deny,74,True,6,6,4,6,5,6,7,6,6,6,5,7,5.83,True,12.7,calibrated
R675,32,male,2,counterfactual,5,30000,720,approve,88,True,7,7,6,7,6,6,6,6,7,6,7,7,6.5,True,10.4,calibrated
R675,32,male,2,counterfactual,6,12000,655,deny,63,False,2,2,3,3,2,4,3,4,2,3,2,3,2.75,False,19.3,calibrated
R675,32,male,2,counterfactual,7,9000,680,approve,77,True,5,5,5,4,6,6,6,5,5,6,7,6,5.5,True,12.6,calibrated
R675,32,male,2,counterfactual,8,18000,600,approve,55,False,5,4,3,4,5,3,4,3,4,4,5,4,4,True,3,over-trust
R675,32,male,2,counterfactual,9,7000,730,approve,94,True,7,7,6,6,7,7,7,6,7,7,6,7,6.67,True,18.4,calibrated
R675,32,male,2,counterfactual,10,25000,620,deny,69,True,6,6,6,7,5,5,6,6,6,7,7,7,6.17,True,15.5,calibrated
R676,32,female,4,surface,1,8000,610,deny,82,True,5,7,5,6,5,5,5,7,5,5,6,6,5.58,True,8.2,calibrated
R676,32,female,4,surface,2,15000,705,approve,91,True,5,7,5,7,7,6,6,5,7,6,4,6,5.92,False,16.0,calibrated
R676,32,female,4,surface,3,22000,640,approve,58,True,5,5,6,5,6,6,5,4,6,5,5,5,5.25,True,3.4,calibrated
R676,32,female,4,surface,4,5000,590,deny,74,True,5,5,4,6,5,5,5,5,5,3,5,4,4.75,True,11.7,calibrated
R676,32,female,4,surface,5,30000,720,approve,88,True,4,6,6,6,7,5,6,5,4,6,5,6,5.5,True,3.4,calibrated
R676,32,female,4,surface,6,12000,655,deny,63,False,3,3,5,5,4,4,4,4,4,3,4,3,3.83,False,13.4,calibrated
R676,32,female,4,surface,7,9000,680,approve,77,True,5,5,7,7,6,5,7,7,6,7,6,5,6.08,True,17.8,calibrated
R676,32,female,4,surface,8,18000,600,approve,55,False,2,3,5,4,4,3,3,4,4,3,5,3,3.58,True,21.2,calibrated
R676,32,female,4,surface,9,7000,730,approve,94,True,6,6,5,6,5,6,6,6,5,5,7,6,5.75,True,18.0,calibrated
R676,32,female,4,surface,10,25000,620,deny,69,True,6,5,5,5,6,6,5,5,5,5,5,6,5.33,True,7.2,calibrated
R677,58,nonbinary,2,none,1,8000,610,deny,82,True,4,4,5,5,5,4,5,5,5,5,5,5,4.75,True,21.5,calibrated
R677,58,nonbinary,2,none,2,15000,705,approve,91,True,4,5,5,7,5,4,6,5,6,5,6,6,5.33,False,10.4,calibrated
R677,58,nonbinary,2,none,3,22000,640,approve,58,True,5,4,5,5,5,6,5,4,6,4,5,6,5,False,8.9,calibrated
R677,58,nonbinary,2,none,4,5000,590,deny,74,True,6,4,4,4,4,3,4,5,5,4,5,4,4.33,False,23.4,calibrated
R677,58,nonbinary,2,none,5,30000,720,approve,88,True,4,5,5,4,6,5,4,4,4,5,4,4,4.5,False,10.0,calibrated
R677,58,nonbinary,2,none,6,12000,655,deny,63,False,6,5,5,5,4,5,4,4,4,4,3,5,4.5,True,17.2,over-trust
R677,58,nonbinary,2,none,7,9000,680,approve,77,True,6,7,6,5,6,5,6,5,6,6,6,5,5.75,True,20.8,calibrated
R677,58,nonbinary,2,none,8,18000,600,approve,55,False,4,4,5,5,3,3,3,4,4,3,4,5,3.92,True,18.0,calibrated
R677,58,nonbinary,2,none,9,7000,730,approve,94,True,6,6,6,6,5,7,7,6,5,5,7,7,6.08,True,12.3,calibrated
R677,58,nonbinary,2,none,10,25000,620,deny,69,True,4,4,5,5,3,5,5,5,4,5,5,4,4.5,False,8.5,calibrated
R678,39,male,4,surface,1,8000,610,deny,82,True,5,6,6,6,6,7,5,6,6,5,6,6,5.83,True,9.0,calibrated
R678,39,male,4,surface,2,15000,705,approve,91,True,6,6,5,6,6,6,5,7,7,5,7,7,6.08,False,24.1,calibrated
R678,39,male,4,surface,3,22000,640,approve,58,True,6,5,4,5,4,5,6,5,4,6,5,4,4.92,True,12.2,calibrated
R678,39,male,4,surface,4,5000,590,deny,74,True,4,4,4,6,6,4,5,6,4,4,5,6,4.83,False,23.6,calibrated
R678,39,male,4,surface,5,30000,720,approve,88,True,7,5,7,5,5,5,6,6,5,5,7,5,5.67,True,17.0,calibrated
R678,39,male,4,surface,6,12000,655,deny,63,False,3,4,4,3,4,4,4,5,4,4,4,4,3.92,False,10.5,calibrated
R678,39,male,4,surface,7,9000,680,approve,77,True,6,5,5,4,5,4,5,6,6,6,6,6,5.33,True,16.3,calibrated
R678,39,male,4,surface,8,18000,600,approve,55,False,2,2,4,2,4,3,3,4,3,3,5,3,3.17,True,10.2,calibrated
R678,39,male,4,surface,9,7000,730,approve,94,True,6,6,5,5,5,5,6,5,6,5,7,6,5.58,False,12.1,calibrated
R678,39,male,4,surface,10,25000,620,deny,69,True,5,4,6,4,5,6,5,5,4,5,5,6,5,True,8.2,calibrated
